V1,V2,V3,Label,Cycle,Timestamp,ElapsedSec
10.23,52.65,5.15,NO LOAD,1,23:15:24,12.65
10.55,87.54,8.3,NO LOAD,1,23:15:24,12.65
9.63,80.74,8.39,NO LOAD,1,23:15:24,12.65
11.03,58.6,5.31,NO LOAD,1,23:15:24,12.66
10.64,57.62,5.41,NO LOAD,1,23:15:24,12.66
11.0,70.87,6.44,NO LOAD,1,23:15:24,12.66
10.65,56.94,5.34,NO LOAD,1,23:15:24,12.66
10.22,59.39,5.81,NO LOAD,1,23:15:24,12.66
11.48,64.61,5.63,NO LOAD,1,23:15:24,12.66
11.74,81.94,6.98,NO LOAD,1,23:15:24,12.66
11.12,57.2,5.15,NO LOAD,1,23:15:24,12.66
10.29,55.98,5.44,NO LOAD,1,23:15:24,12.66
10.74,65.38,6.09,NO LOAD,1,23:15:24,12.66
11.44,66.18,5.78,NO LOAD,1,23:15:24,12.67
10.73,58.19,5.42,NO LOAD,1,23:15:24,12.67
10.47,60.38,5.77,NO LOAD,1,23:15:24,12.67
11.16,55.08,4.94,NO LOAD,1,23:15:24,12.67
12.3,59.89,4.87,NO LOAD,1,23:15:24,12.67
11.07,59.14,5.35,NO LOAD,1,23:15:24,12.67
10.65,54.09,5.08,NO LOAD,1,23:15:24,12.67
11.82,63.01,5.33,NO LOAD,1,23:15:24,12.67
11.53,57.12,4.95,NO LOAD,1,23:15:24,12.68
10.89,88.77,8.15,NO LOAD,1,23:15:24,12.68
10.65,56.2,5.28,NO LOAD,1,23:15:24,12.68
10.25,60.77,5.93,NO LOAD,1,23:15:24,12.68
11.11,54.87,4.94,NO LOAD,1,23:15:24,12.8
11.94,80.95,6.78,NO LOAD,1,23:15:25,13.39
10.72,57.03,5.32,NO LOAD,1,23:15:26,13.97
11.49,58.98,5.14,NO LOAD,1,23:15:26,14.56
11.47,59.92,5.23,NO LOAD,1,23:15:27,15.14
11.97,73.3,6.13,NO LOAD,1,23:15:27,15.73
10.83,56.08,5.18,NO LOAD,1,23:15:28,16.31
10.97,49.37,4.5,NO LOAD,1,23:15:29,16.9
10.78,60.3,5.59,NO LOAD,1,23:15:29,17.48
10.71,69.69,6.51,NO LOAD,1,23:15:30,18.07
9.87,43.99,4.46,NO LOAD,1,23:15:30,18.65
10.07,61.27,6.08,NO LOAD,1,23:15:31,19.23
10.72,53.02,4.95,NO LOAD,1,23:15:31,19.82
10.55,63.63,6.03,NO LOAD,1,23:15:32,20.41
11.06,58.59,5.29,NO LOAD,1,23:15:33,20.99
11.61,53.52,4.61,NO LOAD,1,23:15:33,21.58
10.57,58.08,5.49,NO LOAD,1,23:15:34,22.16
11.41,57.47,5.04,NO LOAD,1,23:15:34,22.75
11.66,73.41,6.3,NO LOAD,1,23:15:35,23.33
10.3,58.91,5.72,NO LOAD,1,23:15:36,23.92
10.59,56.62,5.35,NO LOAD,1,23:15:36,24.5
10.38,55.69,5.37,NO LOAD,1,23:15:37,25.08
12.52,95.86,7.65,NO LOAD,1,23:15:37,25.67
11.61,61.55,5.3,NO LOAD,1,23:15:38,26.26
9.43,51.88,5.5,NO LOAD,1,23:15:38,26.84
10.57,58.64,5.55,NO LOAD,1,23:15:39,27.43
9.54,57.56,6.03,NO LOAD,1,23:15:40,28.0
10.8,65.3,6.05,NO LOAD,1,23:15:40,28.59
9.72,53.66,5.52,NO LOAD,1,23:15:41,29.18
9.25,47.62,5.15,NO LOAD,1,23:15:41,29.76
9.37,55.07,5.88,NO LOAD,1,23:15:42,30.34
10.41,61.66,5.92,NO LOAD,1,23:15:43,30.93
9.4,54.85,5.84,NO LOAD,1,23:15:43,31.51
10.83,69.95,6.46,NO LOAD,1,23:15:44,32.1
10.25,50.59,4.93,NO LOAD,1,23:15:44,32.68
10.67,58.06,5.44,NO LOAD,1,23:15:45,33.26
10.51,63.49,6.04,NO LOAD,1,23:15:45,33.85
11.6,86.62,7.47,NO LOAD,1,23:15:46,34.43
11.33,61.87,5.46,NO LOAD,1,23:15:47,35.02
11.4,67.03,5.88,NO LOAD,1,23:15:47,35.61
10.68,58.26,5.45,NO LOAD,1,23:15:48,36.19
12.32,118.62,9.63,NO LOAD,1,23:15:48,36.77
10.61,53.67,5.06,NO LOAD,1,23:15:49,37.36
10.17,54.57,5.37,NO LOAD,1,23:15:50,37.95
10.78,50.66,4.7,NO LOAD,1,23:15:50,38.53
10.18,57.26,5.62,NO LOAD,1,23:15:51,39.12
12.23,57.98,4.74,NO LOAD,1,23:15:51,39.7
10.62,54.88,5.17,NO LOAD,1,23:15:52,40.29
9.7,56.68,5.84,NO LOAD,1,23:15:52,40.87
10.58,58.58,5.54,NO LOAD,1,23:15:53,41.46
10.89,56.7,5.21,NO LOAD,1,23:15:54,42.04
10.46,51.88,4.96,NO LOAD,1,23:15:54,42.62
11.13,56.04,5.04,NO LOAD,1,23:15:55,43.21
10.59,57.56,5.44,NO LOAD,1,23:15:55,43.79
10.76,59.11,5.5,NO LOAD,1,23:15:56,44.38
10.33,69.15,6.69,NO LOAD,1,23:15:57,44.96
11.05,59.52,5.38,NO LOAD,1,23:15:57,45.54
11.08,82.52,7.45,NO LOAD,1,23:15:58,46.14
10.89,60.87,5.59,NO LOAD,1,23:15:58,46.72
10.62,56.74,5.34,NO LOAD,1,23:15:59,47.31
10.12,59.02,5.83,NO LOAD,1,23:16:00,47.89
10.33,62.67,6.07,NO LOAD,1,23:16:00,48.48
10.36,54.38,5.25,NO LOAD,1,23:16:01,49.06
10.22,59.52,5.82,NO LOAD,1,23:16:01,49.65
9.48,75.26,7.94,NO LOAD,1,23:16:02,50.23
10.71,53.37,4.98,NO LOAD,1,23:16:02,50.81
10.79,55.91,5.18,NO LOAD,1,23:16:03,51.4
10.63,66.62,6.27,NO LOAD,1,23:16:04,51.98
10.46,59.32,5.67,NO LOAD,1,23:16:04,52.57
10.39,60.4,5.81,NO LOAD,1,23:16:05,53.15
11.01,58.71,5.33,NO LOAD,1,23:16:05,53.74
10.7,60.01,5.61,NO LOAD,1,23:16:06,54.32
11.62,60.92,5.24,NO LOAD,1,23:16:07,54.9
11.34,73.28,6.46,NO LOAD,1,23:16:07,55.49
11.35,81.94,7.22,NO LOAD,1,23:16:08,56.08
10.45,55.22,5.28,NO LOAD,1,23:16:08,56.66
11.61,67.69,5.83,NO LOAD,1,23:16:09,57.25
10.92,64.07,5.87,NO LOAD,1,23:16:09,57.83
10.84,69.59,6.42,NO LOAD,1,23:16:10,58.42
10.76,59.66,5.54,NO LOAD,1,23:16:11,59.0
11.45,117.28,10.24,NO LOAD,1,23:16:11,59.59
10.98,54.4,4.95,NO LOAD,1,23:16:12,60.18
10.54,64.64,6.13,NO LOAD,1,23:16:12,60.76
10.91,51.49,4.72,NO LOAD,1,23:16:13,61.35
10.88,60.09,5.52,NO LOAD,1,23:16:14,61.93
10.46,72.46,6.93,NO LOAD,1,23:16:14,62.52
10.39,57.82,5.56,NO LOAD,1,23:16:15,63.1
10.82,58.08,5.37,NO LOAD,1,23:16:15,63.68
11.51,72.05,6.26,NO LOAD,1,23:16:16,64.27
10.57,55.79,5.28,NO LOAD,1,23:16:16,64.86
10.35,49.88,4.82,NO LOAD,1,23:16:17,65.44
10.33,49.09,4.75,NO LOAD,1,23:16:18,66.03
11.23,52.07,4.64,NO LOAD,1,23:16:18,66.61
10.35,55.19,5.33,NO LOAD,1,23:16:19,67.2
11.88,62.43,5.25,NO LOAD,1,23:16:19,67.78
10.76,56.88,5.29,NO LOAD,1,23:16:20,68.36
11.41,91.02,7.97,NO LOAD,1,23:16:21,68.95
11.8,58.14,4.93,NO LOAD,1,23:16:21,69.54
10.58,55.63,5.26,NO LOAD,1,23:16:22,70.12
11.08,53.1,4.79,NO LOAD,1,23:16:22,70.71
10.93,57.56,5.27,NO LOAD,1,23:16:23,71.29
10.87,59.22,5.45,NO LOAD,1,23:16:23,71.88
11.45,57.09,4.98,NO LOAD,1,23:16:24,72.46
10.71,60.15,5.62,NO LOAD,1,23:16:25,73.05
10.6,57.74,5.45,NO LOAD,1,23:16:25,73.63
10.8,60.09,5.57,NO LOAD,1,23:16:26,74.22
10.94,59.2,5.41,NO LOAD,1,23:16:26,74.8
10.5,56.77,5.41,NO LOAD,1,23:16:27,75.38
11.13,92.58,8.32,NO LOAD,1,23:16:28,75.97
10.75,63.7,5.93,NO LOAD,1,23:16:28,76.56
11.04,55.08,4.99,NO LOAD,1,23:16:29,77.14
9.8,50.56,5.16,NO LOAD,1,23:16:29,77.72
11.39,56.26,4.94,NO LOAD,1,23:16:30,78.31
11.35,71.49,6.3,NO LOAD,1,23:16:31,78.89
10.54,52.43,4.97,NO LOAD,1,23:16:31,79.48
10.94,56.18,5.14,NO LOAD,1,23:16:32,80.06
10.72,58.4,5.45,NO LOAD,1,23:16:32,80.65
10.83,53.03,4.9,NO LOAD,1,23:16:33,81.24
11.21,68.61,6.12,NO LOAD,1,23:16:33,81.82
10.28,50.63,4.93,NO LOAD,1,23:16:34,82.4
10.38,58.25,5.61,NO LOAD,1,23:16:35,82.99
10.37,51.92,5.0,NO LOAD,1,23:16:35,83.58
9.89,52.15,5.28,NO LOAD,1,23:16:36,84.16
11.17,83.67,7.49,NO LOAD,1,23:16:36,84.74
10.96,58.45,5.33,NO LOAD,1,23:16:37,85.33
10.11,59.6,5.9,NO LOAD,1,23:16:38,85.91
11.79,87.44,7.42,NO LOAD,1,23:16:38,86.5
10.82,83.69,7.73,NO LOAD,1,23:16:39,87.08
10.77,55.88,5.19,NO LOAD,1,23:16:39,87.67
10.29,59.32,5.77,NO LOAD,1,23:16:40,88.25
10.76,54.84,5.1,NO LOAD,1,23:16:40,88.84
11.36,59.09,5.2,NO LOAD,1,23:16:41,89.42
9.77,61.66,6.31,NO LOAD,1,23:16:42,90.01
11.45,59.02,5.15,NO LOAD,1,23:16:42,90.59
10.12,53.62,5.3,NO LOAD,1,23:16:43,91.18
10.64,51.37,4.83,NO LOAD,1,23:16:43,91.76
11.52,67.31,5.84,NO LOAD,1,23:16:44,92.35
10.91,58.48,5.36,NO LOAD,1,23:16:45,92.93
10.54,56.53,5.36,NO LOAD,1,23:16:45,93.52
10.89,54.07,4.97,NO LOAD,1,23:16:46,94.1
10.61,66.05,6.22,NO LOAD,1,23:16:46,94.69
11.12,56.21,5.06,NO LOAD,1,23:16:47,95.27
10.3,59.33,5.76,NO LOAD,1,23:16:47,95.86
10.44,66.68,6.39,NO LOAD,1,23:16:48,96.44
11.14,54.12,4.86,NO LOAD,1,23:16:49,97.02
11.71,57.43,4.9,NO LOAD,1,23:16:49,97.61
11.63,77.4,6.65,NO LOAD,1,23:16:50,98.2
10.65,50.61,4.75,NO LOAD,1,23:16:50,98.78
10.68,54.03,5.06,NO LOAD,1,23:16:51,99.36
10.74,57.3,5.33,NO LOAD,1,23:16:52,99.95
10.97,61.56,5.61,NO LOAD,1,23:16:52,100.53
10.3,66.45,6.46,NO LOAD,1,23:16:53,101.12
11.14,56.02,5.03,NO LOAD,1,23:16:53,101.7
11.36,56.33,4.96,NO LOAD,1,23:16:54,102.29
10.84,59.66,5.51,NO LOAD,1,23:16:54,102.87
12.13,72.06,5.94,NO LOAD,1,23:16:55,103.46
10.92,60.37,5.53,NO LOAD,1,23:16:56,104.05
11.15,71.98,6.46,NO LOAD,1,23:16:56,104.63
11.46,59.77,5.21,NO LOAD,1,23:16:57,105.22
10.27,52.62,5.12,NO LOAD,1,23:16:57,105.8
11.24,58.0,5.16,NO LOAD,1,23:16:58,106.38
10.81,55.74,5.16,NO LOAD,1,23:16:59,106.97
10.9,55.25,5.07,NO LOAD,1,23:16:59,107.56
10.39,67.95,6.54,NO LOAD,1,23:17:00,108.14
10.69,59.34,5.55,NO LOAD,1,23:17:00,108.73
11.18,75.98,6.79,NO LOAD,1,23:17:01,109.31
10.52,52.23,4.97,NO LOAD,1,23:17:02,109.89
10.73,60.02,5.59,NO LOAD,1,23:17:02,110.48
12.17,65.43,5.38,NO LOAD,1,23:17:03,111.06
10.61,60.19,5.67,NO LOAD,1,23:17:03,111.65
10.98,58.2,5.3,NO LOAD,1,23:17:04,112.24
10.97,91.66,8.36,NO LOAD,1,23:17:04,112.82
11.93,60.16,5.04,NO LOAD,1,23:17:05,113.4
10.14,58.7,5.79,NO LOAD,1,23:17:06,113.99
9.45,57.15,6.05,NO LOAD,1,23:17:06,114.58
11.12,57.01,5.13,NO LOAD,1,23:17:07,115.15
10.0,70.51,7.05,NO LOAD,1,23:17:07,115.74
11.39,60.73,5.33,NO LOAD,1,23:17:08,116.33
11.14,61.34,5.51,NO LOAD,1,23:17:09,116.91
10.59,64.74,6.11,NO LOAD,1,23:17:09,117.5
10.61,71.86,6.77,NO LOAD,1,23:17:10,118.09
10.27,55.48,5.4,NO LOAD,1,23:17:10,118.67
11.12,59.09,5.31,NO LOAD,1,23:17:11,119.25
10.28,48.82,4.75,NO LOAD,1,23:17:11,119.84
10.45,53.87,5.15,NO LOAD,1,23:17:12,120.42
10.55,59.78,5.66,NO LOAD,1,23:17:13,121.01
10.97,61.44,5.6,NO LOAD,1,23:17:13,121.6
11.03,58.93,5.34,NO LOAD,1,23:17:14,122.18
11.92,63.19,5.3,NO LOAD,1,23:17:14,122.76
10.87,62.67,5.76,NO LOAD,1,23:17:15,123.35
10.84,60.82,5.61,NO LOAD,1,23:17:16,123.93
11.02,58.33,5.29,NO LOAD,1,23:17:16,124.52
11.04,49.21,4.46,NO LOAD,1,23:17:17,125.1
11.38,61.11,5.37,NO LOAD,1,23:17:17,125.69
10.73,62.39,5.82,NO LOAD,1,23:17:18,126.27
10.96,66.18,6.04,NO LOAD,1,23:17:18,126.86
10.75,59.58,5.54,NO LOAD,1,23:17:19,127.44
10.03,55.47,5.53,NO LOAD,1,23:17:20,128.03
10.82,68.73,6.35,NO LOAD,1,23:17:20,128.61
10.64,63.64,5.98,NO LOAD,1,23:17:21,129.2
11.05,56.38,5.1,NO LOAD,1,23:17:21,129.79
9.98,50.42,5.05,NO LOAD,1,23:17:22,130.37
11.02,77.6,7.04,NO LOAD,1,23:17:23,130.96
11.4,61.04,5.35,NO LOAD,1,23:17:23,131.54
9.78,58.54,5.99,NO LOAD,1,23:17:24,132.12
10.54,56.49,5.36,NO LOAD,1,23:17:24,132.71
10.57,57.87,5.47,NO LOAD,1,23:17:25,133.29
10.42,70.27,6.75,NO LOAD,1,23:17:25,133.88
11.42,74.46,6.52,NO LOAD,1,23:17:26,134.46
10.37,54.35,5.24,NO LOAD,1,23:17:27,135.04
10.06,52.28,5.2,NO LOAD,1,23:17:27,135.63
10.43,61.19,5.87,NO LOAD,1,23:17:28,136.22
10.94,58.64,5.36,NO LOAD,1,23:17:28,136.8
10.87,64.14,5.9,NO LOAD,1,23:17:29,137.39
10.58,54.85,5.18,NO LOAD,1,23:17:30,137.97
11.24,61.33,5.45,NO LOAD,1,23:17:30,138.56
11.16,56.95,5.1,NO LOAD,1,23:17:31,139.14
10.75,55.8,5.19,NO LOAD,1,23:17:31,139.73
10.76,55.17,5.13,NO LOAD,1,23:17:32,140.31
11.16,63.22,5.67,NO LOAD,1,23:17:33,140.9
10.61,59.16,5.58,NO LOAD,1,23:17:33,141.48
11.07,57.54,5.2,NO LOAD,1,23:17:34,142.07
10.19,63.26,6.21,NO LOAD,1,23:17:34,142.65
11.07,82.93,7.49,NO LOAD,1,23:17:35,143.24
10.35,52.14,5.04,NO LOAD,1,23:17:35,143.82
12.34,73.81,5.98,NO LOAD,1,23:17:36,144.41
11.26,56.12,4.98,NO LOAD,1,23:17:37,144.99
9.9,63.96,6.46,NO LOAD,1,23:17:37,145.58
11.8,76.21,6.46,NO LOAD,1,23:17:38,146.16
11.5,58.24,5.06,NO LOAD,1,23:17:38,146.75
10.25,55.87,5.45,NO LOAD,1,23:17:39,147.33
11.67,56.76,4.86,NO LOAD,1,23:17:40,147.92
10.51,61.99,5.9,NO LOAD,1,23:17:40,148.5
11.03,69.41,6.29,NO LOAD,1,23:17:41,149.09
10.15,51.65,5.09,NO LOAD,1,23:17:41,149.67
10.97,58.45,5.33,NO LOAD,1,23:17:42,150.25
10.88,59.98,5.51,NO LOAD,1,23:17:42,150.84
11.31,68.99,6.1,NO LOAD,1,23:17:43,151.43
10.08,55.59,5.52,NO LOAD,1,23:17:44,152.0
11.52,68.89,5.98,NO LOAD,1,23:17:44,152.59
10.8,59.93,5.55,NO LOAD,1,23:17:45,153.18
10.53,66.35,6.3,NO LOAD,1,23:17:45,153.77
10.43,64.68,6.2,NO LOAD,1,23:17:46,154.35
11.17,58.91,5.27,NO LOAD,1,23:17:47,154.94
10.41,61.06,5.86,NO LOAD,1,23:17:47,155.52
11.24,56.48,5.03,NO LOAD,1,23:17:48,156.1
10.51,59.45,5.66,NO LOAD,1,23:17:48,156.69
11.24,60.92,5.42,NO LOAD,1,23:17:49,157.28
10.09,48.63,4.82,NO LOAD,1,23:17:49,157.86
10.45,58.91,5.64,NO LOAD,1,23:17:50,158.45
11.32,78.16,6.9,NO LOAD,1,23:17:51,159.03
10.46,51.76,4.95,NO LOAD,1,23:17:51,159.62
11.37,57.11,5.02,NO LOAD,1,23:17:52,160.2
10.83,54.54,5.04,NO LOAD,1,23:17:52,160.79
10.5,55.78,5.31,NO LOAD,1,23:17:53,161.37
11.71,59.25,5.06,NO LOAD,1,23:17:54,161.96
10.91,57.55,5.28,NO LOAD,1,23:17:54,162.54
11.24,57.32,5.1,NO LOAD,1,23:17:55,163.12
11.35,57.67,5.08,NO LOAD,1,23:17:55,163.71
11.45,70.84,6.19,NO LOAD,1,23:17:56,164.3
10.42,54.15,5.2,NO LOAD,1,23:17:56,164.88
11.16,55.01,4.93,NO LOAD,1,23:17:57,165.47
10.77,49.79,4.62,NO LOAD,1,23:17:58,166.05
10.08,50.36,5.0,NO LOAD,1,23:17:58,166.64
10.93,58.55,5.36,NO LOAD,1,23:17:59,167.22
10.92,60.14,5.51,NO LOAD,1,23:17:59,167.81
10.41,57.53,5.52,NO LOAD,1,23:18:00,168.39
10.73,56.02,5.22,NO LOAD,1,23:18:01,168.97
10.47,55.65,5.32,NO LOAD,1,23:18:01,169.56
11.01,67.51,6.13,NO LOAD,1,23:18:02,170.15
10.38,70.03,6.75,NO LOAD,1,23:18:02,170.73
11.78,70.52,5.99,NO LOAD,1,23:18:03,171.31
10.7,60.1,5.62,NO LOAD,1,23:18:04,171.9
11.21,59.33,5.29,NO LOAD,1,23:18:04,172.49
10.85,69.89,6.44,NO LOAD,1,23:18:05,173.07
11.28,81.87,7.26,NO LOAD,1,23:18:05,173.66
11.16,64.63,5.79,NO LOAD,1,23:18:06,174.24
11.06,58.15,5.26,NO LOAD,1,23:18:06,174.83
10.9,60.14,5.52,NO LOAD,1,23:18:07,175.41
11.0,86.13,7.83,NO LOAD,1,23:18:08,176.0
11.01,57.24,5.2,NO LOAD,1,23:18:08,176.58
10.62,55.4,5.22,NO LOAD,1,23:18:09,177.17
11.45,61.77,5.39,NO LOAD,1,23:18:09,177.75
11.21,59.31,5.29,NO LOAD,1,23:18:10,178.33
10.79,61.17,5.67,NO LOAD,1,23:18:11,178.92
10.95,61.0,5.57,NO LOAD,1,23:18:11,179.51
10.95,67.69,6.18,NO LOAD,1,23:18:12,180.09
10.78,53.24,4.94,NO LOAD,1,23:18:12,180.68
11.05,59.04,5.34,NO LOAD,1,23:18:13,181.26
10.63,60.37,5.68,NO LOAD,1,23:18:13,181.85
11.56,71.65,6.2,NO LOAD,1,23:18:14,182.43
11.0,55.58,5.05,NO LOAD,1,23:18:15,183.02
10.41,58.13,5.59,NO LOAD,1,23:18:15,183.6
10.61,57.52,5.42,NO LOAD,1,23:18:16,184.18
9.79,57.76,5.9,NO LOAD,1,23:18:16,184.77
11.19,51.79,4.63,NO LOAD,1,23:18:17,185.35
10.54,53.88,5.11,NO LOAD,1,23:18:18,185.94
10.58,64.42,6.09,NO LOAD,1,23:18:18,186.53
11.18,71.03,6.35,NO LOAD,1,23:18:19,187.1
10.85,67.21,6.2,NO LOAD,1,23:18:19,187.7
11.69,89.19,7.63,NO LOAD,1,23:18:20,188.28
11.57,86.9,7.51,NO LOAD,1,23:18:20,188.86
10.8,64.64,5.99,NO LOAD,1,23:18:21,189.45
11.03,68.49,6.21,NO LOAD,1,23:18:22,190.03
10.94,56.94,5.2,NO LOAD,1,23:18:22,190.62
10.46,55.47,5.31,NO LOAD,1,23:18:23,191.2
10.7,75.31,7.04,NO LOAD,1,23:18:23,191.79
9.51,60.21,6.33,NO LOAD,1,23:18:24,192.37
11.46,60.8,5.31,NO LOAD,1,23:18:25,192.96
11.36,62.37,5.49,NO LOAD,1,23:18:25,193.54
11.76,90.35,7.68,NO LOAD,1,23:18:26,194.13
11.1,64.69,5.83,NO LOAD,1,23:18:26,194.71
10.54,57.27,5.43,NO LOAD,1,23:18:27,195.3
11.84,64.72,5.47,NO LOAD,1,23:18:28,195.88
11.4,82.89,7.27,NO LOAD,1,23:18:28,196.47
10.84,62.73,5.79,NO LOAD,1,23:18:29,197.05
10.54,58.45,5.55,NO LOAD,1,23:18:29,197.63
11.1,75.23,6.78,NO LOAD,1,23:18:30,198.22
10.78,62.01,5.75,NO LOAD,1,23:18:30,198.81
10.82,52.22,4.83,NO LOAD,1,23:18:31,199.39
10.39,57.04,5.49,NO LOAD,1,23:18:32,199.97
10.88,60.31,5.54,NO LOAD,1,23:18:32,200.56
11.1,76.63,6.9,NO LOAD,1,23:18:33,201.15
10.2,60.1,5.89,NO LOAD,1,23:18:33,201.73
12.15,75.09,6.18,NO LOAD,1,23:18:34,202.32
10.47,62.09,5.93,NO LOAD,1,23:18:35,202.9
9.96,49.62,4.98,NO LOAD,1,23:18:35,203.49
10.92,87.54,8.02,NO LOAD,1,23:18:36,204.07
11.21,57.55,5.14,NO LOAD,1,23:18:36,204.65
11.24,61.18,5.44,NO LOAD,1,23:18:37,205.24
10.83,55.73,5.15,NO LOAD,1,23:18:37,205.83
9.89,59.02,5.97,NO LOAD,1,23:18:38,206.41
10.39,60.14,5.79,NO LOAD,1,23:18:39,207.0
10.08,53.4,5.3,NO LOAD,1,23:18:39,207.58
11.04,62.76,5.69,NO LOAD,1,23:18:40,208.16
11.02,71.21,6.46,NO LOAD,1,23:18:40,208.75
10.87,55.39,5.1,NO LOAD,1,23:18:41,209.34
10.78,56.87,5.27,NO LOAD,1,23:18:42,209.92
11.33,119.79,10.57,NO LOAD,1,23:18:42,210.51
10.26,78.08,7.61,NO LOAD,1,23:18:43,211.09
11.26,56.33,5.0,NO LOAD,1,23:18:43,211.68
10.17,54.68,5.38,NO LOAD,1,23:18:44,212.26
12.22,89.9,7.36,NO LOAD,1,23:18:44,212.85
11.33,60.43,5.33,NO LOAD,1,23:18:45,213.43
10.49,65.1,6.21,NO LOAD,1,23:18:46,214.02
11.34,68.17,6.01,NO LOAD,1,23:18:46,214.6
10.36,56.09,5.41,NO LOAD,1,23:18:47,215.19
11.39,63.07,5.53,NO LOAD,1,23:18:47,215.78
10.12,60.2,5.95,NO LOAD,1,23:18:48,216.36
10.9,61.83,5.67,NO LOAD,1,23:18:49,216.94
10.64,52.89,4.97,NO LOAD,1,23:18:49,217.53
11.58,58.69,5.07,NO LOAD,1,23:18:50,218.11
10.59,50.23,4.74,NO LOAD,1,23:18:50,218.7
11.37,57.23,5.03,NO LOAD,1,23:18:51,219.29
10.72,55.58,5.19,NO LOAD,1,23:18:51,219.86
10.16,56.15,5.53,NO LOAD,1,23:18:52,220.45
11.59,67.15,5.79,NO LOAD,1,23:18:53,221.04
10.51,57.64,5.48,NO LOAD,1,23:18:53,221.62
10.09,62.81,6.22,NO LOAD,1,23:18:54,222.21
11.54,57.79,5.01,NO LOAD,1,23:18:54,222.79
10.86,56.94,5.24,NO LOAD,1,23:18:55,223.38
11.47,62.81,5.48,NO LOAD,1,23:18:56,223.96
10.47,51.18,4.89,NO LOAD,1,23:18:56,224.55
10.41,66.41,6.38,NO LOAD,1,23:18:57,225.13
10.63,62.3,5.86,NO LOAD,1,23:18:57,225.72
10.86,57.14,5.26,NO LOAD,1,23:18:58,226.3
10.74,61.9,5.76,NO LOAD,1,23:18:59,226.88
11.61,84.69,7.3,NO LOAD,1,23:18:59,227.48
10.79,59.94,5.56,NO LOAD,1,23:19:00,228.06
10.86,60.3,5.55,NO LOAD,1,23:19:00,228.64
11.91,58.79,4.94,NO LOAD,1,23:19:01,229.23
11.12,56.81,5.11,NO LOAD,1,23:19:01,229.81
10.43,58.2,5.58,NO LOAD,1,23:19:02,230.4
11.06,52.12,4.71,NO LOAD,1,23:19:03,230.98
10.97,56.28,5.13,NO LOAD,1,23:19:03,231.56
10.36,59.26,5.72,NO LOAD,1,23:19:04,232.16
11.38,56.32,4.95,NO LOAD,1,23:19:04,232.74
10.82,78.41,7.24,NO LOAD,1,23:19:05,233.32
11.12,55.77,5.01,NO LOAD,1,23:19:06,233.91
10.37,58.53,5.65,NO LOAD,1,23:19:06,234.49
10.99,62.76,5.71,NO LOAD,1,23:19:07,235.07
11.29,53.81,4.77,NO LOAD,1,23:19:07,235.67
10.12,53.47,5.28,NO LOAD,1,23:19:08,236.25
11.32,62.25,5.5,NO LOAD,1,23:19:08,236.84
10.7,50.81,4.75,NO LOAD,1,23:19:09,237.42
11.0,63.98,5.82,NO LOAD,1,23:19:10,238.01
10.72,61.63,5.75,NO LOAD,1,23:19:10,238.59
11.18,55.49,4.96,NO LOAD,1,23:19:11,239.17
10.63,57.31,5.39,NO LOAD,1,23:19:11,239.76
9.76,57.89,5.93,NO LOAD,1,23:19:12,240.34
10.17,56.41,5.54,NO LOAD,1,23:19:13,240.93
10.9,93.23,8.55,NO LOAD,1,23:19:13,241.51
10.14,55.6,5.48,NO LOAD,1,23:19:14,242.1
10.0,57.72,5.77,NO LOAD,1,23:19:14,242.68
11.33,59.99,5.29,NO LOAD,1,23:19:15,243.27
10.71,82.91,7.74,NO LOAD,1,23:19:15,243.85
10.01,42.69,4.27,NO LOAD,1,23:19:16,244.44
11.29,97.77,8.66,NO LOAD,1,23:19:17,245.02
10.86,61.62,5.67,NO LOAD,1,23:19:17,245.61
10.59,57.09,5.39,NO LOAD,1,23:19:18,246.19
10.85,61.59,5.68,NO LOAD,1,23:19:18,246.77
10.68,61.84,5.79,NO LOAD,1,23:19:19,247.36
9.84,55.78,5.67,NO LOAD,1,23:19:20,247.94
11.25,60.62,5.39,NO LOAD,1,23:19:20,248.53
11.53,77.95,6.76,NO LOAD,1,23:19:21,249.11
12.01,81.51,6.79,NO LOAD,1,23:19:21,249.7
10.15,56.54,5.57,NO LOAD,1,23:19:22,250.29
11.21,62.0,5.53,NO LOAD,1,23:19:22,250.87
11.43,56.31,4.93,NO LOAD,1,23:19:23,251.46
10.48,51.65,4.93,NO LOAD,1,23:19:24,252.04
10.65,58.03,5.45,NO LOAD,1,23:19:24,252.63
10.22,51.38,5.03,NO LOAD,1,23:19:25,253.21
11.33,66.24,5.85,NO LOAD,1,23:19:25,253.8
11.22,59.29,5.29,NO LOAD,1,23:19:26,254.38
11.54,62.92,5.45,NO LOAD,1,23:19:27,254.97
11.04,56.12,5.08,NO LOAD,1,23:19:27,255.55
10.83,56.78,5.24,NO LOAD,1,23:19:28,256.14
10.46,73.43,7.02,NO LOAD,1,23:19:28,256.72
10.65,52.92,4.97,NO LOAD,1,23:19:29,257.31
10.55,62.51,5.92,NO LOAD,1,23:19:30,257.89
12.2,75.66,6.2,NO LOAD,1,23:19:30,258.48
11.5,76.19,6.62,NO LOAD,1,23:19:31,259.06
11.45,58.43,5.11,NO LOAD,1,23:19:31,259.65
10.48,56.2,5.36,NO LOAD,1,23:19:32,260.23
11.24,60.01,5.34,NO LOAD,1,23:19:32,260.81
10.58,57.08,5.39,NO LOAD,1,23:19:33,261.4
10.89,70.38,6.46,NO LOAD,1,23:19:34,261.99
12.04,83.29,6.92,NO LOAD,1,23:19:34,262.57
10.74,56.61,5.27,NO LOAD,1,23:19:35,263.16
11.66,65.32,5.6,NO LOAD,1,23:19:35,263.74
11.3,111.12,9.83,NO LOAD,1,23:19:36,264.32
10.51,55.44,5.28,NO LOAD,1,23:19:37,264.91
10.98,73.2,6.67,NO LOAD,1,23:19:37,265.5
10.96,50.57,4.61,NO LOAD,1,23:19:38,266.08
12.0,69.02,5.75,NO LOAD,1,23:19:38,266.67
11.03,75.74,6.87,NO LOAD,1,23:19:39,267.25
11.02,54.38,4.93,NO LOAD,1,23:19:39,267.83
11.69,67.1,5.74,NO LOAD,1,23:19:40,268.42
11.08,56.28,5.08,NO LOAD,1,23:19:41,269.01
9.94,49.2,4.95,NO LOAD,1,23:19:41,269.59
11.2,62.97,5.62,NO LOAD,1,23:19:42,270.18
10.64,58.91,5.53,NO LOAD,1,23:19:42,270.76
10.26,56.06,5.46,NO LOAD,1,23:19:43,271.35
10.65,55.85,5.25,NO LOAD,1,23:19:44,271.93
11.89,61.52,5.18,NO LOAD,1,23:19:44,272.51
11.2,54.31,4.85,NO LOAD,1,23:19:45,273.1
10.74,63.46,5.91,NO LOAD,1,23:19:45,273.69
10.73,60.59,5.65,NO LOAD,1,23:19:46,274.27
10.15,59.42,5.85,NO LOAD,1,23:19:46,274.86
10.49,49.0,4.67,NO LOAD,1,23:19:47,275.44
11.38,66.07,5.81,NO LOAD,1,23:19:48,276.03
11.48,59.17,5.16,NO LOAD,1,23:19:48,276.61
11.8,58.3,4.94,NO LOAD,1,23:19:49,277.19
10.77,60.54,5.62,NO LOAD,1,23:19:49,277.78
11.25,54.8,4.87,NO LOAD,1,23:19:50,278.37
10.77,49.6,4.6,NO LOAD,1,23:19:51,278.95
10.51,60.78,5.78,NO LOAD,1,23:19:51,279.53
11.28,58.08,5.15,NO LOAD,1,23:19:52,280.12
11.74,58.66,5.0,NO LOAD,1,23:19:52,280.71
10.31,57.94,5.62,NO LOAD,1,23:19:53,281.29
10.62,57.87,5.45,NO LOAD,1,23:19:53,281.87
10.81,64.3,5.95,NO LOAD,1,23:19:54,282.46
10.74,55.21,5.14,NO LOAD,1,23:19:55,283.05
11.86,58.75,4.95,NO LOAD,1,23:19:55,283.63
10.04,64.28,6.4,NO LOAD,1,23:19:56,284.22
12.31,74.18,6.03,NO LOAD,1,23:19:56,284.8
11.16,70.04,6.27,NO LOAD,1,23:19:57,285.39
11.26,62.83,5.58,NO LOAD,1,23:19:58,285.97
10.52,56.87,5.41,NO LOAD,1,23:19:58,286.55
10.44,94.23,9.03,NO LOAD,1,23:19:59,287.14
10.71,58.93,5.5,NO LOAD,1,23:19:59,287.72
11.21,59.92,5.34,NO LOAD,1,23:20:00,288.31
10.91,63.83,5.85,NO LOAD,1,23:20:01,288.89
10.65,58.03,5.45,NO LOAD,1,23:20:01,289.48
10.87,54.2,4.98,NO LOAD,1,23:20:02,290.06
10.81,78.55,7.27,NO LOAD,1,23:20:02,290.65
10.54,50.62,4.8,NO LOAD,1,23:20:03,291.23
10.36,55.62,5.37,NO LOAD,1,23:20:03,291.82
10.76,59.33,5.52,NO LOAD,1,23:20:04,292.41
10.92,53.94,4.94,NO LOAD,1,23:20:05,292.99
11.57,53.74,4.64,NO LOAD,1,23:20:05,293.57
9.55,45.87,4.8,NO LOAD,1,23:20:06,294.16
10.95,58.89,5.38,NO LOAD,1,23:20:06,294.74
10.52,52.08,4.95,NO LOAD,1,23:20:07,295.33
11.75,57.94,4.93,NO LOAD,1,23:20:08,295.91
11.4,71.14,6.24,NO LOAD,1,23:20:08,296.49
10.8,52.1,4.83,NO LOAD,1,23:20:09,297.08
10.13,57.94,5.72,NO LOAD,1,23:20:09,297.67
11.11,50.46,4.54,NO LOAD,1,23:20:10,298.25
11.65,65.25,5.6,NO LOAD,1,23:20:10,298.84
9.87,56.62,5.74,NO LOAD,1,23:20:11,299.42
10.7,52.04,4.86,NO LOAD,1,23:20:12,300.01
10.37,61.33,5.92,NO LOAD,1,23:20:12,300.59
10.92,74.8,6.85,NO LOAD,1,23:20:13,301.18
10.98,84.36,7.68,NO LOAD,1,23:20:13,301.76
10.43,59.88,5.74,NO LOAD,1,23:20:14,302.34
11.37,85.36,7.51,NO LOAD,1,23:20:15,302.93
10.9,59.66,5.47,NO LOAD,1,23:20:15,303.52
10.75,56.49,5.25,NO LOAD,1,23:20:16,304.1
10.45,55.33,5.29,NO LOAD,1,23:20:16,304.69
11.2,53.73,4.8,NO LOAD,1,23:20:17,305.27
11.25,55.7,4.95,NO LOAD,1,23:20:17,305.86
10.73,50.23,4.68,NO LOAD,1,23:20:18,306.44
11.32,56.63,5.0,NO LOAD,1,23:20:19,307.03
10.4,60.1,5.78,NO LOAD,1,23:20:19,307.61
10.69,56.18,5.26,NO LOAD,1,23:20:20,308.2
10.57,57.74,5.46,NO LOAD,1,23:20:20,308.78
10.39,54.44,5.24,NO LOAD,1,23:20:21,309.37
10.82,53.04,4.9,NO LOAD,1,23:20:22,309.95
10.91,67.8,6.21,NO LOAD,1,23:20:22,310.53
10.63,55.63,5.23,NO LOAD,1,23:20:23,311.12
10.76,70.64,6.57,NO LOAD,1,23:20:23,311.7
9.85,62.21,6.31,NO LOAD,1,23:20:24,312.29
11.07,59.7,5.39,NO LOAD,1,23:20:24,312.87
10.34,55.77,5.39,Charger,2,23:20:38,326.61
11.56,61.2,5.3,Charger,2,23:20:38,326.61
11.2,62.42,5.58,Charger,2,23:20:38,326.61
10.33,55.7,5.39,Charger,2,23:20:38,326.61
9.86,60.21,6.11,Charger,2,23:20:38,326.61
9.71,45.34,4.67,Charger,2,23:20:38,326.62
11.74,59.21,5.04,Charger,2,23:20:38,326.62
9.54,52.12,5.47,Charger,2,23:20:38,326.62
11.27,57.96,5.14,Charger,2,23:20:38,326.62
11.16,69.1,6.19,Charger,2,23:20:38,326.62
11.87,60.5,5.1,Charger,2,23:20:38,326.62
11.04,58.49,5.3,Charger,2,23:20:38,326.62
10.67,59.29,5.56,Charger,2,23:20:38,326.62
11.62,60.02,5.17,Charger,2,23:20:38,326.63
12.37,59.67,4.82,Charger,2,23:20:38,326.63
12.09,59.63,4.93,Charger,2,23:20:38,326.63
11.78,69.45,5.89,Charger,2,23:20:38,326.63
11.84,65.62,5.54,Charger,2,23:20:38,326.63
12.62,64.79,5.13,Charger,2,23:20:38,326.63
14.72,75.09,5.1,Charger,2,23:20:38,326.63
13.74,78.39,5.7,Charger,2,23:20:38,326.63
13.74,100.99,7.35,Charger,2,23:20:38,326.64
14.85,70.64,4.76,Charger,2,23:20:38,326.64
14.84,105.85,7.13,Charger,2,23:20:39,326.91
14.28,70.83,4.96,Charger,2,23:20:39,327.5
14.3,69.28,4.85,Charger,2,23:20:40,328.08
14.39,74.41,5.17,Charger,2,23:20:40,328.66
14.33,94.0,6.56,Charger,2,23:20:41,329.25
13.31,82.32,6.19,Charger,2,23:20:41,329.84
13.73,63.76,4.64,Charger,2,23:20:42,330.42
13.91,70.72,5.09,Charger,2,23:20:43,331.01
14.74,100.63,6.83,Charger,2,23:20:43,331.59
14.7,61.96,4.22,Charger,2,23:20:44,332.18
15.6,125.38,8.04,Charger,2,23:20:44,332.76
14.52,65.09,4.48,Charger,2,23:20:45,333.35
13.3,55.09,4.14,Charger,2,23:20:46,333.94
12.77,59.21,4.64,Charger,2,23:20:46,334.52
14.23,62.52,4.39,Charger,2,23:20:47,335.1
14.18,88.93,6.27,Charger,2,23:20:47,335.69
14.98,127.55,8.51,Charger,2,23:20:48,336.28
14.43,89.09,6.17,Charger,2,23:20:48,336.86
14.34,88.42,6.17,Charger,2,23:20:49,337.45
14.37,62.04,4.32,Charger,2,23:20:50,338.03
14.36,64.71,4.51,Charger,2,23:20:50,338.61
14.83,74.76,5.04,Charger,2,23:20:51,339.2
14.29,89.11,6.24,Charger,2,23:20:51,339.79
12.84,56.43,4.39,Charger,2,23:20:52,340.37
15.87,92.77,5.84,Charger,2,23:20:53,340.95
13.98,79.66,5.7,Charger,2,23:20:53,341.54
14.65,68.66,4.69,Charger,2,23:20:54,342.12
15.64,103.15,6.6,Charger,2,23:20:54,342.71
14.7,114.84,7.81,Charger,2,23:20:55,343.29
14.15,103.77,7.33,Charger,2,23:20:56,343.88
14.5,81.96,5.65,Charger,2,23:20:56,344.47
14.32,86.86,6.06,Charger,2,23:20:57,345.06
14.15,87.38,6.17,Charger,2,23:20:57,345.64
14.61,65.07,4.45,Charger,2,23:20:58,346.23
14.09,67.24,4.77,Charger,2,23:20:58,346.81
14.29,95.26,6.67,Charger,2,23:20:59,347.39
14.76,104.52,7.08,Charger,2,23:21:00,347.98
13.59,72.26,5.32,Charger,2,23:21:00,348.57
14.48,88.73,6.13,Charger,2,23:21:01,349.15
15.66,78.74,5.03,Charger,2,23:21:01,349.74
14.07,55.93,3.98,Charger,2,23:21:02,350.32
14.4,88.37,6.14,Charger,2,23:21:03,350.9
13.85,66.08,4.77,Charger,2,23:21:03,351.49
13.58,57.76,4.25,Charger,2,23:21:04,352.08
13.9,69.78,5.02,Charger,2,23:21:04,352.66
14.77,80.62,5.46,Charger,2,23:21:05,353.25
14.01,66.76,4.76,Charger,2,23:21:05,353.83
13.85,54.96,3.97,Charger,2,23:21:06,354.42
14.27,97.94,6.86,Charger,2,23:21:07,355.0
14.44,74.81,5.18,Charger,2,23:21:07,355.59
13.65,56.12,4.11,Charger,2,23:21:08,356.17
13.64,58.4,4.28,Charger,2,23:21:08,356.76
13.98,86.1,6.16,Charger,2,23:21:09,357.34
13.63,56.96,4.18,Charger,2,23:21:10,357.93
13.74,69.8,5.08,Charger,2,23:21:10,358.51
14.22,66.33,4.66,Charger,2,23:21:11,359.09
13.73,65.9,4.8,Charger,2,23:21:11,359.68
13.6,64.18,4.72,Charger,2,23:21:12,360.27
14.08,77.05,5.47,Charger,2,23:21:12,360.85
13.07,47.38,3.63,Charger,2,23:21:13,361.43
14.04,86.41,6.16,Charger,2,23:21:14,362.02
14.19,63.41,4.47,Charger,2,23:21:14,362.61
13.85,75.2,5.43,Charger,2,23:21:15,363.19
13.58,71.65,5.28,Charger,2,23:21:15,363.78
14.16,104.74,7.4,Charger,2,23:21:16,364.36
13.63,69.21,5.08,Charger,2,23:21:17,364.95
14.11,72.89,5.17,Charger,2,23:21:17,365.54
14.38,90.77,6.31,Charger,2,23:21:18,366.12
14.83,116.36,7.84,Charger,2,23:21:18,366.71
14.77,92.49,6.26,Charger,2,23:21:19,367.29
13.58,106.17,7.82,Charger,2,23:21:19,367.88
14.13,110.12,7.79,Charger,2,23:21:20,368.46
14.1,66.72,4.73,Charger,2,23:21:21,369.05
13.53,61.6,4.55,Charger,2,23:21:21,369.63
14.28,90.16,6.31,Charger,2,23:21:22,370.22
13.46,68.16,5.06,Charger,2,23:21:22,370.81
15.23,90.19,5.92,Charger,2,23:21:23,371.39
14.21,69.12,4.87,Charger,2,23:21:24,371.97
13.63,63.43,4.65,Charger,2,23:21:24,372.56
14.15,82.07,5.8,Charger,2,23:21:25,373.15
13.08,71.2,5.44,Charger,2,23:21:25,373.73
14.4,57.77,4.01,Charger,2,23:21:26,374.31
13.95,58.27,4.18,Charger,2,23:21:27,374.9
14.75,97.78,6.63,Charger,2,23:21:27,375.48
15.11,101.64,6.73,Charger,2,23:21:28,376.07
14.06,68.39,4.87,Charger,2,23:21:28,376.65
13.69,71.26,5.21,Charger,2,23:21:29,377.24
14.15,71.67,5.07,Charger,2,23:21:29,377.83
13.31,63.55,4.78,Charger,2,23:21:30,378.41
14.35,55.16,3.84,Charger,2,23:21:31,379.0
14.47,70.04,4.84,Charger,2,23:21:31,379.58
14.54,108.73,7.48,Charger,2,23:21:32,380.16
13.9,60.88,4.38,Charger,2,23:21:32,380.75
14.78,65.59,4.44,Charger,2,23:21:33,381.34
14.11,66.15,4.69,Charger,2,23:21:34,381.92
14.66,72.42,4.94,Charger,2,23:21:34,382.5
14.47,65.92,4.56,Charger,2,23:21:35,383.09
13.64,88.06,6.46,Charger,2,23:21:35,383.68
13.69,58.65,4.28,Charger,2,23:21:36,384.26
13.73,65.74,4.79,Charger,2,23:21:36,384.85
15.1,97.99,6.49,Charger,2,23:21:37,385.43
13.84,65.24,4.71,Charger,2,23:21:38,386.02
13.03,56.93,4.37,Charger,2,23:21:38,386.6
14.34,69.45,4.84,Charger,2,23:21:39,387.19
14.27,73.77,5.17,Charger,2,23:21:39,387.77
13.54,60.88,4.5,Charger,2,23:21:40,388.36
14.48,57.8,3.99,Charger,2,23:21:41,388.94
13.52,57.01,4.22,Charger,2,23:21:41,389.53
14.65,78.39,5.35,Charger,2,23:21:42,390.11
14.99,73.47,4.9,Charger,2,23:21:42,390.7
14.73,74.35,5.05,Charger,2,23:21:43,391.28
13.84,55.62,4.02,Charger,2,23:21:43,391.87
13.79,68.66,4.98,Charger,2,23:21:44,392.45
13.93,105.31,7.56,Charger,2,23:21:45,393.04
14.29,74.95,5.25,Charger,2,23:21:45,393.62
14.35,88.48,6.17,Charger,2,23:21:46,394.21
14.11,70.89,5.02,Charger,2,23:21:46,394.79
13.71,68.81,5.02,Charger,2,23:21:47,395.37
13.65,61.21,4.49,Charger,2,23:21:48,395.96
14.53,59.04,4.06,Charger,2,23:21:48,396.55
13.97,66.12,4.73,Charger,2,23:21:49,397.13
14.36,62.9,4.38,Charger,2,23:21:49,397.71
13.98,86.34,6.17,Charger,2,23:21:50,398.3
14.95,87.72,5.87,Charger,2,23:21:51,398.89
15.01,142.26,9.48,Charger,2,23:21:51,399.47
14.39,61.08,4.24,Charger,2,23:21:52,400.06
14.83,77.48,5.23,Charger,2,23:21:52,400.65
13.89,71.13,5.12,Charger,2,23:21:53,401.23
13.97,62.9,4.5,Charger,2,23:21:53,401.81
14.73,58.65,3.98,Charger,2,23:21:54,402.4
13.86,73.78,5.32,Charger,2,23:21:55,402.98
13.58,64.92,4.78,Charger,2,23:21:55,403.57
14.87,98.63,6.63,Charger,2,23:21:56,404.16
13.63,67.56,4.96,Charger,2,23:21:56,404.74
13.54,67.23,4.97,Charger,2,23:21:57,405.32
14.02,62.85,4.48,Charger,2,23:21:58,405.91
14.87,102.15,6.87,Charger,2,23:21:58,406.49
13.98,63.19,4.52,Charger,2,23:21:59,407.08
15.05,101.63,6.75,Charger,2,23:21:59,407.67
13.58,54.58,4.02,Charger,2,23:22:00,408.25
13.96,94.64,6.78,Charger,2,23:22:00,408.84
13.84,75.74,5.47,Charger,2,23:22:01,409.42
13.56,53.78,3.97,Charger,2,23:22:02,410.01
14.3,80.88,5.65,Charger,2,23:22:02,410.59
13.95,81.74,5.86,Charger,2,23:22:03,411.18
13.33,68.27,5.12,Charger,2,23:22:03,411.76
14.58,66.72,4.57,Charger,2,23:22:04,412.35
14.24,82.76,5.81,Charger,2,23:22:05,412.93
13.79,60.18,4.36,Charger,2,23:22:05,413.52
15.35,98.46,6.41,Charger,2,23:22:06,414.1
13.67,80.48,5.89,Charger,2,23:22:06,414.69
14.08,69.96,4.97,Charger,2,23:22:07,415.27
12.61,57.59,4.57,Charger,2,23:22:07,415.86
14.88,67.65,4.55,Charger,2,23:22:08,416.44
14.22,96.83,6.81,Charger,2,23:22:09,417.02
14.4,118.81,8.25,Charger,2,23:22:09,417.61
14.89,61.48,4.13,Charger,2,23:22:10,418.2
13.97,78.88,5.65,Charger,2,23:22:10,418.78
14.35,91.76,6.39,Charger,2,23:22:11,419.37
13.73,59.84,4.36,Charger,2,23:22:12,419.95
14.45,96.68,6.69,Charger,2,23:22:12,420.54
14.27,77.43,5.43,Charger,2,23:22:13,421.12
13.42,60.39,4.5,Charger,2,23:22:13,421.71
14.63,85.35,5.83,Charger,2,23:22:14,422.29
14.21,72.73,5.12,Charger,2,23:22:14,422.88
13.26,58.02,4.38,Charger,2,23:22:15,423.46
13.02,73.41,5.64,Charger,2,23:22:16,424.04
13.48,64.11,4.76,Charger,2,23:22:16,424.63
14.23,73.43,5.16,Charger,2,23:22:17,425.22
14.44,83.07,5.75,Charger,2,23:22:17,425.8
14.58,71.83,4.93,Charger,2,23:22:18,426.39
13.28,65.39,4.92,Charger,2,23:22:19,426.97
13.89,95.88,6.9,Charger,2,23:22:19,427.56
13.88,87.38,6.3,Charger,2,23:22:20,428.14
14.1,99.11,7.03,Charger,2,23:22:20,428.73
14.86,84.21,5.67,Charger,2,23:22:21,429.31
13.54,88.11,6.51,Charger,2,23:22:22,429.9
14.33,66.74,4.66,Charger,2,23:22:22,430.48
13.56,55.22,4.07,Charger,2,23:22:23,431.07
14.48,82.43,5.69,Charger,2,23:22:23,431.65
15.88,73.79,4.65,Charger,2,23:22:24,432.24
13.66,73.84,5.41,Charger,2,23:22:24,432.82
14.35,91.05,6.35,Charger,2,23:22:25,433.41
13.52,70.16,5.19,Charger,2,23:22:26,433.99
12.95,59.68,4.61,Charger,2,23:22:26,434.58
13.81,58.52,4.24,Charger,2,23:22:27,435.16
13.76,67.61,4.91,Charger,2,23:22:27,435.75
14.42,58.44,4.05,Charger,2,23:22:28,436.33
14.19,66.43,4.68,Charger,2,23:22:29,436.92
14.48,77.31,5.34,Charger,2,23:22:29,437.5
14.51,76.91,5.3,Charger,2,23:22:30,438.09
14.81,90.36,6.1,Charger,2,23:22:30,438.67
16.23,97.21,5.99,Charger,2,23:22:31,439.25
13.76,100.98,7.34,Charger,2,23:22:31,439.84
14.97,70.47,4.71,Charger,2,23:22:32,440.43
13.99,61.93,4.43,Charger,2,23:22:33,441.02
13.94,57.04,4.09,Charger,2,23:22:33,441.6
13.84,70.42,5.09,Charger,2,23:22:34,442.19
14.2,72.5,5.1,Charger,2,23:22:34,442.77
13.94,66.85,4.8,Charger,2,23:22:35,443.36
13.48,72.77,5.4,Charger,2,23:22:36,443.94
14.41,80.87,5.61,Charger,2,23:22:36,444.53
13.98,119.4,8.54,Charger,2,23:22:37,445.11
14.12,63.48,4.5,Charger,2,23:22:37,445.7
15.04,57.75,3.84,Charger,2,23:22:38,446.28
13.94,74.29,5.33,Charger,2,23:22:38,446.87
13.83,88.89,6.43,Charger,2,23:22:39,447.45
13.09,73.16,5.59,Charger,2,23:22:40,448.04
13.4,59.04,4.41,Charger,2,23:22:40,448.62
13.6,62.67,4.61,Charger,2,23:22:41,449.21
15.76,150.03,9.52,Charger,2,23:22:41,449.79
13.75,64.29,4.68,Charger,2,23:22:42,450.38
13.2,72.9,5.52,Charger,2,23:22:43,450.96
14.62,75.29,5.15,Charger,2,23:22:43,451.54
14.15,69.33,4.9,Charger,2,23:22:44,452.13
14.74,59.73,4.05,Charger,2,23:22:44,452.72
13.9,75.67,5.44,Charger,2,23:22:45,453.3
14.06,63.16,4.49,Charger,2,23:22:46,453.89
14.21,76.38,5.38,Charger,2,23:22:46,454.47
13.96,61.91,4.44,Charger,2,23:22:47,455.06
13.65,57.62,4.22,Charger,2,23:22:47,455.64
14.18,73.36,5.17,Charger,2,23:22:48,456.22
14.13,65.42,4.63,Charger,2,23:22:48,456.81
13.61,68.63,5.04,Charger,2,23:22:49,457.4
13.71,65.08,4.75,Charger,2,23:22:50,457.98
14.34,92.68,6.46,Charger,2,23:22:50,458.57
14.54,62.76,4.32,Charger,2,23:22:51,459.15
13.74,76.87,5.59,Charger,2,23:22:51,459.74
14.08,67.89,4.82,Charger,2,23:22:52,460.32
14.93,86.56,5.8,Charger,2,23:22:53,460.91
13.9,60.92,4.38,Charger,2,23:22:53,461.49
13.63,84.12,6.17,Charger,2,23:22:54,462.07
14.13,102.08,7.22,Charger,2,23:22:54,462.66
14.79,96.02,6.49,Charger,2,23:22:55,463.25
13.77,79.5,5.78,Charger,2,23:22:55,463.83
13.9,62.69,4.51,Charger,2,23:22:56,464.42
13.13,56.66,4.31,Charger,2,23:22:57,465.0
14.36,80.22,5.59,Charger,2,23:22:57,465.59
13.4,87.7,6.54,Charger,2,23:22:58,466.18
14.69,81.98,5.58,Charger,2,23:22:58,466.75
15.06,81.58,5.42,Charger,2,23:22:59,467.35
14.23,72.13,5.07,Charger,2,23:23:00,467.93
13.41,82.73,6.17,Charger,2,23:23:00,468.52
14.1,71.87,5.1,Charger,2,23:23:01,469.1
13.9,68.75,4.95,Charger,2,23:23:01,469.69
13.91,55.17,3.97,Charger,2,23:23:02,470.27
14.03,57.78,4.12,Charger,2,23:23:02,470.85
13.28,56.28,4.24,Charger,2,23:23:03,471.44
14.65,102.57,7.0,Charger,2,23:23:04,472.02
13.88,71.03,5.12,Charger,2,23:23:04,472.61
14.95,100.61,6.73,Charger,2,23:23:05,473.2
14.24,69.8,4.9,Charger,2,23:23:05,473.78
15.11,64.63,4.28,Charger,2,23:23:06,474.37
13.98,105.07,7.52,Charger,2,23:23:07,474.95
13.84,60.83,4.4,Charger,2,23:23:07,475.54
13.39,70.43,5.26,Charger,2,23:23:08,476.12
13.45,65.16,4.84,Charger,2,23:23:08,476.71
13.78,73.56,5.34,Charger,2,23:23:09,477.29
15.33,108.57,7.08,Charger,2,23:23:09,477.88
14.76,80.13,5.43,Charger,2,23:23:10,478.47
15.24,91.43,6.0,Charger,2,23:23:11,479.05
14.05,68.2,4.85,Charger,2,23:23:11,479.64
14.5,92.15,6.36,Charger,2,23:23:12,480.22
13.84,68.3,4.94,Charger,2,23:23:12,480.81
13.53,67.97,5.02,Charger,2,23:23:13,481.39
13.38,61.84,4.62,Charger,2,23:23:14,481.98
13.25,64.99,4.91,Charger,2,23:23:14,482.56
13.28,64.99,4.89,Charger,2,23:23:15,483.15
13.92,89.91,6.46,Charger,2,23:23:15,483.73
15.45,77.01,4.98,Charger,2,23:23:16,484.32
14.07,71.86,5.11,Charger,2,23:23:17,484.9
13.51,53.22,3.94,Charger,2,23:23:17,485.48
13.62,65.06,4.78,Charger,2,23:23:18,486.07
13.09,61.66,4.71,Charger,2,23:23:18,486.66
14.29,87.72,6.14,Charger,2,23:23:19,487.24
14.75,98.49,6.68,Charger,2,23:23:19,487.83
14.02,91.96,6.56,Charger,2,23:23:20,488.41
14.29,64.86,4.54,Charger,2,23:23:21,489.0
14.15,78.69,5.56,Charger,2,23:23:21,489.58
13.89,73.6,5.3,Charger,2,23:23:22,490.17
13.78,69.01,5.01,Charger,2,23:23:22,490.75
13.33,69.91,5.25,Charger,2,23:23:23,491.34
14.5,92.95,6.41,Charger,2,23:23:24,491.92
14.09,74.63,5.3,Charger,2,23:23:24,492.5
13.72,57.81,4.21,Charger,2,23:23:25,493.09
13.86,61.6,4.44,Charger,2,23:23:25,493.68
13.73,68.11,4.96,Charger,2,23:23:26,494.26
14.89,78.96,5.3,Charger,2,23:23:26,494.85
13.51,61.13,4.52,Charger,2,23:23:27,495.43
13.69,66.79,4.88,Charger,2,23:23:28,496.02
13.98,59.76,4.27,Charger,2,23:23:28,496.6
12.74,68.68,5.39,Charger,2,23:23:29,497.19
13.7,59.13,4.32,Charger,2,23:23:29,497.77
13.74,65.83,4.79,Charger,2,23:23:30,498.36
13.18,69.25,5.25,Charger,2,23:23:31,498.94
14.14,75.46,5.34,Charger,2,23:23:31,499.53
15.06,120.51,8.0,Charger,2,23:23:32,500.11
14.51,66.94,4.62,Charger,2,23:23:32,500.7
14.66,117.25,8.0,Charger,2,23:23:33,501.28
15.15,102.03,6.73,Charger,2,23:23:33,501.86
13.56,66.52,4.91,Charger,2,23:23:34,502.46
13.15,68.82,5.24,Charger,2,23:23:35,503.04
14.42,65.02,4.51,Charger,2,23:23:35,503.63
14.09,67.17,4.77,Charger,2,23:23:36,504.21
15.1,84.91,5.62,Charger,2,23:23:36,504.8
14.28,68.34,4.79,Charger,2,23:23:37,505.38
14.33,72.92,5.09,Charger,2,23:23:38,505.96
12.97,57.41,4.42,Charger,2,23:23:38,506.55
14.93,59.13,3.96,Charger,2,23:23:39,507.14
13.98,69.54,4.98,Charger,2,23:23:39,507.72
14.57,74.63,5.12,Charger,2,23:23:40,508.3
12.82,58.65,4.57,Charger,2,23:23:41,508.89
14.15,63.75,4.5,Charger,2,23:23:41,509.48
14.57,64.94,4.46,Charger,2,23:23:42,510.06
13.46,61.1,4.54,Charger,2,23:23:42,510.64
14.68,106.43,7.25,Charger,2,23:23:43,511.23
15.06,103.11,6.85,Charger,2,23:23:43,511.82
14.21,67.82,4.77,Charger,2,23:23:44,512.4
13.11,69.53,5.3,Charger,2,23:23:45,512.99
14.35,71.87,5.01,Charger,2,23:23:45,513.57
14.46,86.14,5.96,Charger,2,23:23:46,514.16
14.24,63.99,4.49,Charger,2,23:23:46,514.75
13.97,82.27,5.89,Charger,2,23:23:47,515.33
14.94,88.86,5.95,Charger,2,23:23:48,515.91
12.91,71.4,5.53,Charger,2,23:23:48,516.5
13.04,58.23,4.46,Charger,2,23:23:49,517.08
14.38,86.56,6.02,Charger,2,23:23:49,517.67
14.32,89.45,6.25,Charger,2,23:23:50,518.25
13.19,72.34,5.49,Charger,2,23:23:50,518.84
14.55,97.83,6.72,Charger,2,23:23:51,519.42
14.01,87.6,6.25,Charger,2,23:23:52,520.01
13.86,56.16,4.05,Charger,2,23:23:52,520.59
13.42,57.56,4.29,Charger,2,23:23:53,521.18
14.33,72.66,5.07,Charger,2,23:23:53,521.76
13.74,69.09,5.03,Charger,2,23:23:54,522.35
14.62,75.08,5.14,Charger,2,23:23:55,522.93
12.97,53.33,4.11,Charger,2,23:23:55,523.52
13.42,58.6,4.36,Charger,2,23:23:56,524.1
13.28,58.22,4.38,Charger,2,23:23:56,524.69
14.55,64.48,4.43,Charger,2,23:23:57,525.27
14.0,64.66,4.62,Charger,2,23:23:57,525.86
14.53,75.12,5.17,Charger,2,23:23:58,526.45
13.56,58.26,4.3,Charger,2,23:23:59,527.03
14.05,65.84,4.69,Charger,2,23:23:59,527.61
13.74,57.45,4.18,Charger,2,23:24:00,528.19
13.81,105.76,7.66,Charger,2,23:24:00,528.78
13.47,69.6,5.17,Charger,2,23:24:01,529.37
14.04,88.15,6.28,Charger,2,23:24:02,529.96
15.2,83.06,5.46,Charger,2,23:24:02,530.54
14.01,102.26,7.3,Charger,2,23:24:03,531.13
13.94,67.12,4.81,Charger,2,23:24:03,531.71
13.53,69.67,5.15,Charger,2,23:24:04,532.3
13.86,57.2,4.13,Charger,2,23:24:04,532.88
14.04,87.26,6.22,Charger,2,23:24:05,533.47
13.68,55.43,4.05,Charger,2,23:24:06,534.05
13.96,73.62,5.27,Charger,2,23:24:06,534.64
13.97,79.29,5.68,Charger,2,23:24:07,535.22
14.85,69.67,4.69,Charger,2,23:24:07,535.81
13.62,65.67,4.82,Charger,2,23:24:08,536.39
13.2,60.46,4.58,Charger,2,23:24:09,536.97
13.2,98.96,7.5,Charger,2,23:24:09,537.56
13.41,55.91,4.17,Charger,2,23:24:10,538.15
13.93,85.47,6.13,Charger,2,23:24:10,538.73
14.65,103.92,7.09,Charger,2,23:24:11,539.32
13.87,59.97,4.32,Charger,2,23:24:12,539.9
13.38,60.55,4.53,Charger,2,23:24:12,540.48
14.24,79.32,5.57,Charger,2,23:24:13,541.08
13.87,78.83,5.68,Charger,2,23:24:13,541.66
13.66,71.72,5.25,Charger,2,23:24:14,542.24
15.33,83.3,5.43,Charger,2,23:24:14,542.83
13.22,66.7,5.04,Charger,2,23:24:15,543.41
13.6,68.47,5.03,Charger,2,23:24:16,544.0
13.36,62.03,4.64,Charger,2,23:24:16,544.59
13.74,60.87,4.43,Charger,2,23:24:17,545.17
14.32,62.24,4.35,Charger,2,23:24:17,545.75
14.63,68.9,4.71,Charger,2,23:24:18,546.34
14.88,70.64,4.75,Charger,2,23:24:19,546.93
14.47,74.77,5.17,Charger,2,23:24:19,547.51
13.63,81.2,5.96,Charger,2,23:24:20,548.09
14.48,89.67,6.19,Charger,2,23:24:20,548.68
13.8,70.16,5.08,Charger,2,23:24:21,549.26
13.95,66.28,4.75,Charger,2,23:24:21,549.85
15.0,69.16,4.61,Charger,2,23:24:22,550.43
13.81,69.86,5.06,Charger,2,23:24:23,551.02
15.31,80.92,5.28,Charger,2,23:24:23,551.61
14.41,75.61,5.25,Charger,2,23:24:24,552.19
13.92,87.03,6.25,Charger,2,23:24:24,552.77
13.36,62.59,4.69,Charger,2,23:24:25,553.36
14.23,81.34,5.71,Charger,2,23:24:26,553.94
13.96,71.13,5.09,Charger,2,23:24:26,554.53
14.12,68.64,4.86,Charger,2,23:24:27,555.11
14.16,67.58,4.77,Charger,2,23:24:27,555.7
14.2,63.23,4.45,Charger,2,23:24:28,556.28
14.29,63.54,4.45,Charger,2,23:24:28,556.87
14.32,75.4,5.27,Charger,2,23:24:29,557.46
14.31,77.78,5.44,Charger,2,23:24:30,558.04
13.97,70.95,5.08,Charger,2,23:24:30,558.63
14.18,71.89,5.07,Charger,2,23:24:31,559.21
13.56,78.33,5.78,Charger,2,23:24:31,559.8
14.29,85.83,6.0,Charger,2,23:24:32,560.38
13.54,61.59,4.55,Charger,2,23:24:33,560.96
15.05,79.04,5.25,Charger,2,23:24:33,561.55
13.87,81.73,5.89,Charger,2,23:24:34,562.14
14.13,77.19,5.46,Charger,2,23:24:34,562.72
14.09,54.61,3.88,Charger,2,23:24:35,563.3
13.88,65.64,4.73,Charger,2,23:24:36,563.89
14.24,72.64,5.1,Charger,2,23:24:36,564.47
15.39,71.28,4.63,Charger,2,23:24:37,565.06
14.05,84.38,6.01,Charger,2,23:24:37,565.65
13.44,63.42,4.72,Charger,2,23:24:38,566.23
14.37,68.03,4.73,Charger,2,23:24:38,566.82
14.24,59.21,4.16,Charger,2,23:24:39,567.4
14.35,96.12,6.7,Charger,2,23:24:40,567.98
14.09,58.93,4.18,Charger,2,23:24:40,568.57
13.8,71.41,5.17,Charger,2,23:24:41,569.16
13.11,59.85,4.57,Charger,2,23:24:41,569.74
13.7,69.96,5.1,Charger,2,23:24:42,570.32
13.71,99.4,7.25,Charger,2,23:24:43,570.91
13.91,68.19,4.9,Charger,2,23:24:43,571.5
13.93,56.4,4.05,Charger,2,23:24:44,572.08
14.36,55.98,3.9,Charger,2,23:24:44,572.66
13.37,74.83,5.6,Charger,2,23:24:45,573.24
14.19,73.91,5.21,Charger,2,23:24:45,573.84
14.34,61.74,4.3,Charger,2,23:24:46,574.41
14.28,59.63,4.18,Charger,2,23:24:47,575.0
13.7,62.1,4.53,Charger,2,23:24:47,575.59
14.52,59.37,4.09,Charger,2,23:24:48,576.17
15.1,102.69,6.8,Charger,2,23:24:48,576.76
15.19,71.29,4.69,Charger,2,23:24:49,577.34
14.88,74.17,4.98,Charger,2,23:24:50,577.93
14.21,61.46,4.32,Charger,2,23:24:50,578.51
14.59,78.48,5.38,Charger,2,23:24:51,579.1
13.96,62.13,4.45,Charger,2,23:24:51,579.69
15.44,99.52,6.44,Charger,2,23:24:52,580.27
13.85,68.21,4.92,Charger,2,23:24:52,580.86
13.87,82.23,5.93,Charger,2,23:24:53,581.44
15.02,68.13,4.54,Charger,2,23:24:54,582.03
13.73,53.85,3.92,Charger,2,23:24:54,582.61
15.12,95.37,6.31,Charger,2,23:24:55,583.19
14.41,74.62,5.18,Charger,2,23:24:55,583.78
14.61,74.78,5.12,Charger,2,23:24:56,584.37
13.48,85.96,6.38,Charger,2,23:24:57,584.95
14.1,67.52,4.79,Charger,2,23:24:57,585.54
14.65,78.64,5.37,Charger,2,23:24:58,586.12
13.92,70.89,5.09,Charger,2,23:24:58,586.71
13.15,74.23,5.65,Charger,2,23:24:59,587.29
14.45,70.76,4.89,Charger,2,23:24:59,587.88
14.25,118.32,8.3,Charger,2,23:25:00,588.46
12.23,65.16,5.33,Charger,2,23:25:01,589.05
12.05,49.59,4.12,Charger,2,23:25:01,589.63
12.75,50.84,3.99,Charger,2,23:25:02,590.22
13.32,68.92,5.18,Charger,2,23:25:02,590.8
14.09,66.44,4.72,Charger,2,23:25:03,591.39
13.94,93.91,6.73,Charger,2,23:25:04,591.97
13.25,58.89,4.45,Charger,2,23:25:04,592.56
13.55,65.62,4.84,Charger,2,23:25:05,593.14
13.19,68.3,5.18,Charger,2,23:25:05,593.73
14.95,88.86,5.94,Charger,2,23:25:06,594.31
14.01,71.11,5.07,Charger,2,23:25:07,594.9
13.59,58.23,4.29,Charger,2,23:25:07,595.48
13.09,61.45,4.7,Charger,2,23:25:08,596.07
13.15,60.26,4.58,Charger,2,23:25:08,596.65
14.03,113.38,8.08,Charger,2,23:25:09,597.24
13.75,90.1,6.55,Charger,2,23:25:09,597.83
14.32,65.12,4.55,Charger,2,23:25:10,598.41
13.62,72.89,5.35,Charger,2,23:25:11,598.99
14.09,82.37,5.85,Charger,2,23:25:11,599.58
14.41,64.76,4.49,Charger,2,23:25:12,600.17
13.65,84.97,6.22,Charger,2,23:25:12,600.75
13.87,68.89,4.97,Charger,2,23:25:13,601.34
13.65,70.82,5.19,Charger,2,23:25:14,601.92
13.68,75.64,5.53,Charger,2,23:25:14,602.5
14.18,88.51,6.24,Charger,2,23:25:15,603.09
13.27,64.29,4.84,Charger,2,23:25:15,603.68
13.99,72.39,5.17,Charger,2,23:25:16,604.26
13.35,67.49,5.06,Charger,2,23:25:16,604.85
14.18,86.68,6.11,Charger,2,23:25:17,605.43
14.04,56.14,4.0,Charger,2,23:25:18,606.02
13.94,59.38,4.26,Charger,2,23:25:18,606.6
12.92,64.53,4.99,Charger,2,23:25:19,607.19
12.26,60.91,4.97,Charger,2,23:25:19,607.77
13.19,61.81,4.69,Charger,2,23:25:20,608.35
13.7,67.73,4.94,Charger,2,23:25:21,608.94
13.11,54.48,4.16,Charger,2,23:25:21,609.52
13.54,60.0,4.43,Charger,2,23:25:22,610.11
12.79,62.64,4.9,Charger,2,23:25:22,610.69
13.27,60.09,4.53,Charger,2,23:25:23,611.28
13.0,73.73,5.67,Charger,2,23:25:23,611.86
13.19,79.3,6.01,Charger,2,23:25:24,612.45
12.84,75.15,5.85,Charger,2,23:25:25,613.04
12.54,55.89,4.46,Charger,2,23:25:25,613.62
12.13,60.05,4.95,Charger,2,23:25:26,614.2
13.51,60.56,4.48,Charger,2,23:25:26,614.79
13.05,91.7,7.03,Charger,2,23:25:27,615.38
12.83,78.84,6.14,Charger,2,23:25:28,615.96
12.64,100.35,7.94,Charger,2,23:25:28,616.55
13.03,79.78,6.12,Charger,2,23:25:29,617.13
13.22,75.43,5.71,Charger,2,23:25:29,617.72
12.86,63.13,4.91,Charger,2,23:25:30,618.3
12.52,64.45,5.15,Charger,2,23:25:31,618.89
13.06,61.48,4.71,Charger,2,23:25:31,619.47
13.47,70.08,5.2,Charger,2,23:25:32,620.06
13.02,65.44,5.03,Charger,2,23:25:32,620.64
12.76,58.55,4.59,Charger,2,23:25:33,621.23
12.96,74.65,5.76,Charger,2,23:25:33,621.81
13.95,74.81,5.36,Charger,2,23:25:34,622.4
13.71,65.09,4.75,Charger,2,23:25:35,622.98
13.79,70.11,5.08,Charger,2,23:25:35,623.57
13.41,62.41,4.65,Charger,2,23:25:36,624.15
13.55,57.69,4.26,Charger,2,23:25:36,624.73
13.21,67.51,5.11,Charger,2,23:25:37,625.32
13.94,63.42,4.55,Charger,2,23:25:38,625.91
13.83,61.91,4.48,Charger,2,23:25:38,626.49
14.16,69.76,4.93,Charger,2,23:25:39,627.07
14.56,59.32,4.07,NO LOAD,3,23:25:53,641.1
14.51,65.49,4.51,NO LOAD,3,23:25:53,641.11
14.09,86.81,6.16,NO LOAD,3,23:25:53,641.11
14.58,69.85,4.79,NO LOAD,3,23:25:53,641.11
13.28,62.67,4.72,NO LOAD,3,23:25:53,641.11
13.8,73.6,5.33,NO LOAD,3,23:25:53,641.11
14.57,105.24,7.23,NO LOAD,3,23:25:53,641.11
13.25,69.2,5.22,NO LOAD,3,23:25:53,641.11
13.52,73.9,5.47,NO LOAD,3,23:25:53,641.11
13.73,74.88,5.45,NO LOAD,3,23:25:53,641.11
11.81,57.31,4.85,NO LOAD,3,23:25:53,641.11
10.5,60.9,5.8,NO LOAD,3,23:25:53,641.12
11.88,60.77,5.12,NO LOAD,3,23:25:53,641.12
11.18,67.92,6.07,NO LOAD,3,23:25:53,641.12
11.66,70.11,6.01,NO LOAD,3,23:25:53,641.12
13.18,95.03,7.21,NO LOAD,3,23:25:53,641.12
10.95,57.63,5.26,NO LOAD,3,23:25:53,641.12
11.29,53.78,4.76,NO LOAD,3,23:25:53,641.12
11.02,51.16,4.64,NO LOAD,3,23:25:53,641.12
10.34,52.23,5.05,NO LOAD,3,23:25:53,641.12
10.23,52.61,5.14,NO LOAD,3,23:25:53,641.13
10.27,55.25,5.38,NO LOAD,3,23:25:53,641.13
10.76,58.84,5.47,NO LOAD,3,23:25:53,641.13
10.62,58.61,5.52,NO LOAD,3,23:25:53,641.13
10.63,59.31,5.58,NO LOAD,3,23:25:53,641.7
9.77,58.81,6.02,NO LOAD,3,23:25:54,642.29
10.51,94.1,8.95,NO LOAD,3,23:25:54,642.87
11.2,58.46,5.22,NO LOAD,3,23:25:55,643.46
10.56,59.36,5.62,NO LOAD,3,23:25:56,644.04
10.34,56.06,5.42,NO LOAD,3,23:25:56,644.63
9.05,48.44,5.35,NO LOAD,3,23:25:57,645.21
10.03,63.88,6.37,NO LOAD,3,23:25:57,645.79
9.93,57.67,5.81,NO LOAD,3,23:25:58,646.38
10.16,94.44,9.3,NO LOAD,3,23:25:59,646.96
9.84,67.18,6.82,NO LOAD,3,23:25:59,647.54
8.67,54.63,6.3,NO LOAD,3,23:26:00,648.13
9.07,59.23,6.53,NO LOAD,3,23:26:00,648.71
8.96,49.69,5.55,NO LOAD,3,23:26:01,649.3
9.77,88.02,9.01,NO LOAD,3,23:26:01,649.88
9.04,62.15,6.87,NO LOAD,3,23:26:02,650.46
10.18,50.75,4.98,NO LOAD,3,23:26:03,651.05
8.99,43.38,4.82,NO LOAD,3,23:26:03,651.63
9.64,60.84,6.31,NO LOAD,3,23:26:04,652.21
9.78,57.68,5.9,NO LOAD,3,23:26:04,652.8
10.01,58.42,5.84,NO LOAD,3,23:26:05,653.38
9.17,58.58,6.39,NO LOAD,3,23:26:06,653.96
8.92,54.68,6.13,NO LOAD,3,23:26:06,654.55
10.88,60.4,5.55,NO LOAD,3,23:26:07,655.13
9.2,55.21,6.0,NO LOAD,3,23:26:07,655.71
10.43,59.23,5.68,NO LOAD,3,23:26:08,656.3
9.56,53.41,5.59,NO LOAD,3,23:26:08,656.88
10.45,98.26,9.4,NO LOAD,3,23:26:09,657.47
8.88,54.43,6.13,NO LOAD,3,23:26:10,658.05
11.15,79.26,7.11,NO LOAD,3,23:26:10,658.63
9.53,52.65,5.53,NO LOAD,3,23:26:11,659.21
10.52,74.12,7.04,NO LOAD,3,23:26:11,659.8
10.62,82.08,7.73,NO LOAD,3,23:26:12,660.39
9.71,59.82,6.16,NO LOAD,3,23:26:13,660.97
10.19,56.46,5.54,NO LOAD,3,23:26:13,661.56
9.94,55.78,5.61,NO LOAD,3,23:26:14,662.14
8.72,62.11,7.12,NO LOAD,3,23:26:14,662.72
9.63,51.92,5.39,NO LOAD,3,23:26:15,663.31
9.77,58.86,6.02,NO LOAD,3,23:26:16,663.88
10.03,53.84,5.37,NO LOAD,3,23:26:16,664.47
9.04,51.38,5.68,NO LOAD,3,23:26:17,665.06
9.66,52.98,5.48,NO LOAD,3,23:26:17,665.64
10.11,54.33,5.37,NO LOAD,3,23:26:18,666.22
9.03,50.45,5.59,NO LOAD,3,23:26:18,666.81
9.95,62.1,6.24,NO LOAD,3,23:26:19,667.39
9.59,63.41,6.61,NO LOAD,3,23:26:20,667.97
9.99,57.88,5.79,NO LOAD,3,23:26:20,668.56
10.26,53.71,5.24,NO LOAD,3,23:26:21,669.14
9.27,51.18,5.52,NO LOAD,3,23:26:21,669.73
10.18,73.43,7.21,NO LOAD,3,23:26:22,670.31
9.82,60.97,6.21,NO LOAD,3,23:26:23,670.9
11.04,74.95,6.79,NO LOAD,3,23:26:23,671.48
10.13,65.67,6.48,NO LOAD,3,23:26:24,672.06
10.64,76.66,7.2,NO LOAD,3,23:26:24,672.65
10.22,60.74,5.94,NO LOAD,3,23:26:25,673.23
10.27,55.57,5.41,NO LOAD,3,23:26:25,673.82
11.13,78.98,7.09,NO LOAD,3,23:26:26,674.4
8.92,66.64,7.47,NO LOAD,3,23:26:27,674.99
10.68,67.28,6.3,NO LOAD,3,23:26:27,675.57
11.55,80.43,6.97,NO LOAD,3,23:26:28,676.16
11.02,82.63,7.5,NO LOAD,3,23:26:28,676.74
11.21,71.17,6.35,NO LOAD,3,23:26:29,677.33
9.06,58.33,6.44,NO LOAD,3,23:26:30,677.91
9.3,47.11,5.06,NO LOAD,3,23:26:30,678.49
10.23,70.34,6.87,NO LOAD,3,23:26:31,679.08
10.14,59.01,5.82,NO LOAD,3,23:26:31,679.66
9.84,61.18,6.22,NO LOAD,3,23:26:32,680.25
9.94,53.7,5.4,NO LOAD,3,23:26:32,680.83
10.64,56.48,5.31,NO LOAD,3,23:26:33,681.41
10.53,60.87,5.78,NO LOAD,3,23:26:34,682.0
11.12,58.62,5.27,NO LOAD,3,23:26:34,682.58
10.44,60.91,5.83,NO LOAD,3,23:26:35,683.17
11.7,59.27,5.06,NO LOAD,3,23:26:35,683.75
10.46,102.13,9.76,NO LOAD,3,23:26:36,684.34
11.13,65.77,5.91,NO LOAD,3,23:26:37,684.93
9.91,55.14,5.56,NO LOAD,3,23:26:37,685.51
10.81,61.27,5.67,NO LOAD,3,23:26:38,686.09
10.05,52.11,5.19,NO LOAD,3,23:26:38,686.68
10.62,60.38,5.68,NO LOAD,3,23:26:39,687.26
10.52,68.88,6.55,NO LOAD,3,23:26:39,687.85
9.6,57.15,5.95,NO LOAD,3,23:26:40,688.43
10.86,61.99,5.71,NO LOAD,3,23:26:41,689.02
11.02,70.54,6.4,NO LOAD,3,23:26:41,689.6
10.6,54.15,5.11,NO LOAD,3,23:26:42,690.19
10.83,67.09,6.19,NO LOAD,3,23:26:42,690.77
10.62,66.63,6.27,NO LOAD,3,23:26:43,691.35
10.37,59.43,5.73,NO LOAD,3,23:26:44,691.94
9.79,61.91,6.32,NO LOAD,3,23:26:44,692.52
10.14,80.23,7.91,NO LOAD,3,23:26:45,693.11
10.25,73.24,7.15,NO LOAD,3,23:26:45,693.69
10.01,57.04,5.7,NO LOAD,3,23:26:46,694.28
9.53,58.71,6.16,NO LOAD,3,23:26:46,694.87
11.16,59.06,5.29,NO LOAD,3,23:26:47,695.45
10.8,58.73,5.44,NO LOAD,3,23:26:48,696.03
10.38,58.64,5.65,NO LOAD,3,23:26:48,696.62
10.48,77.18,7.37,NO LOAD,3,23:26:49,697.2
10.01,70.46,7.04,NO LOAD,3,23:26:49,697.79
10.69,87.57,8.19,NO LOAD,3,23:26:50,698.37
10.94,96.39,8.81,NO LOAD,3,23:26:51,698.96
10.26,49.99,4.87,NO LOAD,3,23:26:51,699.54
10.11,56.83,5.62,NO LOAD,3,23:26:52,700.13
10.59,58.85,5.56,NO LOAD,3,23:26:52,700.71
9.76,54.13,5.54,NO LOAD,3,23:26:53,701.29
9.97,58.08,5.82,NO LOAD,3,23:26:53,701.88
10.94,58.63,5.36,NO LOAD,3,23:26:54,702.47
11.18,74.67,6.68,NO LOAD,3,23:26:55,703.05
10.69,58.87,5.51,NO LOAD,3,23:26:55,703.64
10.32,53.82,5.22,NO LOAD,3,23:26:56,704.22
10.99,60.12,5.47,NO LOAD,3,23:26:56,704.81
11.67,58.68,5.03,NO LOAD,3,23:26:57,705.39
11.18,58.99,5.28,NO LOAD,3,23:26:58,705.98
10.32,59.49,5.76,NO LOAD,3,23:26:58,706.56
10.11,58.85,5.82,NO LOAD,3,23:26:59,707.15
11.15,78.18,7.01,NO LOAD,3,23:26:59,707.73
10.34,64.61,6.25,NO LOAD,3,23:27:00,708.31
10.07,57.32,5.69,NO LOAD,3,23:27:01,708.9
10.32,52.32,5.07,NO LOAD,3,23:27:01,709.49
10.78,66.5,6.17,NO LOAD,3,23:27:02,710.07
10.63,58.92,5.54,NO LOAD,3,23:27:02,710.66
10.13,56.6,5.59,NO LOAD,3,23:27:03,711.24
10.66,65.26,6.12,NO LOAD,3,23:27:03,711.82
11.23,58.65,5.22,NO LOAD,3,23:27:04,712.41
9.75,62.86,6.44,NO LOAD,3,23:27:05,713.0
10.28,54.94,5.35,NO LOAD,3,23:27:05,713.58
10.51,53.58,5.1,NO LOAD,3,23:27:06,714.16
10.48,70.53,6.73,NO LOAD,3,23:27:06,714.75
10.15,63.62,6.27,NO LOAD,3,23:27:07,715.33
10.22,64.57,6.32,NO LOAD,3,23:27:08,715.92
10.36,62.6,6.04,NO LOAD,3,23:27:08,716.5
10.37,50.3,4.85,NO LOAD,3,23:27:09,717.09
11.01,62.62,5.69,NO LOAD,3,23:27:09,717.67
10.49,55.77,5.31,NO LOAD,3,23:27:10,718.26
9.71,57.08,5.88,NO LOAD,3,23:27:10,718.84
9.81,59.37,6.05,NO LOAD,3,23:27:11,719.43
11.52,67.45,5.85,NO LOAD,3,23:27:12,720.01
11.07,52.64,4.76,NO LOAD,3,23:27:12,720.6
10.53,62.36,5.92,NO LOAD,3,23:27:13,721.18
10.47,56.69,5.42,NO LOAD,3,23:27:13,721.77
9.95,62.75,6.31,NO LOAD,3,23:27:14,722.35
10.15,63.31,6.24,NO LOAD,3,23:27:15,722.94
9.95,65.15,6.55,NO LOAD,3,23:27:15,723.52
10.2,59.89,5.87,NO LOAD,3,23:27:16,724.1
9.72,59.8,6.15,NO LOAD,3,23:27:16,724.68
10.73,59.32,5.53,NO LOAD,3,23:27:17,725.27
10.5,60.57,5.77,NO LOAD,3,23:27:17,725.86
9.44,56.51,5.99,NO LOAD,3,23:27:18,726.44
10.23,63.54,6.21,NO LOAD,3,23:27:19,727.03
10.67,53.29,4.99,NO LOAD,3,23:27:19,727.61
10.24,48.8,4.77,NO LOAD,3,23:27:20,728.2
9.94,54.88,5.52,NO LOAD,3,23:27:20,728.78
10.96,52.59,4.8,NO LOAD,3,23:27:21,729.36
11.31,65.14,5.76,NO LOAD,3,23:27:22,729.95
11.3,63.1,5.59,NO LOAD,3,23:27:22,730.53
10.21,63.62,6.23,NO LOAD,3,23:27:23,731.12
10.67,62.55,5.86,NO LOAD,3,23:27:23,731.7
11.05,56.94,5.15,NO LOAD,3,23:27:24,732.29
9.62,50.71,5.27,NO LOAD,3,23:27:24,732.87
10.42,68.46,6.57,NO LOAD,3,23:27:25,733.46
10.79,72.33,6.7,NO LOAD,3,23:27:26,734.04
11.11,64.11,5.77,NO LOAD,3,23:27:26,734.62
10.42,61.83,5.94,NO LOAD,3,23:27:27,735.21
10.47,64.15,6.13,NO LOAD,3,23:27:27,735.8
11.85,63.23,5.34,NO LOAD,3,23:27:28,736.38
10.69,62.83,5.88,NO LOAD,3,23:27:29,736.97
10.51,55.07,5.24,NO LOAD,3,23:27:29,737.55
10.09,54.1,5.36,NO LOAD,3,23:27:30,738.14
9.32,56.44,6.05,NO LOAD,3,23:27:30,738.72
10.08,66.52,6.6,NO LOAD,3,23:27:31,739.3
9.36,60.08,6.42,NO LOAD,3,23:27:32,739.89
9.18,61.34,6.68,NO LOAD,3,23:27:32,740.47
10.56,61.9,5.86,NO LOAD,3,23:27:33,741.05
9.47,53.93,5.7,NO LOAD,3,23:27:33,741.64
10.11,64.43,6.37,NO LOAD,3,23:27:34,742.22
11.26,63.68,5.66,NO LOAD,3,23:27:34,742.81
11.05,61.57,5.57,NO LOAD,3,23:27:35,743.39
10.66,61.7,5.79,NO LOAD,3,23:27:36,743.98
10.12,68.07,6.72,NO LOAD,3,23:27:36,744.56
11.31,58.52,5.17,NO LOAD,3,23:27:37,745.14
9.38,56.99,6.07,NO LOAD,3,23:27:37,745.73
10.65,64.8,6.08,NO LOAD,3,23:27:38,746.32
10.26,58.45,5.7,NO LOAD,3,23:27:39,746.9
10.62,54.52,5.14,NO LOAD,3,23:27:39,747.49
10.24,63.8,6.23,NO LOAD,3,23:27:40,748.07
10.83,54.75,5.05,NO LOAD,3,23:27:40,748.65
9.54,52.04,5.46,NO LOAD,3,23:27:41,749.24
10.73,74.18,6.91,NO LOAD,3,23:27:41,749.82
10.63,60.51,5.69,NO LOAD,3,23:27:42,750.41
10.16,59.62,5.87,NO LOAD,3,23:27:43,750.99
10.09,54.88,5.44,NO LOAD,3,23:27:43,751.58
9.7,54.72,5.64,NO LOAD,3,23:27:44,752.16
10.31,57.2,5.55,NO LOAD,3,23:27:44,752.75
11.17,64.42,5.77,NO LOAD,3,23:27:45,753.33
9.57,60.71,6.34,NO LOAD,3,23:27:46,753.92
10.75,59.48,5.53,NO LOAD,3,23:27:46,754.5
10.57,56.99,5.39,NO LOAD,3,23:27:47,755.08
10.33,53.13,5.15,NO LOAD,3,23:27:47,755.67
9.14,49.34,5.4,NO LOAD,3,23:27:48,756.25
9.9,60.27,6.09,NO LOAD,3,23:27:48,756.84
10.99,60.53,5.51,NO LOAD,3,23:27:49,757.42
10.48,64.41,6.14,NO LOAD,3,23:27:50,758.01
10.88,76.16,7.0,NO LOAD,3,23:27:50,758.59
10.72,63.55,5.93,NO LOAD,3,23:27:51,759.18
10.08,52.34,5.19,NO LOAD,3,23:27:51,759.76
9.85,54.71,5.55,NO LOAD,3,23:27:52,760.34
10.5,58.65,5.59,NO LOAD,3,23:27:53,760.93
11.12,60.24,5.42,NO LOAD,3,23:27:53,761.52
9.91,54.05,5.45,NO LOAD,3,23:27:54,762.1
10.65,59.36,5.57,NO LOAD,3,23:27:54,762.68
11.08,62.93,5.68,NO LOAD,3,23:27:55,763.27
10.11,58.69,5.81,NO LOAD,3,23:27:55,763.85
10.52,62.2,5.91,NO LOAD,3,23:27:56,764.44
10.34,44.23,4.28,NO LOAD,3,23:27:57,765.02
10.81,56.36,5.21,NO LOAD,3,23:27:57,765.6
10.26,56.64,5.52,NO LOAD,3,23:27:58,766.19
10.55,67.75,6.42,NO LOAD,3,23:27:58,766.78
11.35,64.35,5.67,NO LOAD,3,23:27:59,767.36
11.1,66.87,6.03,NO LOAD,3,23:28:00,767.95
10.32,53.29,5.16,NO LOAD,3,23:28:00,768.53
10.43,56.6,5.43,NO LOAD,3,23:28:01,769.12
9.84,58.9,5.99,NO LOAD,3,23:28:01,769.7
9.64,57.16,5.93,NO LOAD,3,23:28:02,770.29
10.83,58.4,5.39,NO LOAD,3,23:28:02,770.87
9.96,50.86,5.1,NO LOAD,3,23:28:03,771.45
9.91,62.89,6.35,NO LOAD,3,23:28:04,772.04
11.03,65.92,5.98,NO LOAD,3,23:28:04,772.62
9.81,49.25,5.02,NO LOAD,3,23:28:05,773.21
10.02,61.5,6.14,NO LOAD,3,23:28:05,773.79
10.67,71.35,6.68,NO LOAD,3,23:28:06,774.38
9.81,56.17,5.72,NO LOAD,3,23:28:07,774.96
10.42,75.08,7.21,NO LOAD,3,23:28:07,775.54
9.95,63.88,6.42,NO LOAD,3,23:28:08,776.13
10.35,66.22,6.4,NO LOAD,3,23:28:08,776.71
9.78,57.06,5.83,NO LOAD,3,23:28:09,777.3
10.9,78.85,7.24,NO LOAD,3,23:28:09,777.88
10.41,57.76,5.55,NO LOAD,3,23:28:10,778.47
10.73,61.53,5.74,NO LOAD,3,23:28:11,779.05
10.69,56.17,5.25,NO LOAD,3,23:28:11,779.64
9.71,54.2,5.58,NO LOAD,3,23:28:12,780.22
10.68,57.13,5.35,NO LOAD,3,23:28:12,780.8
11.27,57.17,5.07,NO LOAD,3,23:28:13,781.39
10.08,61.61,6.11,NO LOAD,3,23:28:14,781.97
10.21,53.12,5.2,NO LOAD,3,23:28:14,782.56
11.37,77.14,6.78,NO LOAD,3,23:28:15,783.14
10.29,59.63,5.8,NO LOAD,3,23:28:15,783.73
11.29,63.25,5.6,NO LOAD,3,23:28:16,784.31
10.03,77.28,7.7,NO LOAD,3,23:28:17,784.9
9.88,61.5,6.23,NO LOAD,3,23:28:17,785.48
10.03,60.18,6.0,NO LOAD,3,23:28:18,786.07
10.66,67.69,6.35,NO LOAD,3,23:28:18,786.65
10.58,59.6,5.63,NO LOAD,3,23:28:19,787.24
9.98,46.3,4.64,NO LOAD,3,23:28:19,787.82
9.43,57.42,6.09,NO LOAD,3,23:28:20,788.4
10.75,65.26,6.07,NO LOAD,3,23:28:21,788.98
10.04,63.48,6.33,NO LOAD,3,23:28:21,789.57
10.33,65.7,6.36,NO LOAD,3,23:28:22,790.16
10.16,52.48,5.17,NO LOAD,3,23:28:22,790.74
10.51,57.05,5.43,NO LOAD,3,23:28:23,791.33
11.6,77.25,6.66,NO LOAD,3,23:28:24,791.91
10.93,61.78,5.65,NO LOAD,3,23:28:24,792.49
10.82,58.08,5.37,NO LOAD,3,23:28:25,793.09
11.01,53.32,4.84,NO LOAD,3,23:28:25,793.67
10.65,74.22,6.97,NO LOAD,3,23:28:26,794.26
10.29,56.77,5.52,NO LOAD,3,23:28:26,794.84
10.91,75.75,6.94,NO LOAD,3,23:28:27,795.43
10.67,59.15,5.55,NO LOAD,3,23:28:28,796.01
10.59,96.16,9.08,NO LOAD,3,23:28:28,796.6
11.11,61.47,5.53,NO LOAD,3,23:28:29,797.18
9.43,49.53,5.25,NO LOAD,3,23:28:29,797.76
11.71,56.18,4.8,NO LOAD,3,23:28:30,798.35
10.0,60.74,6.07,NO LOAD,3,23:28:31,798.93
9.95,57.39,5.77,NO LOAD,3,23:28:31,799.52
9.86,53.44,5.42,NO LOAD,3,23:28:32,800.1
10.03,64.01,6.38,NO LOAD,3,23:28:32,800.69
11.02,60.14,5.45,NO LOAD,3,23:28:33,801.27
10.6,63.33,5.98,NO LOAD,3,23:28:33,801.86
9.62,46.31,4.81,NO LOAD,3,23:28:34,802.44
10.64,56.45,5.31,NO LOAD,3,23:28:35,803.02
9.77,85.6,8.76,NO LOAD,3,23:28:35,803.61
11.68,75.87,6.49,NO LOAD,3,23:28:36,804.19
11.06,59.32,5.36,NO LOAD,3,23:28:36,804.78
10.57,63.77,6.03,NO LOAD,3,23:28:37,805.36
11.38,70.02,6.15,NO LOAD,3,23:28:38,805.95
11.66,90.37,7.75,NO LOAD,3,23:28:38,806.53
9.81,65.25,6.65,NO LOAD,3,23:28:39,807.11
11.01,73.22,6.65,NO LOAD,3,23:28:39,807.7
10.51,58.85,5.6,NO LOAD,3,23:28:40,808.28
10.09,53.95,5.35,NO LOAD,3,23:28:40,808.87
11.16,69.88,6.26,NO LOAD,3,23:28:41,809.45
10.05,59.42,5.92,NO LOAD,3,23:28:42,810.04
10.16,56.44,5.56,NO LOAD,3,23:28:42,810.63
9.66,59.91,6.2,NO LOAD,3,23:28:43,811.21
11.23,79.77,7.1,NO LOAD,3,23:28:43,811.79
9.84,54.42,5.53,NO LOAD,3,23:28:44,812.38
10.93,55.71,5.09,NO LOAD,3,23:28:45,812.96
10.35,60.42,5.83,NO LOAD,3,23:28:45,813.54
9.76,63.47,6.5,NO LOAD,3,23:28:46,814.13
9.57,59.93,6.26,NO LOAD,3,23:28:46,814.71
11.01,62.14,5.64,NO LOAD,3,23:28:47,815.3
11.0,54.64,4.97,NO LOAD,3,23:28:48,815.88
10.08,52.87,5.24,NO LOAD,3,23:28:48,816.47
10.52,59.33,5.64,NO LOAD,3,23:28:49,817.05
10.45,58.18,5.57,NO LOAD,3,23:28:49,817.64
10.39,63.17,6.08,NO LOAD,3,23:28:50,818.22
9.65,54.3,5.63,NO LOAD,3,23:28:50,818.8
10.16,60.02,5.91,NO LOAD,3,23:28:51,819.39
9.75,61.79,6.34,NO LOAD,3,23:28:52,819.97
9.41,57.53,6.11,NO LOAD,3,23:28:52,820.56
10.53,64.76,6.15,NO LOAD,3,23:28:53,821.14
10.61,63.58,5.99,NO LOAD,3,23:28:53,821.73
10.4,54.74,5.26,NO LOAD,3,23:28:54,822.31
9.76,58.85,6.03,NO LOAD,3,23:28:55,822.9
10.48,63.37,6.05,NO LOAD,3,23:28:55,823.48
10.74,49.45,4.6,NO LOAD,3,23:28:56,824.07
11.15,63.22,5.67,NO LOAD,3,23:28:56,824.64
10.76,62.15,5.78,NO LOAD,3,23:28:57,825.23
10.64,64.66,6.08,NO LOAD,3,23:28:57,825.82
10.9,58.01,5.32,NO LOAD,3,23:28:58,826.41
10.16,78.83,7.76,NO LOAD,3,23:28:59,826.99
10.95,80.68,7.37,NO LOAD,3,23:28:59,827.57
9.76,54.76,5.61,NO LOAD,3,23:29:00,828.15
11.01,56.16,5.1,NO LOAD,3,23:29:00,828.74
10.31,51.89,5.03,NO LOAD,3,23:29:01,829.33
9.51,57.18,6.01,NO LOAD,3,23:29:02,829.91
10.33,53.92,5.22,NO LOAD,3,23:29:02,830.5
9.89,62.96,6.37,NO LOAD,3,23:29:03,831.08
10.41,58.57,5.63,NO LOAD,3,23:29:03,831.66
10.36,67.06,6.47,NO LOAD,3,23:29:04,832.25
10.1,62.9,6.23,NO LOAD,3,23:29:04,832.83
11.14,95.62,8.58,NO LOAD,3,23:29:05,833.42
10.29,59.86,5.82,NO LOAD,3,23:29:06,834.0
10.68,70.63,6.61,NO LOAD,3,23:29:06,834.59
10.41,54.08,5.2,NO LOAD,3,23:29:07,835.18
10.53,57.24,5.43,NO LOAD,3,23:29:07,835.76
9.87,47.2,4.78,NO LOAD,3,23:29:08,836.34
10.11,52.12,5.15,NO LOAD,3,23:29:09,836.93
10.98,54.83,4.99,NO LOAD,3,23:29:09,837.51
10.21,62.15,6.09,NO LOAD,3,23:29:10,838.09
10.55,62.45,5.92,NO LOAD,3,23:29:10,838.68
10.8,61.76,5.72,NO LOAD,3,23:29:11,839.27
9.42,69.46,7.37,NO LOAD,3,23:29:11,839.85
10.26,56.21,5.48,NO LOAD,3,23:29:12,840.44
10.37,79.05,7.63,NO LOAD,3,23:29:13,841.02
10.69,67.92,6.35,NO LOAD,3,23:29:13,841.6
10.12,64.55,6.38,NO LOAD,3,23:29:14,842.19
10.55,54.39,5.16,NO LOAD,3,23:29:14,842.78
10.1,61.82,6.12,NO LOAD,3,23:29:15,843.36
10.18,53.98,5.3,NO LOAD,3,23:29:16,843.95
10.02,63.71,6.36,NO LOAD,3,23:29:16,844.53
10.12,60.68,6.0,NO LOAD,3,23:29:17,845.11
10.82,64.84,5.99,NO LOAD,3,23:29:17,845.7
10.2,55.4,5.43,NO LOAD,3,23:29:18,846.29
10.08,53.92,5.35,NO LOAD,3,23:29:18,846.87
11.03,56.31,5.1,NO LOAD,3,23:29:19,847.46
11.2,83.31,7.44,NO LOAD,3,23:29:20,848.04
11.06,74.64,6.75,NO LOAD,3,23:29:20,848.62
10.28,86.42,8.4,NO LOAD,3,23:29:21,849.21
10.58,59.72,5.65,NO LOAD,3,23:29:21,849.79
10.42,62.34,5.98,NO LOAD,3,23:29:22,850.38
10.42,63.36,6.08,NO LOAD,3,23:29:23,850.96
10.59,56.38,5.33,NO LOAD,3,23:29:23,851.55
9.91,61.44,6.2,NO LOAD,3,23:29:24,852.14
10.72,83.93,7.83,NO LOAD,3,23:29:24,852.72
10.31,75.42,7.31,NO LOAD,3,23:29:25,853.3
10.74,56.86,5.29,NO LOAD,3,23:29:26,853.89
10.55,64.85,6.15,NO LOAD,3,23:29:26,854.47
10.9,60.57,5.56,NO LOAD,3,23:29:27,855.06
10.78,64.72,6.0,NO LOAD,3,23:29:27,855.64
10.48,55.38,5.28,NO LOAD,3,23:29:28,856.23
9.86,50.19,5.09,NO LOAD,3,23:29:28,856.81
10.91,59.08,5.42,NO LOAD,3,23:29:29,857.39
10.27,63.64,6.2,NO LOAD,3,23:29:30,857.98
10.95,66.43,6.07,NO LOAD,3,23:29:30,858.57
9.37,59.88,6.39,NO LOAD,3,23:29:31,859.15
9.9,56.38,5.7,NO LOAD,3,23:29:31,859.73
10.43,60.59,5.81,NO LOAD,3,23:29:32,860.31
10.89,83.07,7.63,NO LOAD,3,23:29:33,860.9
10.55,61.7,5.85,NO LOAD,3,23:29:33,861.49
10.62,58.18,5.48,NO LOAD,3,23:29:34,862.07
10.33,63.01,6.1,NO LOAD,3,23:29:34,862.66
10.24,61.7,6.02,NO LOAD,3,23:29:35,863.24
10.03,64.22,6.4,NO LOAD,3,23:29:35,863.82
10.96,71.46,6.52,NO LOAD,3,23:29:36,864.41
10.36,82.8,7.99,NO LOAD,3,23:29:37,865.0
10.09,65.37,6.48,NO LOAD,3,23:29:37,865.58
10.46,64.02,6.12,NO LOAD,3,23:29:38,866.17
10.6,63.66,6.01,NO LOAD,3,23:29:38,866.75
9.51,53.49,5.63,NO LOAD,3,23:29:39,867.34
10.47,54.19,5.18,NO LOAD,3,23:29:40,867.92
10.11,51.96,5.14,NO LOAD,3,23:29:40,868.51
10.71,61.17,5.71,NO LOAD,3,23:29:41,869.09
10.25,59.69,5.82,NO LOAD,3,23:29:41,869.68
10.58,62.58,5.91,NO LOAD,3,23:29:42,870.26
9.97,47.36,4.75,NO LOAD,3,23:29:42,870.85
10.14,72.14,7.11,NO LOAD,3,23:29:43,871.43
9.58,63.87,6.66,NO LOAD,3,23:29:44,872.02
10.71,58.39,5.45,NO LOAD,3,23:29:44,872.6
10.87,57.31,5.27,NO LOAD,3,23:29:45,873.18
10.06,53.99,5.37,NO LOAD,3,23:29:45,873.77
10.75,61.13,5.69,NO LOAD,3,23:29:46,874.35
10.48,57.91,5.53,NO LOAD,3,23:29:47,874.94
9.74,61.78,6.34,NO LOAD,3,23:29:47,875.52
11.26,75.33,6.69,NO LOAD,3,23:29:48,876.11
10.53,59.35,5.63,NO LOAD,3,23:29:48,876.69
10.25,53.89,5.26,NO LOAD,3,23:29:49,877.27
9.96,63.37,6.36,NO LOAD,3,23:29:49,877.86
10.68,59.42,5.57,NO LOAD,3,23:29:50,878.45
10.3,64.38,6.25,NO LOAD,3,23:29:51,879.03
9.68,49.55,5.12,NO LOAD,3,23:29:51,879.62
10.26,59.57,5.81,NO LOAD,3,23:29:52,880.2
9.33,53.15,5.69,NO LOAD,3,23:29:52,880.78
10.5,56.04,5.34,NO LOAD,3,23:29:53,881.36
10.56,54.35,5.14,NO LOAD,3,23:29:54,881.95
10.16,50.97,5.02,NO LOAD,3,23:29:54,882.54
10.92,60.17,5.51,NO LOAD,3,23:29:55,883.12
10.09,50.81,5.04,NO LOAD,3,23:29:55,883.71
12.22,79.27,6.49,NO LOAD,3,23:29:56,884.29
11.25,86.77,7.71,NO LOAD,3,23:29:56,884.88
10.38,65.37,6.3,NO LOAD,3,23:29:57,885.46
10.84,66.36,6.12,NO LOAD,3,23:29:58,886.05
9.48,48.38,5.1,NO LOAD,3,23:29:58,886.63
8.54,50.16,5.88,NO LOAD,3,23:29:59,887.22
10.25,68.89,6.72,NO LOAD,3,23:29:59,887.8
10.41,63.92,6.14,NO LOAD,3,23:30:00,888.38
10.25,55.24,5.39,NO LOAD,3,23:30:01,888.96
9.65,55.16,5.72,NO LOAD,3,23:30:01,889.55
10.61,67.79,6.39,NO LOAD,3,23:30:02,890.14
10.36,61.72,5.96,NO LOAD,3,23:30:02,890.72
9.57,57.21,5.98,NO LOAD,3,23:30:03,891.3
10.35,66.08,6.38,NO LOAD,3,23:30:04,891.89
10.59,53.33,5.04,NO LOAD,3,23:30:04,892.47
9.45,58.09,6.14,NO LOAD,3,23:30:05,893.06
10.6,57.8,5.46,NO LOAD,3,23:30:05,893.64
9.52,54.55,5.73,NO LOAD,3,23:30:06,894.23
10.09,58.22,5.77,NO LOAD,3,23:30:06,894.81
12.43,65.65,5.28,NO LOAD,3,23:30:07,895.39
10.84,61.74,5.69,NO LOAD,3,23:30:08,895.98
10.1,56.66,5.61,NO LOAD,3,23:30:08,896.57
9.52,58.52,6.14,NO LOAD,3,23:30:09,897.15
10.51,51.42,4.89,NO LOAD,3,23:30:09,897.73
9.76,55.29,5.66,NO LOAD,3,23:30:10,898.32
11.35,113.19,9.97,NO LOAD,3,23:30:11,898.9
10.02,60.7,6.06,NO LOAD,3,23:30:11,899.49
9.65,48.17,4.99,NO LOAD,3,23:30:12,900.07
10.83,64.93,6.0,NO LOAD,3,23:30:12,900.66
10.67,64.65,6.06,NO LOAD,3,23:30:13,901.24
10.35,54.57,5.27,NO LOAD,3,23:30:13,901.83
10.79,60.19,5.58,NO LOAD,3,23:30:14,902.41
10.43,56.92,5.46,NO LOAD,3,23:30:15,903.0
10.54,63.44,6.02,NO LOAD,3,23:30:15,903.58
9.28,58.67,6.32,NO LOAD,3,23:30:16,904.16
9.49,47.79,5.04,NO LOAD,3,23:30:16,904.75
10.63,57.24,5.38,NO LOAD,3,23:30:17,905.33
9.81,58.3,5.94,NO LOAD,3,23:30:18,905.92
11.2,61.7,5.51,NO LOAD,3,23:30:18,906.5
9.66,61.4,6.35,NO LOAD,3,23:30:19,907.09
10.49,56.38,5.37,NO LOAD,3,23:30:19,907.67
10.65,68.57,6.44,NO LOAD,3,23:30:20,908.25
10.93,96.93,8.87,NO LOAD,3,23:30:20,908.84
10.38,63.99,6.16,NO LOAD,3,23:30:21,909.42
10.72,77.14,7.2,NO LOAD,3,23:30:22,910.01
11.9,98.27,8.26,NO LOAD,3,23:30:22,910.59
9.5,56.57,5.95,NO LOAD,3,23:30:23,911.18
9.41,57.01,6.06,NO LOAD,3,23:30:23,911.76
9.25,49.99,5.4,NO LOAD,3,23:30:24,912.34
11.28,84.39,7.48,NO LOAD,3,23:30:25,912.93
10.84,65.29,6.02,NO LOAD,3,23:30:25,913.51
10.16,48.73,4.8,NO LOAD,3,23:30:26,914.1
10.57,63.73,6.03,NO LOAD,3,23:30:26,914.68
9.65,64.51,6.69,NO LOAD,3,23:30:27,915.27
9.79,48.1,4.91,NO LOAD,3,23:30:27,915.85
9.48,57.79,6.1,NO LOAD,3,23:30:28,916.43
8.91,49.43,5.55,NO LOAD,3,23:30:29,917.02
9.7,54.24,5.59,NO LOAD,3,23:30:29,917.6
9.91,49.78,5.02,NO LOAD,3,23:30:30,918.18
9.63,76.66,7.96,NO LOAD,3,23:30:30,918.76
10.58,63.42,6.0,NO LOAD,3,23:30:31,919.34
10.01,58.16,5.81,NO LOAD,3,23:30:32,919.93
9.48,60.08,6.34,NO LOAD,3,23:30:32,920.52
9.97,58.82,5.9,NO LOAD,3,23:30:33,921.1
9.82,57.56,5.86,NO LOAD,3,23:30:33,921.69
10.14,57.5,5.67,NO LOAD,3,23:30:34,922.27
9.5,57.4,6.05,NO LOAD,3,23:30:34,922.86
10.61,52.21,4.92,NO LOAD,3,23:30:35,923.44
9.35,58.29,6.24,NO LOAD,3,23:30:36,924.02
9.76,66.34,6.8,NO LOAD,3,23:30:36,924.6
9.4,54.72,5.82,NO LOAD,3,23:30:37,925.19
10.09,57.89,5.74,NO LOAD,3,23:30:37,925.77
10.2,57.41,5.63,NO LOAD,3,23:30:38,926.36
9.95,52.97,5.32,NO LOAD,3,23:30:39,926.94
9.93,62.3,6.28,NO LOAD,3,23:30:39,927.52
9.76,58.04,5.95,NO LOAD,3,23:30:40,928.11
10.7,53.65,5.02,NO LOAD,3,23:30:40,928.69
10.23,55.68,5.44,NO LOAD,3,23:30:41,929.28
9.41,51.95,5.52,NO LOAD,3,23:30:41,929.86
9.56,57.42,6.01,NO LOAD,3,23:30:42,930.45
10.69,60.58,5.67,NO LOAD,3,23:30:43,931.03
9.23,61.38,6.65,NO LOAD,3,23:30:43,931.61
10.43,52.76,5.06,NO LOAD,3,23:30:44,932.19
10.17,58.62,5.76,NO LOAD,3,23:30:44,932.78
9.1,51.01,5.61,NO LOAD,3,23:30:45,933.37
9.71,51.51,5.31,NO LOAD,3,23:30:46,933.95
9.93,56.49,5.69,NO LOAD,3,23:30:46,934.53
9.86,57.75,5.85,NO LOAD,3,23:30:47,935.11
9.75,55.74,5.72,NO LOAD,3,23:30:47,935.7
9.98,62.98,6.31,NO LOAD,3,23:30:48,936.28
11.41,65.17,5.71,NO LOAD,3,23:30:48,936.87
9.46,60.98,6.45,NO LOAD,3,23:30:49,937.45
10.03,64.99,6.48,NO LOAD,3,23:30:50,938.03
10.61,68.48,6.46,NO LOAD,3,23:30:50,938.62
10.24,56.6,5.53,NO LOAD,3,23:30:51,939.2
10.02,61.43,6.13,NO LOAD,3,23:30:51,939.79
9.82,53.17,5.42,NO LOAD,3,23:30:52,940.38
9.61,73.61,7.66,NO LOAD,3,23:30:53,940.96
10.13,55.95,5.52,NO LOAD,3,23:30:53,941.54
10.67,93.66,8.78,Bulb,4,23:31:07,955.66
9.36,53.48,5.72,Bulb,4,23:31:07,955.66
9.88,74.11,7.5,Bulb,4,23:31:07,955.66
8.6,40.73,4.74,Bulb,4,23:31:07,955.66
9.78,77.03,7.88,Bulb,4,23:31:07,955.66
10.48,55.09,5.26,Bulb,4,23:31:07,955.66
9.73,54.64,5.62,Bulb,4,23:31:07,955.66
9.96,59.86,6.01,Bulb,4,23:31:07,955.66
9.4,56.7,6.04,Bulb,4,23:31:07,955.67
10.63,57.49,5.41,Bulb,4,23:31:07,955.67
10.04,60.24,6.0,Bulb,4,23:31:07,955.67
9.46,52.31,5.53,Bulb,4,23:31:07,955.67
10.38,58.06,5.59,Bulb,4,23:31:07,955.67
9.86,50.98,5.17,Bulb,4,23:31:07,955.67
9.63,58.23,6.05,Bulb,4,23:31:07,955.67
10.19,58.88,5.78,Bulb,4,23:31:07,955.67
9.81,63.08,6.43,Bulb,4,23:31:07,955.67
11.93,101.87,8.54,Bulb,4,23:31:07,955.67
14.28,106.26,7.44,Bulb,4,23:31:07,955.68
13.93,85.8,6.16,Bulb,4,23:31:07,955.68
14.82,70.48,4.75,Bulb,4,23:31:07,955.68
14.23,71.66,5.04,Bulb,4,23:31:07,955.68
14.44,60.13,4.16,Bulb,4,23:31:07,955.68
13.42,54.81,4.09,Bulb,4,23:31:07,955.68
13.25,64.52,4.87,Bulb,4,23:31:08,956.15
13.86,64.53,4.66,Bulb,4,23:31:08,956.74
14.15,63.42,4.48,Bulb,4,23:31:09,957.32
14.27,63.16,4.42,Bulb,4,23:31:10,957.9
13.67,54.46,3.98,Bulb,4,23:31:10,958.48
13.65,52.32,3.83,Bulb,4,23:31:11,959.08
14.27,66.7,4.67,Bulb,4,23:31:11,959.66
15.85,153.01,9.65,Bulb,4,23:31:12,960.25
14.75,81.77,5.54,Bulb,4,23:31:12,960.83
14.77,69.37,4.7,Bulb,4,23:31:13,961.42
13.67,64.55,4.72,Bulb,4,23:31:14,962.0
14.61,108.45,7.42,Bulb,4,23:31:14,962.59
14.61,61.89,4.24,Bulb,4,23:31:15,963.17
14.55,87.34,6.0,Bulb,4,23:31:15,963.76
14.64,74.27,5.07,Bulb,4,23:31:16,964.34
14.64,75.58,5.16,Bulb,4,23:31:17,964.93
14.15,81.43,5.75,Bulb,4,23:31:17,965.51
13.42,45.56,3.39,Bulb,4,23:31:18,966.09
13.56,67.51,4.98,Bulb,4,23:31:18,966.68
14.95,110.72,7.41,Bulb,4,23:31:19,967.27
14.07,74.63,5.3,Bulb,4,23:31:19,967.85
14.19,64.94,4.58,Bulb,4,23:31:20,968.44
14.38,57.62,4.01,Bulb,4,23:31:21,969.02
13.95,65.62,4.7,Bulb,4,23:31:21,969.61
14.9,71.35,4.79,Bulb,4,23:31:22,970.19
13.5,54.88,4.06,Bulb,4,23:31:22,970.78
14.73,73.51,4.99,Bulb,4,23:31:23,971.37
14.0,76.57,5.47,Bulb,4,23:31:24,971.94
14.18,50.22,3.54,Bulb,4,23:31:24,972.53
14.51,90.88,6.26,Bulb,4,23:31:25,973.12
14.47,57.21,3.95,Bulb,4,23:31:25,973.7
14.04,58.7,4.18,Bulb,4,23:31:26,974.29
14.28,70.3,4.92,Bulb,4,23:31:26,974.87
14.5,76.21,5.26,Bulb,4,23:31:27,975.46
15.15,116.16,7.67,Bulb,4,23:31:28,976.04
13.47,65.88,4.89,Bulb,4,23:31:28,976.63
14.01,59.19,4.23,Bulb,4,23:31:29,977.21
14.46,66.61,4.61,Bulb,4,23:31:29,977.8
13.39,68.64,5.13,Bulb,4,23:31:30,978.38
14.38,70.77,4.92,Bulb,4,23:31:31,978.97
14.22,58.55,4.12,Bulb,4,23:31:31,979.56
13.87,75.74,5.46,Bulb,4,23:31:32,980.14
14.52,69.72,4.8,Bulb,4,23:31:32,980.73
14.36,67.59,4.71,Bulb,4,23:31:33,981.31
13.74,63.42,4.62,Bulb,4,23:31:34,981.89
14.02,63.62,4.54,Bulb,4,23:31:34,982.48
13.6,63.57,4.68,Bulb,4,23:31:35,983.07
13.79,67.39,4.89,Bulb,4,23:31:35,983.65
14.08,70.03,4.97,Bulb,4,23:31:36,984.24
15.15,65.78,4.34,Bulb,4,23:31:36,984.82
13.6,61.11,4.49,Bulb,4,23:31:37,985.4
13.81,69.13,5.01,Bulb,4,23:31:38,985.99
13.52,76.39,5.65,Bulb,4,23:31:38,986.58
13.95,81.37,5.83,Bulb,4,23:31:39,987.16
15.42,99.86,6.48,Bulb,4,23:31:39,987.74
13.76,61.21,4.45,Bulb,4,23:31:40,988.33
14.7,129.53,8.81,Bulb,4,23:31:41,988.92
16.37,148.36,9.06,Bulb,4,23:31:41,989.5
13.64,59.78,4.38,Bulb,4,23:31:42,990.09
14.61,82.07,5.62,Bulb,4,23:31:42,990.68
13.96,52.6,3.77,Bulb,4,23:31:43,991.26
13.92,55.62,4.0,Bulb,4,23:31:43,991.85
13.55,63.08,4.66,Bulb,4,23:31:44,992.43
14.82,74.28,5.01,Bulb,4,23:31:45,993.02
14.93,73.97,4.96,Bulb,4,23:31:45,993.6
14.43,105.49,7.31,Bulb,4,23:31:46,994.19
14.95,133.44,8.92,Bulb,4,23:31:46,994.77
13.98,59.55,4.26,Bulb,4,23:31:47,995.36
14.19,58.81,4.15,Bulb,4,23:31:48,995.94
13.67,67.3,4.92,Bulb,4,23:31:48,996.53
14.35,57.2,3.99,Bulb,4,23:31:49,997.11
14.39,61.42,4.27,Bulb,4,23:31:49,997.7
14.35,69.44,4.84,Bulb,4,23:31:50,998.28
14.1,117.01,8.3,Bulb,4,23:31:50,998.87
13.79,61.57,4.46,Bulb,4,23:31:51,999.45
15.42,80.49,5.22,Bulb,4,23:31:52,1000.04
14.12,71.71,5.08,Bulb,4,23:31:52,1000.62
15.04,70.31,4.68,Bulb,4,23:31:53,1001.21
13.84,66.26,4.79,Bulb,4,23:31:53,1001.8
15.03,69.97,4.66,Bulb,4,23:31:54,1002.38
15.04,150.46,10.01,Bulb,4,23:31:55,1002.96
14.8,86.13,5.82,Bulb,4,23:31:55,1003.55
14.25,79.01,5.54,Bulb,4,23:31:56,1004.14
16.03,204.55,12.76,Bulb,4,23:31:56,1004.72
13.44,62.2,4.63,Bulb,4,23:31:57,1005.31
14.67,140.51,9.58,Bulb,4,23:31:58,1005.9
13.64,69.92,5.13,Bulb,4,23:31:58,1006.49
14.18,64.41,4.54,Bulb,4,23:31:59,1007.07
14.9,64.95,4.36,Bulb,4,23:31:59,1007.66
14.39,93.6,6.5,Bulb,4,23:32:00,1008.24
13.75,60.08,4.37,Bulb,4,23:32:00,1008.82
14.41,68.88,4.78,Bulb,4,23:32:01,1009.41
14.49,85.82,5.92,Bulb,4,23:32:02,1009.99
14.68,58.72,4.0,Bulb,4,23:32:02,1010.57
15.15,122.61,8.09,Bulb,4,23:32:03,1011.17
13.89,63.91,4.6,Bulb,4,23:32:03,1011.75
13.3,74.04,5.57,Bulb,4,23:32:04,1012.33
14.59,70.44,4.83,Bulb,4,23:32:05,1012.92
14.51,72.56,5.0,Bulb,4,23:32:05,1013.5
14.2,60.26,4.24,Bulb,4,23:32:06,1014.09
15.27,76.91,5.04,Bulb,4,23:32:06,1014.68
13.98,66.5,4.76,Bulb,4,23:32:07,1015.26
14.46,63.23,4.37,Bulb,4,23:32:07,1015.85
14.0,71.79,5.13,Bulb,4,23:32:08,1016.43
14.26,60.93,4.27,Bulb,4,23:32:09,1017.01
14.58,79.79,5.47,Bulb,4,23:32:09,1017.6
15.12,80.88,5.35,Bulb,4,23:32:10,1018.19
14.42,90.44,6.27,Bulb,4,23:32:10,1018.77
14.93,91.72,6.14,Bulb,4,23:32:11,1019.36
14.07,65.34,4.64,Bulb,4,23:32:12,1019.94
13.94,63.35,4.54,Bulb,4,23:32:12,1020.53
14.66,109.32,7.46,Bulb,4,23:32:13,1021.11
13.81,63.71,4.61,Bulb,4,23:32:13,1021.7
13.99,66.09,4.72,Bulb,4,23:32:14,1022.28
13.78,61.78,4.48,Bulb,4,23:32:14,1022.87
14.52,99.43,6.85,Bulb,4,23:32:15,1023.45
14.85,69.08,4.65,Bulb,4,23:32:16,1024.04
14.49,70.43,4.86,Bulb,4,23:32:16,1024.62
15.98,87.68,5.49,Bulb,4,23:32:17,1025.21
14.49,75.23,5.19,Bulb,4,23:32:17,1025.79
14.12,65.09,4.61,Bulb,4,23:32:18,1026.38
13.01,65.2,5.01,Bulb,4,23:32:19,1026.96
14.75,77.95,5.28,Bulb,4,23:32:19,1027.54
14.78,70.67,4.78,Bulb,4,23:32:20,1028.13
14.61,67.66,4.63,Bulb,4,23:32:20,1028.72
14.2,103.7,7.3,Bulb,4,23:32:21,1029.3
13.98,67.39,4.82,Bulb,4,23:32:22,1029.89
14.37,92.07,6.41,Bulb,4,23:32:22,1030.47
14.53,75.32,5.18,Bulb,4,23:32:23,1031.06
14.4,110.4,7.66,Bulb,4,23:32:23,1031.65
14.7,64.77,4.41,Bulb,4,23:32:24,1032.23
13.7,68.47,5.0,Bulb,4,23:32:24,1032.82
13.95,67.11,4.81,Bulb,4,23:32:25,1033.4
14.67,64.91,4.42,Bulb,4,23:32:26,1033.99
14.37,76.81,5.34,Bulb,4,23:32:26,1034.57
14.16,60.92,4.3,Bulb,4,23:32:27,1035.16
13.31,61.46,4.62,Bulb,4,23:32:27,1035.74
15.66,76.64,4.89,Bulb,4,23:32:28,1036.32
14.48,67.06,4.63,Bulb,4,23:32:29,1036.91
14.05,77.64,5.53,Bulb,4,23:32:29,1037.5
13.69,82.15,6.0,Bulb,4,23:32:30,1038.08
14.26,72.76,5.1,Bulb,4,23:32:30,1038.67
14.16,63.64,4.49,Bulb,4,23:32:31,1039.25
14.35,78.56,5.47,Bulb,4,23:32:31,1039.84
13.84,71.46,5.16,Bulb,4,23:32:32,1040.42
13.45,65.0,4.83,Bulb,4,23:32:33,1041.0
14.67,96.2,6.56,Bulb,4,23:32:33,1041.59
14.34,62.37,4.35,Bulb,4,23:32:34,1042.18
13.9,63.88,4.59,Bulb,4,23:32:34,1042.76
13.2,65.97,5.0,Bulb,4,23:32:35,1043.34
15.07,66.41,4.41,Bulb,4,23:32:36,1043.93
14.39,71.91,5.0,Bulb,4,23:32:36,1044.52
14.22,78.41,5.51,Bulb,4,23:32:37,1045.1
14.5,69.94,4.82,Bulb,4,23:32:37,1045.69
13.67,65.95,4.83,Bulb,4,23:32:38,1046.27
14.26,61.84,4.34,Bulb,4,23:32:38,1046.86
14.62,91.53,6.26,Bulb,4,23:32:39,1047.44
14.7,69.87,4.75,Bulb,4,23:32:40,1048.03
14.43,63.78,4.42,Bulb,4,23:32:40,1048.61
14.98,71.85,4.8,Bulb,4,23:32:41,1049.2
14.63,70.71,4.83,Bulb,4,23:32:41,1049.78
14.17,116.39,8.22,Bulb,4,23:32:42,1050.37
13.61,63.91,4.7,Bulb,4,23:32:43,1050.95
14.16,58.17,4.11,Bulb,4,23:32:43,1051.54
13.81,59.54,4.31,Bulb,4,23:32:44,1052.12
14.67,68.45,4.67,Bulb,4,23:32:44,1052.71
14.15,65.69,4.64,Bulb,4,23:32:45,1053.29
14.0,69.8,4.99,Bulb,4,23:32:45,1053.88
13.81,72.35,5.24,Bulb,4,23:32:46,1054.46
14.3,66.34,4.64,Bulb,4,23:32:47,1055.05
14.29,73.62,5.15,Bulb,4,23:32:47,1055.63
15.24,108.52,7.12,Bulb,4,23:32:48,1056.22
14.42,73.62,5.1,Bulb,4,23:32:48,1056.8
14.18,63.43,4.47,Bulb,4,23:32:49,1057.39
13.92,73.54,5.28,Bulb,4,23:32:50,1057.97
14.49,65.12,4.5,Bulb,4,23:32:50,1058.56
14.51,61.85,4.26,Bulb,4,23:32:51,1059.15
14.93,71.07,4.76,Bulb,4,23:32:51,1059.73
14.65,69.07,4.71,Bulb,4,23:32:52,1060.32
14.19,72.71,5.12,Bulb,4,23:32:53,1060.9
13.31,56.66,4.26,Bulb,4,23:32:53,1061.49
13.72,66.43,4.84,Bulb,4,23:32:54,1062.07
14.07,87.37,6.21,Bulb,4,23:32:54,1062.66
14.5,62.6,4.32,Bulb,4,23:32:55,1063.24
14.86,64.04,4.31,Bulb,4,23:32:55,1063.83
14.67,68.62,4.68,Bulb,4,23:32:56,1064.41
13.8,59.59,4.32,Bulb,4,23:32:57,1064.99
14.64,76.82,5.25,Bulb,4,23:32:57,1065.58
13.24,62.52,4.72,Bulb,4,23:32:58,1066.17
14.26,101.39,7.11,Bulb,4,23:32:58,1066.75
14.35,69.73,4.86,Bulb,4,23:32:59,1067.34
14.64,73.07,4.99,Bulb,4,23:33:00,1067.92
15.47,90.73,5.87,Bulb,4,23:33:00,1068.5
13.79,70.78,5.13,Bulb,4,23:33:01,1069.09
13.76,61.12,4.44,Bulb,4,23:33:01,1069.68
13.66,56.46,4.13,Bulb,4,23:33:02,1070.26
14.58,122.82,8.42,Bulb,4,23:33:02,1070.85
14.34,66.08,4.61,Bulb,4,23:33:03,1071.43
15.12,96.84,6.41,Bulb,4,23:33:04,1072.02
14.65,80.59,5.5,Bulb,4,23:33:04,1072.61
13.51,66.62,4.93,Bulb,4,23:33:05,1073.19
14.17,83.08,5.86,Bulb,4,23:33:05,1073.78
14.24,71.04,4.99,Bulb,4,23:33:06,1074.36
15.12,64.65,4.28,Bulb,4,23:33:07,1074.94
14.59,135.85,9.31,Bulb,4,23:33:07,1075.53
13.57,68.71,5.06,Bulb,4,23:33:08,1076.11
14.07,70.64,5.02,Bulb,4,23:33:08,1076.7
13.91,72.66,5.22,Bulb,4,23:33:09,1077.28
14.71,128.69,8.75,Bulb,4,23:33:09,1077.87
14.87,88.37,5.94,Bulb,4,23:33:10,1078.46
14.43,61.49,4.26,Bulb,4,23:33:11,1079.04
14.26,68.33,4.79,Bulb,4,23:33:11,1079.63
13.78,61.98,4.5,Bulb,4,23:33:12,1080.21
14.44,70.04,4.85,Bulb,4,23:33:12,1080.8
13.89,68.57,4.93,Bulb,4,23:33:13,1081.38
14.46,95.69,6.62,Bulb,4,23:33:14,1081.97
13.3,58.54,4.4,Bulb,4,23:33:14,1082.55
14.06,75.26,5.35,Bulb,4,23:33:15,1083.14
13.81,62.32,4.51,Bulb,4,23:33:15,1083.72
13.63,58.32,4.28,Bulb,4,23:33:16,1084.31
14.65,133.83,9.14,Bulb,4,23:33:17,1084.89
13.39,65.86,4.92,Bulb,4,23:33:17,1085.48
14.34,64.32,4.48,Bulb,4,23:33:18,1086.06
13.24,55.79,4.21,Bulb,4,23:33:18,1086.65
14.19,61.15,4.31,Bulb,4,23:33:19,1087.23
14.21,64.63,4.55,Bulb,4,23:33:19,1087.82
14.44,65.08,4.51,Bulb,4,23:33:20,1088.4
13.82,68.62,4.96,Bulb,4,23:33:21,1088.98
14.71,89.89,6.11,Bulb,4,23:33:21,1089.57
13.34,67.53,5.06,Bulb,4,23:33:22,1090.15
14.67,125.38,8.55,Bulb,4,23:33:22,1090.74
14.78,85.66,5.79,Bulb,4,23:33:23,1091.33
14.27,126.92,8.89,Bulb,4,23:33:24,1091.92
13.9,62.53,4.5,Bulb,4,23:33:24,1092.5
14.72,93.7,6.36,Bulb,4,23:33:25,1093.09
14.47,69.56,4.81,Bulb,4,23:33:25,1093.67
15.41,97.06,6.3,Bulb,4,23:33:26,1094.26
14.16,66.1,4.67,Bulb,4,23:33:26,1094.84
14.4,58.62,4.07,Bulb,4,23:33:27,1095.43
13.97,65.36,4.68,Bulb,4,23:33:28,1096.01
14.13,64.85,4.59,Bulb,4,23:33:28,1096.6
14.9,90.27,6.06,Bulb,4,23:33:29,1097.18
13.67,67.07,4.91,Bulb,4,23:33:29,1097.76
14.56,72.36,4.97,Bulb,4,23:33:30,1098.35
15.1,135.03,8.94,Bulb,4,23:33:31,1098.94
14.4,74.31,5.16,Bulb,4,23:33:31,1099.52
14.92,74.27,4.98,Bulb,4,23:33:32,1100.11
13.9,62.71,4.51,Bulb,4,23:33:32,1100.69
14.19,69.9,4.93,Bulb,4,23:33:33,1101.28
13.4,65.65,4.9,Bulb,4,23:33:33,1101.86
14.91,86.5,5.8,Bulb,4,23:33:34,1102.45
13.76,64.39,4.68,Bulb,4,23:33:35,1103.03
12.28,44.17,3.6,Bulb,4,23:33:35,1103.61
13.77,64.07,4.65,Bulb,4,23:33:36,1104.2
13.62,53.24,3.91,Bulb,4,23:33:36,1104.79
13.64,67.7,4.96,Bulb,4,23:33:37,1105.37
14.1,70.27,4.99,Bulb,4,23:33:38,1105.96
14.53,73.91,5.09,Bulb,4,23:33:38,1106.54
14.53,74.66,5.14,Bulb,4,23:33:39,1107.13
14.41,90.74,6.3,Bulb,4,23:33:39,1107.71
13.96,81.08,5.81,Bulb,4,23:33:40,1108.3
13.7,84.18,6.14,Bulb,4,23:33:40,1108.88
13.84,70.33,5.08,Bulb,4,23:33:41,1109.47
14.47,63.48,4.39,Bulb,4,23:33:42,1110.05
13.79,65.1,4.72,Bulb,4,23:33:42,1110.63
13.67,97.51,7.13,Bulb,4,23:33:43,1111.22
14.42,68.69,4.76,Bulb,4,23:33:43,1111.81
14.55,126.41,8.69,Bulb,4,23:33:44,1112.39
14.28,83.44,5.84,Bulb,4,23:33:45,1112.98
14.99,102.62,6.85,Bulb,4,23:33:45,1113.56
14.54,64.01,4.4,Bulb,4,23:33:46,1114.15
13.76,67.64,4.92,Bulb,4,23:33:46,1114.74
14.39,80.04,5.56,Bulb,4,23:33:47,1115.32
14.18,77.77,5.48,Bulb,4,23:33:48,1115.91
13.93,66.45,4.77,Bulb,4,23:33:48,1116.49
14.29,70.06,4.9,Bulb,4,23:33:49,1117.07
14.71,79.67,5.42,Bulb,4,23:33:49,1117.66
13.6,59.64,4.39,Bulb,4,23:33:50,1118.24
13.63,65.74,4.82,Bulb,4,23:33:50,1118.83
14.07,75.91,5.4,Bulb,4,23:33:51,1119.41
15.02,139.09,9.26,Bulb,4,23:33:52,1120.0
14.81,68.69,4.64,Bulb,4,23:33:52,1120.59
13.41,59.24,4.42,Bulb,4,23:33:53,1121.17
14.54,72.71,5.0,Bulb,4,23:33:53,1121.76
14.37,85.72,5.96,Bulb,4,23:33:54,1122.34
14.33,61.32,4.28,Bulb,4,23:33:55,1122.92
13.94,94.09,6.75,Bulb,4,23:33:55,1123.51
14.66,94.96,6.48,Bulb,4,23:33:56,1124.1
14.51,72.81,5.02,Bulb,4,23:33:56,1124.68
14.14,71.72,5.07,Bulb,4,23:33:57,1125.26
13.92,57.84,4.15,Bulb,4,23:33:57,1125.85
14.38,97.9,6.81,Bulb,4,23:33:58,1126.44
15.26,107.54,7.05,Bulb,4,23:33:59,1127.02
14.97,70.17,4.69,Bulb,4,23:33:59,1127.61
14.52,143.35,9.87,Bulb,4,23:34:00,1128.19
13.47,51.61,3.83,Bulb,4,23:34:00,1128.78
13.76,71.31,5.18,Bulb,4,23:34:01,1129.36
13.8,64.57,4.68,Bulb,4,23:34:02,1129.94
14.82,70.04,4.73,Bulb,4,23:34:02,1130.54
14.03,62.86,4.48,Bulb,4,23:34:03,1131.12
13.5,105.92,7.85,Bulb,4,23:34:03,1131.71
14.92,82.1,5.5,Bulb,4,23:34:04,1132.29
14.34,61.62,4.3,Bulb,4,23:34:04,1132.88
15.01,91.84,6.12,Bulb,4,23:34:05,1133.46
14.51,71.16,4.9,Bulb,4,23:34:06,1134.05
12.68,55.74,4.4,Bulb,4,23:34:06,1134.63
14.84,88.3,5.95,Bulb,4,23:34:07,1135.22
14.66,74.52,5.08,Bulb,4,23:34:07,1135.8
13.85,69.58,5.02,Bulb,4,23:34:08,1136.39
13.12,63.51,4.84,Bulb,4,23:34:09,1136.97
14.36,78.05,5.44,Bulb,4,23:34:09,1137.55
13.74,58.74,4.27,Bulb,4,23:34:10,1138.14
12.95,61.37,4.74,Bulb,4,23:34:10,1138.73
14.57,79.2,5.44,Bulb,4,23:34:11,1139.31
13.17,86.03,6.53,Bulb,4,23:34:12,1139.89
14.78,66.49,4.5,Bulb,4,23:34:12,1140.48
14.05,72.82,5.18,Bulb,4,23:34:13,1141.07
14.15,64.82,4.58,Bulb,4,23:34:13,1141.65
14.58,85.51,5.87,Bulb,4,23:34:14,1142.23
13.97,75.24,5.38,Bulb,4,23:34:14,1142.82
14.66,58.82,4.01,Bulb,4,23:34:15,1143.41
14.64,73.98,5.05,Bulb,4,23:34:16,1143.99
13.96,58.05,4.16,Bulb,4,23:34:16,1144.58
13.5,72.31,5.36,Bulb,4,23:34:17,1145.16
14.58,70.13,4.81,Bulb,4,23:34:17,1145.75
13.17,51.03,3.87,Bulb,4,23:34:18,1146.33
14.57,69.35,4.76,Bulb,4,23:34:19,1146.92
13.61,76.51,5.62,Bulb,4,23:34:19,1147.5
14.29,83.32,5.83,Bulb,4,23:34:20,1148.09
14.67,63.27,4.31,Bulb,4,23:34:20,1148.67
14.26,80.94,5.67,Bulb,4,23:34:21,1149.25
15.33,85.08,5.55,Bulb,4,23:34:21,1149.84
14.8,143.34,9.69,Bulb,4,23:34:22,1150.42
13.07,58.77,4.5,Bulb,4,23:34:23,1151.01
15.07,72.17,4.79,Bulb,4,23:34:23,1151.6
14.48,75.38,5.2,Bulb,4,23:34:24,1152.18
13.53,51.61,3.81,Bulb,4,23:34:24,1152.77
13.97,80.6,5.77,Bulb,4,23:34:25,1153.35
13.25,65.7,4.96,Bulb,4,23:34:26,1153.94
13.67,63.96,4.68,Bulb,4,23:34:26,1154.52
14.01,60.43,4.31,Bulb,4,23:34:27,1155.11
14.72,66.58,4.52,Bulb,4,23:34:27,1155.69
14.43,109.37,7.58,Bulb,4,23:34:28,1156.28
14.75,69.19,4.69,Bulb,4,23:34:28,1156.86
14.37,64.64,4.5,Bulb,4,23:34:29,1157.45
13.81,74.78,5.41,Bulb,4,23:34:30,1158.04
14.89,65.41,4.39,Bulb,4,23:34:30,1158.62
13.41,66.5,4.96,Bulb,4,23:34:31,1159.21
14.31,76.17,5.32,Bulb,4,23:34:31,1159.79
14.08,66.23,4.7,Bulb,4,23:34:32,1160.38
14.4,66.83,4.64,Bulb,4,23:34:33,1160.96
14.19,68.54,4.83,Bulb,4,23:34:33,1161.54
14.23,64.96,4.56,Bulb,4,23:34:34,1162.13
13.02,65.12,5.0,Bulb,4,23:34:34,1162.72
13.41,49.22,3.67,Bulb,4,23:34:35,1163.3
13.76,72.67,5.28,Bulb,4,23:34:36,1163.89
15.41,71.27,4.63,Bulb,4,23:34:36,1164.47
13.97,61.35,4.39,Bulb,4,23:34:37,1165.05
14.42,72.13,5.0,Bulb,4,23:34:37,1165.64
14.15,131.08,9.26,Bulb,4,23:34:38,1166.22
13.52,67.06,4.96,Bulb,4,23:34:38,1166.81
13.45,67.08,4.99,Bulb,4,23:34:39,1167.4
13.32,61.17,4.59,Bulb,4,23:34:40,1167.98
14.88,73.83,4.96,Bulb,4,23:34:40,1168.57
16.15,157.33,9.74,Bulb,4,23:34:41,1169.15
14.03,73.3,5.22,Bulb,4,23:34:41,1169.74
14.27,70.08,4.91,Bulb,4,23:34:42,1170.32
14.78,75.88,5.13,Bulb,4,23:34:43,1170.91
13.79,64.59,4.68,Bulb,4,23:34:43,1171.49
13.36,57.17,4.28,Bulb,4,23:34:44,1172.08
14.1,53.42,3.79,Bulb,4,23:34:44,1172.66
14.71,89.35,6.08,Bulb,4,23:34:45,1173.24
14.9,112.01,7.52,Bulb,4,23:34:45,1173.83
15.21,65.05,4.28,Bulb,4,23:34:46,1174.42
13.87,68.19,4.92,Bulb,4,23:34:47,1175.01
14.29,71.4,5.0,Bulb,4,23:34:47,1175.59
13.7,61.62,4.5,Bulb,4,23:34:48,1176.17
13.29,70.12,5.28,Bulb,4,23:34:48,1176.76
14.21,78.86,5.55,Bulb,4,23:34:49,1177.35
14.72,89.11,6.05,Bulb,4,23:34:50,1177.92
14.21,65.94,4.64,Bulb,4,23:34:50,1178.52
14.01,68.55,4.89,Bulb,4,23:34:51,1179.1
14.5,127.45,8.79,Bulb,4,23:34:51,1179.69
13.66,60.4,4.42,Bulb,4,23:34:52,1180.27
14.06,53.54,3.81,Bulb,4,23:34:52,1180.86
14.16,102.1,7.21,Bulb,4,23:34:53,1181.44
13.85,67.95,4.91,Bulb,4,23:34:54,1182.03
14.07,66.94,4.76,Bulb,4,23:34:54,1182.61
14.76,68.91,4.67,Bulb,4,23:34:55,1183.2
13.5,64.16,4.75,Bulb,4,23:34:55,1183.78
14.36,64.98,4.53,Bulb,4,23:34:56,1184.37
13.65,61.57,4.51,Bulb,4,23:34:57,1184.95
14.14,57.45,4.06,Bulb,4,23:34:57,1185.54
14.08,69.02,4.9,Bulb,4,23:34:58,1186.12
13.77,60.54,4.4,Bulb,4,23:34:58,1186.7
13.77,61.39,4.46,Bulb,4,23:34:59,1187.29
13.86,98.1,7.08,Bulb,4,23:34:59,1187.88
14.27,74.06,5.19,Bulb,4,23:35:00,1188.46
13.69,65.21,4.76,Bulb,4,23:35:01,1189.05
14.53,89.55,6.16,Bulb,4,23:35:01,1189.63
14.33,71.09,4.96,Bulb,4,23:35:02,1190.22
13.83,75.82,5.48,Bulb,4,23:35:02,1190.8
14.35,66.47,4.63,Bulb,4,23:35:03,1191.39
14.31,69.52,4.86,Bulb,4,23:35:04,1191.97
13.89,66.31,4.77,Bulb,4,23:35:04,1192.55
14.7,120.36,8.19,Bulb,4,23:35:05,1193.14
15.14,126.02,8.32,Bulb,4,23:35:05,1193.73
14.4,94.85,6.59,Bulb,4,23:35:06,1194.32
13.96,65.23,4.67,Bulb,4,23:35:07,1194.9
14.0,72.07,5.15,Bulb,4,23:35:07,1195.49
14.21,68.34,4.81,Bulb,4,23:35:08,1196.07
13.79,92.87,6.73,Bulb,4,23:35:08,1196.65
13.97,61.36,4.39,Bulb,4,23:35:09,1197.24
13.88,71.81,5.17,Bulb,4,23:35:09,1197.83
14.54,73.16,5.03,Bulb,4,23:35:10,1198.41
13.31,59.72,4.49,Bulb,4,23:35:11,1199.0
14.37,69.48,4.83,Bulb,4,23:35:11,1199.58
15.15,119.25,7.87,Bulb,4,23:35:12,1200.16
13.94,71.09,5.1,Bulb,4,23:35:12,1200.75
12.83,59.42,4.63,Bulb,4,23:35:13,1201.34
13.39,63.06,4.71,Bulb,4,23:35:14,1201.92
14.37,70.1,4.88,Bulb,4,23:35:14,1202.51
13.89,83.83,6.03,Bulb,4,23:35:15,1203.09
14.21,155.04,10.91,Bulb,4,23:35:15,1203.67
14.76,96.11,6.51,Bulb,4,23:35:16,1204.27
14.39,57.51,4.0,Bulb,4,23:35:16,1204.85
14.64,76.29,5.21,Bulb,4,23:35:17,1205.44
14.14,73.78,5.22,Bulb,4,23:35:18,1206.02
13.85,69.47,5.01,Bulb,4,23:35:18,1206.6
14.1,62.69,4.45,Bulb,4,23:35:19,1207.19
13.74,80.6,5.87,Bulb,4,23:35:19,1207.78
13.88,88.21,6.35,Bulb,4,23:35:20,1208.36
14.95,91.72,6.14,Bulb,4,23:35:21,1208.94
14.91,138.19,9.27,Bulb,4,23:35:21,1209.53
15.04,70.79,4.71,Bulb,4,23:35:22,1210.12
14.68,71.11,4.84,Bulb,4,23:35:22,1210.7
15.03,85.81,5.71,Bulb,4,23:35:23,1211.29
14.05,86.78,6.18,Bulb,4,23:35:23,1211.87
14.22,69.29,4.87,Bulb,4,23:35:24,1212.46
14.34,77.06,5.37,Bulb,4,23:35:25,1213.04
14.53,95.74,6.59,Bulb,4,23:35:25,1213.63
13.7,76.49,5.58,Bulb,4,23:35:26,1214.21
14.09,62.38,4.43,Bulb,4,23:35:26,1214.8
14.65,62.28,4.25,Bulb,4,23:35:27,1215.38
13.93,57.9,4.16,Bulb,4,23:35:28,1215.97
14.56,85.66,5.89,Bulb,4,23:35:28,1216.55
14.44,70.77,4.9,Bulb,4,23:35:29,1217.14
13.7,66.74,4.87,Bulb,4,23:35:29,1217.72
14.91,108.07,7.25,Bulb,4,23:35:30,1218.3
13.4,65.9,4.92,Bulb,4,23:35:31,1218.9
13.84,98.24,7.1,Bulb,4,23:35:31,1219.48
13.25,53.7,4.05,Bulb,4,23:35:32,1220.07
14.58,129.57,8.89,Bulb,4,23:35:32,1220.65
14.61,69.24,4.74,Bulb,4,23:35:33,1221.23
13.53,62.1,4.59,Bulb,4,23:35:33,1221.82
14.68,89.37,6.09,Bulb,4,23:35:34,1222.4
13.7,93.94,6.85,Bulb,4,23:35:35,1222.99
13.8,62.79,4.55,Bulb,4,23:35:35,1223.58
13.2,66.92,5.07,Bulb,4,23:35:36,1224.16
15.05,62.67,4.16,Bulb,4,23:35:36,1224.74
14.47,67.42,4.66,Bulb,4,23:35:37,1225.33
14.3,78.92,5.52,Bulb,4,23:35:38,1225.91
13.95,100.21,7.18,Bulb,4,23:35:38,1226.5
13.92,62.96,4.52,Bulb,4,23:35:39,1227.09
13.9,62.85,4.52,Bulb,4,23:35:39,1227.67
13.37,56.15,4.2,Bulb,4,23:35:40,1228.26
13.32,56.08,4.21,Bulb,4,23:35:40,1228.84
14.27,90.52,6.34,Bulb,4,23:35:41,1229.43
13.62,69.78,5.12,Bulb,4,23:35:42,1230.01
14.4,68.09,4.73,Bulb,4,23:35:42,1230.6
15.3,69.53,4.54,Bulb,4,23:35:43,1231.18
14.88,110.58,7.43,Bulb,4,23:35:43,1231.77
13.59,68.26,5.02,Bulb,4,23:35:44,1232.35
14.36,55.55,3.87,Bulb,4,23:35:45,1232.94
14.05,73.44,5.23,Bulb,4,23:35:45,1233.52
14.51,125.39,8.64,Bulb,4,23:35:46,1234.11
14.72,93.8,6.37,Bulb,4,23:35:46,1234.69
13.26,68.52,5.17,Bulb,4,23:35:47,1235.28
13.45,67.49,5.02,Bulb,4,23:35:47,1235.86
13.72,66.51,4.85,Bulb,4,23:35:48,1236.44
14.31,68.94,4.82,Bulb,4,23:35:49,1237.03
14.74,65.43,4.44,Bulb,4,23:35:49,1237.62
14.22,65.16,4.58,Bulb,4,23:35:50,1238.2
13.89,74.57,5.37,Bulb,4,23:35:50,1238.79
13.79,63.42,4.6,Bulb,4,23:35:51,1239.37
13.24,69.08,5.22,Bulb,4,23:35:52,1239.96
12.96,75.48,5.82,Bulb,4,23:35:52,1240.54
14.5,66.08,4.56,Bulb,4,23:35:53,1241.13
15.32,104.34,6.81,Bulb,4,23:35:53,1241.71
14.19,55.27,3.89,Bulb,4,23:35:54,1242.3
13.97,60.88,4.36,Bulb,4,23:35:55,1242.88
14.27,67.0,4.69,Bulb,4,23:35:55,1243.47
14.47,75.09,5.19,Bulb,4,23:35:56,1244.06
14.2,101.57,7.16,Bulb,4,23:35:56,1244.64
13.62,59.66,4.38,Bulb,4,23:35:57,1245.22
13.89,63.58,4.58,Bulb,4,23:35:57,1245.81
13.58,69.66,5.13,Bulb,4,23:35:58,1246.4
13.7,65.71,4.8,Bulb,4,23:35:59,1246.98
14.23,65.08,4.57,Bulb,4,23:35:59,1247.57
14.81,74.72,5.04,Bulb,4,23:36:00,1248.15
14.16,67.53,4.77,Bulb,4,23:36:00,1248.74
13.86,60.1,4.33,Bulb,4,23:36:01,1249.32
14.23,87.95,6.18,Bulb,4,23:36:02,1249.9
13.78,64.1,4.65,Bulb,4,23:36:02,1250.49
14.04,60.13,4.28,Bulb,4,23:36:03,1251.08
13.77,65.42,4.75,Bulb,4,23:36:03,1251.66
13.28,54.38,4.09,Bulb,4,23:36:04,1252.25
13.96,104.55,7.49,Bulb,4,23:36:04,1252.83
13.16,55.1,4.19,Bulb,4,23:36:05,1253.42
13.66,70.66,5.17,Bulb,4,23:36:06,1254.0
14.89,111.43,7.49,Bulb,4,23:36:06,1254.59
15.02,74.46,4.96,Bulb,4,23:36:07,1255.17
14.3,64.58,4.52,Bulb,4,23:36:07,1255.76
13.82,55.85,4.04,NO LOAD,5,23:36:22,1270.12
13.91,71.01,5.11,NO LOAD,5,23:36:22,1270.12
15.39,73.26,4.76,NO LOAD,5,23:36:22,1270.12
14.93,92.38,6.19,NO LOAD,5,23:36:22,1270.12
13.73,63.22,4.6,NO LOAD,5,23:36:22,1270.12
13.17,59.38,4.51,NO LOAD,5,23:36:22,1270.12
14.69,64.24,4.37,NO LOAD,5,23:36:22,1270.12
13.35,57.03,4.27,NO LOAD,5,23:36:22,1270.13
14.25,69.35,4.87,NO LOAD,5,23:36:22,1270.13
9.8,52.94,5.4,NO LOAD,5,23:36:22,1270.13
9.74,63.5,6.52,NO LOAD,5,23:36:22,1270.13
10.36,57.25,5.52,NO LOAD,5,23:36:22,1270.13
9.46,50.6,5.35,NO LOAD,5,23:36:22,1270.13
10.25,51.49,5.02,NO LOAD,5,23:36:22,1270.13
9.72,56.9,5.85,NO LOAD,5,23:36:22,1270.13
10.73,55.54,5.17,NO LOAD,5,23:36:22,1270.13
9.36,54.39,5.81,NO LOAD,5,23:36:22,1270.13
10.93,64.28,5.88,NO LOAD,5,23:36:22,1270.13
10.5,58.93,5.61,NO LOAD,5,23:36:22,1270.14
10.43,78.85,7.56,NO LOAD,5,23:36:22,1270.14
9.87,58.3,5.91,NO LOAD,5,23:36:22,1270.14
9.6,59.23,6.17,NO LOAD,5,23:36:22,1270.14
10.72,57.78,5.39,NO LOAD,5,23:36:22,1270.14
9.6,55.63,5.8,NO LOAD,5,23:36:22,1270.14
10.45,91.32,8.74,NO LOAD,5,23:36:22,1270.37
9.79,52.6,5.37,NO LOAD,5,23:36:23,1270.95
10.99,79.03,7.19,NO LOAD,5,23:36:23,1271.54
10.79,57.29,5.31,NO LOAD,5,23:36:24,1272.12
10.85,66.51,6.13,NO LOAD,5,23:36:24,1272.71
8.92,51.03,5.72,NO LOAD,5,23:36:25,1273.29
9.77,63.15,6.47,NO LOAD,5,23:36:25,1273.87
9.89,60.62,6.13,NO LOAD,5,23:36:26,1274.46
10.95,74.88,6.84,NO LOAD,5,23:36:27,1275.04
9.92,50.86,5.13,NO LOAD,5,23:36:27,1275.62
9.86,57.34,5.82,NO LOAD,5,23:36:28,1276.21
9.96,53.41,5.36,NO LOAD,5,23:36:28,1276.79
9.33,51.65,5.54,NO LOAD,5,23:36:29,1277.38
11.37,79.72,7.01,NO LOAD,5,23:36:30,1277.96
10.11,61.24,6.06,NO LOAD,5,23:36:30,1278.55
9.92,60.04,6.05,NO LOAD,5,23:36:31,1279.13
10.06,49.63,4.94,NO LOAD,5,23:36:31,1279.71
10.16,80.16,7.89,NO LOAD,5,23:36:32,1280.3
10.88,63.48,5.84,NO LOAD,5,23:36:33,1280.88
9.65,52.83,5.47,NO LOAD,5,23:36:33,1281.47
11.28,64.13,5.69,NO LOAD,5,23:36:34,1282.05
9.57,59.81,6.25,NO LOAD,5,23:36:34,1282.64
10.73,77.7,7.24,NO LOAD,5,23:36:35,1283.22
9.77,59.56,6.1,NO LOAD,5,23:36:35,1283.8
10.57,52.04,4.92,NO LOAD,5,23:36:36,1284.39
11.38,65.41,5.75,NO LOAD,5,23:36:37,1284.97
9.85,56.59,5.75,NO LOAD,5,23:36:37,1285.56
9.87,54.44,5.52,NO LOAD,5,23:36:38,1286.14
9.25,58.59,6.33,NO LOAD,5,23:36:38,1286.72
10.44,63.72,6.1,NO LOAD,5,23:36:39,1287.3
10.81,80.16,7.41,NO LOAD,5,23:36:40,1287.89
10.68,56.87,5.33,NO LOAD,5,23:36:40,1288.47
10.23,58.51,5.72,NO LOAD,5,23:36:41,1289.06
10.59,64.07,6.05,NO LOAD,5,23:36:41,1289.65
10.88,63.55,5.84,NO LOAD,5,23:36:42,1290.23
10.72,58.91,5.5,NO LOAD,5,23:36:42,1290.82
10.98,56.61,5.15,NO LOAD,5,23:36:43,1291.4
10.13,64.39,6.36,NO LOAD,5,23:36:44,1291.99
9.89,49.15,4.97,NO LOAD,5,23:36:44,1292.57
11.71,65.67,5.61,NO LOAD,5,23:36:45,1293.15
9.84,59.73,6.07,NO LOAD,5,23:36:45,1293.74
11.03,87.66,7.95,NO LOAD,5,23:36:46,1294.32
10.29,49.6,4.82,NO LOAD,5,23:36:47,1294.91
10.58,63.37,5.99,NO LOAD,5,23:36:47,1295.49
8.86,50.26,5.67,NO LOAD,5,23:36:48,1296.07
9.52,57.68,6.06,NO LOAD,5,23:36:48,1296.66
10.65,60.48,5.68,NO LOAD,5,23:36:49,1297.24
10.39,65.48,6.3,NO LOAD,5,23:36:49,1297.83
10.28,54.39,5.29,NO LOAD,5,23:36:50,1298.41
9.8,63.99,6.53,NO LOAD,5,23:36:51,1299.0
10.01,59.99,5.99,NO LOAD,5,23:36:51,1299.58
10.8,76.58,7.09,NO LOAD,5,23:36:52,1300.17
9.64,53.63,5.57,NO LOAD,5,23:36:52,1300.75
10.44,51.97,4.98,NO LOAD,5,23:36:53,1301.33
10.25,65.1,6.35,NO LOAD,5,23:36:54,1301.92
9.75,56.18,5.76,NO LOAD,5,23:36:54,1302.5
10.69,78.64,7.36,NO LOAD,5,23:36:55,1303.09
10.02,52.76,5.27,NO LOAD,5,23:36:55,1303.67
9.85,60.08,6.1,NO LOAD,5,23:36:56,1304.26
9.1,49.85,5.48,NO LOAD,5,23:36:56,1304.84
10.77,68.73,6.38,NO LOAD,5,23:36:57,1305.42
10.47,58.94,5.63,NO LOAD,5,23:36:58,1306.01
10.11,73.88,7.31,NO LOAD,5,23:36:58,1306.59
10.64,56.35,5.29,NO LOAD,5,23:36:59,1307.18
9.54,62.34,6.54,NO LOAD,5,23:36:59,1307.76
10.61,90.06,8.48,NO LOAD,5,23:37:00,1308.35
9.67,51.02,5.28,NO LOAD,5,23:37:01,1308.93
9.9,52.89,5.34,NO LOAD,5,23:37:01,1309.51
10.54,54.93,5.21,NO LOAD,5,23:37:02,1310.1
11.55,94.3,8.17,NO LOAD,5,23:37:02,1310.68
10.05,53.32,5.3,NO LOAD,5,23:37:03,1311.26
10.81,61.7,5.71,NO LOAD,5,23:37:03,1311.85
10.76,72.92,6.77,NO LOAD,5,23:37:04,1312.44
10.16,50.51,4.97,NO LOAD,5,23:37:05,1313.02
10.44,58.6,5.61,NO LOAD,5,23:37:05,1313.61
10.04,62.57,6.23,NO LOAD,5,23:37:06,1314.19
10.85,63.41,5.85,NO LOAD,5,23:37:06,1314.78
11.24,59.89,5.33,NO LOAD,5,23:37:07,1315.36
10.6,46.97,4.43,NO LOAD,5,23:37:08,1315.95
10.52,60.57,5.76,NO LOAD,5,23:37:08,1316.53
10.2,53.67,5.26,NO LOAD,5,23:37:09,1317.11
9.45,54.65,5.78,NO LOAD,5,23:37:09,1317.7
10.46,59.31,5.67,NO LOAD,5,23:37:10,1318.29
9.73,56.84,5.84,NO LOAD,5,23:37:10,1318.87
9.98,53.14,5.32,NO LOAD,5,23:37:11,1319.45
10.72,65.0,6.06,NO LOAD,5,23:37:12,1320.03
11.0,60.81,5.53,NO LOAD,5,23:37:12,1320.62
9.36,50.48,5.39,NO LOAD,5,23:37:13,1321.21
11.0,68.55,6.23,NO LOAD,5,23:37:13,1321.79
9.96,70.68,7.1,NO LOAD,5,23:37:14,1322.37
9.38,52.12,5.55,NO LOAD,5,23:37:15,1322.96
10.36,65.89,6.36,NO LOAD,5,23:37:15,1323.54
10.72,62.19,5.8,NO LOAD,5,23:37:16,1324.13
10.26,69.1,6.74,NO LOAD,5,23:37:16,1324.71
10.8,63.83,5.91,NO LOAD,5,23:37:17,1325.29
9.55,53.16,5.57,NO LOAD,5,23:37:18,1325.88
9.91,51.2,5.16,NO LOAD,5,23:37:18,1326.47
10.52,62.68,5.96,NO LOAD,5,23:37:19,1327.05
10.08,58.62,5.82,NO LOAD,5,23:37:19,1327.64
9.98,59.44,5.95,NO LOAD,5,23:37:20,1328.22
9.88,52.81,5.34,NO LOAD,5,23:37:20,1328.8
10.09,52.7,5.22,NO LOAD,5,23:37:21,1329.39
10.57,59.48,5.63,NO LOAD,5,23:37:22,1329.97
9.72,64.07,6.59,NO LOAD,5,23:37:22,1330.56
9.43,50.09,5.31,NO LOAD,5,23:37:23,1331.14
10.09,48.73,4.83,NO LOAD,5,23:37:23,1331.72
10.09,52.38,5.19,NO LOAD,5,23:37:24,1332.31
9.49,64.09,6.75,NO LOAD,5,23:37:25,1332.89
10.94,56.25,5.14,NO LOAD,5,23:37:25,1333.47
10.08,65.58,6.5,NO LOAD,5,23:37:26,1334.06
10.41,57.71,5.54,NO LOAD,5,23:37:26,1334.65
11.14,63.39,5.69,NO LOAD,5,23:37:27,1335.23
10.33,59.45,5.75,NO LOAD,5,23:37:27,1335.82
9.7,54.52,5.62,NO LOAD,5,23:37:28,1336.4
9.74,53.65,5.51,NO LOAD,5,23:37:29,1336.99
10.08,48.99,4.86,NO LOAD,5,23:37:29,1337.57
9.5,48.15,5.07,NO LOAD,5,23:37:30,1338.15
9.67,51.68,5.34,NO LOAD,5,23:37:30,1338.74
10.54,94.91,9.01,NO LOAD,5,23:37:31,1339.32
10.99,50.6,4.6,NO LOAD,5,23:37:32,1339.9
11.02,63.97,5.8,NO LOAD,5,23:37:32,1340.49
10.49,64.02,6.11,NO LOAD,5,23:37:33,1341.08
10.01,80.85,8.08,NO LOAD,5,23:37:33,1341.65
10.06,58.38,5.8,NO LOAD,5,23:37:34,1342.24
10.87,52.32,4.81,NO LOAD,5,23:37:34,1342.83
10.59,69.35,6.55,NO LOAD,5,23:37:35,1343.41
9.32,50.49,5.42,NO LOAD,5,23:37:36,1344.0
10.04,63.69,6.34,NO LOAD,5,23:37:36,1344.58
11.23,63.47,5.65,NO LOAD,5,23:37:37,1345.17
11.1,80.03,7.21,NO LOAD,5,23:37:37,1345.75
9.41,57.52,6.11,NO LOAD,5,23:37:38,1346.34
10.59,53.13,5.02,NO LOAD,5,23:37:39,1346.92
9.59,48.52,5.06,NO LOAD,5,23:37:39,1347.51
10.09,51.6,5.11,NO LOAD,5,23:37:40,1348.09
10.43,63.42,6.08,NO LOAD,5,23:37:40,1348.67
11.05,65.35,5.92,NO LOAD,5,23:37:41,1349.26
10.03,65.55,6.54,NO LOAD,5,23:37:41,1349.84
10.91,71.51,6.55,NO LOAD,5,23:37:42,1350.43
10.04,56.67,5.64,NO LOAD,5,23:37:43,1351.01
11.13,59.85,5.38,NO LOAD,5,23:37:43,1351.6
11.54,63.19,5.48,NO LOAD,5,23:37:44,1352.18
10.49,65.96,6.29,NO LOAD,5,23:37:44,1352.77
9.66,49.18,5.09,NO LOAD,5,23:37:45,1353.35
9.97,66.15,6.63,NO LOAD,5,23:37:46,1353.93
10.35,51.26,4.95,NO LOAD,5,23:37:46,1354.52
11.09,61.07,5.51,NO LOAD,5,23:37:47,1355.11
9.87,59.71,6.05,NO LOAD,5,23:37:47,1355.69
10.21,47.16,4.62,NO LOAD,5,23:37:48,1356.27
10.17,71.45,7.03,NO LOAD,5,23:37:48,1356.86
9.82,47.98,4.89,NO LOAD,5,23:37:49,1357.44
10.28,56.53,5.5,NO LOAD,5,23:37:50,1358.03
10.18,60.16,5.91,NO LOAD,5,23:37:50,1358.61
9.78,55.77,5.7,NO LOAD,5,23:37:51,1359.2
10.08,55.6,5.52,NO LOAD,5,23:37:51,1359.77
11.1,60.17,5.42,NO LOAD,5,23:37:52,1360.37
10.42,61.14,5.87,NO LOAD,5,23:37:53,1360.95
11.48,60.19,5.24,NO LOAD,5,23:37:53,1361.54
11.15,63.51,5.69,NO LOAD,5,23:37:54,1362.12
10.15,61.8,6.09,NO LOAD,5,23:37:54,1362.7
9.75,65.13,6.68,NO LOAD,5,23:37:55,1363.29
10.62,53.47,5.03,NO LOAD,5,23:37:55,1363.87
10.25,58.9,5.75,NO LOAD,5,23:37:56,1364.46
10.28,59.62,5.8,NO LOAD,5,23:37:57,1365.05
10.49,51.96,4.95,NO LOAD,5,23:37:57,1365.63
10.09,66.09,6.55,NO LOAD,5,23:37:58,1366.21
9.74,54.44,5.59,NO LOAD,5,23:37:58,1366.8
10.94,64.73,5.92,NO LOAD,5,23:37:59,1367.38
10.36,58.48,5.64,NO LOAD,5,23:38:00,1367.97
10.15,59.08,5.82,NO LOAD,5,23:38:00,1368.55
10.0,64.11,6.41,NO LOAD,5,23:38:01,1369.14
9.92,55.57,5.6,NO LOAD,5,23:38:01,1369.72
9.27,59.46,6.41,NO LOAD,5,23:38:02,1370.3
10.41,61.86,5.94,NO LOAD,5,23:38:03,1370.89
10.62,61.29,5.77,NO LOAD,5,23:38:03,1371.47
10.82,66.86,6.18,NO LOAD,5,23:38:04,1372.06
10.17,57.21,5.63,NO LOAD,5,23:38:04,1372.64
8.86,61.36,6.93,NO LOAD,5,23:38:05,1373.23
9.98,70.22,7.04,NO LOAD,5,23:38:05,1373.81
9.31,49.48,5.32,NO LOAD,5,23:38:06,1374.4
10.77,64.66,6.01,NO LOAD,5,23:38:07,1374.98
10.82,63.97,5.91,NO LOAD,5,23:38:07,1375.56
10.29,58.1,5.65,NO LOAD,5,23:38:08,1376.15
10.58,54.1,5.11,NO LOAD,5,23:38:08,1376.73
10.61,56.08,5.28,NO LOAD,5,23:38:09,1377.32
10.5,65.8,6.26,NO LOAD,5,23:38:10,1377.9
10.28,62.97,6.12,NO LOAD,5,23:38:10,1378.49
10.05,56.86,5.66,NO LOAD,5,23:38:11,1379.07
9.59,61.84,6.44,NO LOAD,5,23:38:11,1379.66
10.58,62.4,5.9,NO LOAD,5,23:38:12,1380.24
10.56,50.79,4.81,NO LOAD,5,23:38:12,1380.83
10.46,79.03,7.56,NO LOAD,5,23:38:13,1381.41
10.39,56.82,5.47,NO LOAD,5,23:38:14,1382.0
10.22,57.27,5.6,NO LOAD,5,23:38:14,1382.58
9.42,50.63,5.38,NO LOAD,5,23:38:15,1383.17
9.58,62.7,6.55,NO LOAD,5,23:38:15,1383.75
10.08,55.58,5.51,NO LOAD,5,23:38:16,1384.33
10.56,56.1,5.31,NO LOAD,5,23:38:17,1384.92
9.97,51.38,5.15,NO LOAD,5,23:38:17,1385.5
9.91,57.56,5.81,NO LOAD,5,23:38:18,1386.09
10.69,60.26,5.64,NO LOAD,5,23:38:18,1386.67
11.09,61.1,5.51,NO LOAD,5,23:38:19,1387.26
11.57,67.24,5.81,NO LOAD,5,23:38:19,1387.84
10.36,63.19,6.1,NO LOAD,5,23:38:20,1388.43
10.95,58.45,5.34,NO LOAD,5,23:38:21,1389.01
10.74,57.7,5.37,NO LOAD,5,23:38:21,1389.59
10.36,60.62,5.85,NO LOAD,5,23:38:22,1390.18
10.7,52.15,4.87,NO LOAD,5,23:38:22,1390.76
9.79,63.6,6.5,NO LOAD,5,23:38:23,1391.35
10.01,58.52,5.85,NO LOAD,5,23:38:24,1391.93
10.35,60.87,5.88,NO LOAD,5,23:38:24,1392.52
10.16,54.49,5.36,NO LOAD,5,23:38:25,1393.11
9.99,62.44,6.25,NO LOAD,5,23:38:25,1393.69
9.8,68.32,6.97,NO LOAD,5,23:38:26,1394.28
9.88,64.14,6.49,NO LOAD,5,23:38:26,1394.86
11.33,63.29,5.58,NO LOAD,5,23:38:27,1395.44
10.43,51.08,4.9,NO LOAD,5,23:38:28,1396.03
10.24,55.03,5.37,NO LOAD,5,23:38:28,1396.61
9.9,50.1,5.06,NO LOAD,5,23:38:29,1397.2
9.83,51.77,5.27,NO LOAD,5,23:38:29,1397.78
9.81,61.89,6.31,NO LOAD,5,23:38:30,1398.36
11.03,63.73,5.78,NO LOAD,5,23:38:31,1398.94
10.49,64.4,6.14,NO LOAD,5,23:38:31,1399.53
10.8,61.18,5.67,NO LOAD,5,23:38:32,1400.11
9.42,60.94,6.47,NO LOAD,5,23:38:32,1400.7
11.11,75.49,6.8,NO LOAD,5,23:38:33,1401.28
9.62,49.62,5.16,NO LOAD,5,23:38:33,1401.87
10.82,53.06,4.9,NO LOAD,5,23:38:34,1402.45
10.55,63.06,5.98,NO LOAD,5,23:38:35,1403.03
10.35,61.44,5.93,NO LOAD,5,23:38:35,1403.62
9.8,68.43,6.98,NO LOAD,5,23:38:36,1404.21
10.21,61.45,6.02,NO LOAD,5,23:38:36,1404.79
9.78,57.5,5.88,NO LOAD,5,23:38:37,1405.37
9.84,51.29,5.21,NO LOAD,5,23:38:38,1405.96
9.95,57.09,5.74,NO LOAD,5,23:38:38,1406.54
10.93,65.4,5.98,NO LOAD,5,23:38:39,1407.12
11.39,71.82,6.3,NO LOAD,5,23:38:39,1407.7
10.45,64.26,6.15,NO LOAD,5,23:38:40,1408.29
10.87,60.09,5.53,NO LOAD,5,23:38:40,1408.88
9.75,71.41,7.32,NO LOAD,5,23:38:41,1409.46
9.69,57.76,5.96,NO LOAD,5,23:38:42,1410.04
10.66,63.12,5.92,NO LOAD,5,23:38:42,1410.63
9.98,58.84,5.9,NO LOAD,5,23:38:43,1411.21
10.27,62.1,6.05,NO LOAD,5,23:38:43,1411.8
11.56,69.7,6.03,NO LOAD,5,23:38:44,1412.38
9.77,49.21,5.04,NO LOAD,5,23:38:45,1412.96
9.48,57.04,6.02,NO LOAD,5,23:38:45,1413.55
9.32,49.63,5.33,NO LOAD,5,23:38:46,1414.13
10.76,65.3,6.07,NO LOAD,5,23:38:46,1414.72
10.04,55.34,5.51,NO LOAD,5,23:38:47,1415.3
9.82,56.31,5.73,NO LOAD,5,23:38:48,1415.89
9.78,64.0,6.54,NO LOAD,5,23:38:48,1416.47
9.58,50.6,5.28,NO LOAD,5,23:38:49,1417.05
10.72,64.47,6.02,NO LOAD,5,23:38:49,1417.64
10.6,57.09,5.38,NO LOAD,5,23:38:50,1418.22
10.05,48.08,4.79,NO LOAD,5,23:38:50,1418.81
10.4,62.1,5.97,NO LOAD,5,23:38:51,1419.39
10.02,59.53,5.94,NO LOAD,5,23:38:52,1419.97
9.91,62.36,6.29,NO LOAD,5,23:38:52,1420.56
9.73,62.11,6.39,NO LOAD,5,23:38:53,1421.14
9.93,51.75,5.21,NO LOAD,5,23:38:53,1421.73
10.39,59.94,5.77,NO LOAD,5,23:38:54,1422.31
10.85,62.07,5.72,NO LOAD,5,23:38:55,1422.9
9.45,44.65,4.73,NO LOAD,5,23:38:55,1423.48
10.68,54.67,5.12,NO LOAD,5,23:38:56,1424.06
9.48,55.98,5.9,NO LOAD,5,23:38:56,1424.65
9.87,54.98,5.57,NO LOAD,5,23:38:57,1425.23
10.97,58.55,5.34,NO LOAD,5,23:38:57,1425.81
10.78,55.48,5.15,NO LOAD,5,23:38:58,1426.4
10.54,66.77,6.34,NO LOAD,5,23:38:59,1426.98
9.35,55.7,5.96,NO LOAD,5,23:38:59,1427.57
10.48,54.59,5.21,NO LOAD,5,23:39:00,1428.15
10.71,60.97,5.69,NO LOAD,5,23:39:00,1428.74
10.16,52.65,5.18,NO LOAD,5,23:39:01,1429.32
10.86,62.97,5.8,NO LOAD,5,23:39:02,1429.9
10.75,59.05,5.49,NO LOAD,5,23:39:02,1430.49
8.97,50.02,5.57,NO LOAD,5,23:39:03,1431.07
10.18,58.35,5.73,NO LOAD,5,23:39:03,1431.66
10.43,59.2,5.67,NO LOAD,5,23:39:04,1432.25
10.19,45.19,4.43,NO LOAD,5,23:39:04,1432.83
11.12,64.47,5.8,NO LOAD,5,23:39:05,1433.41
10.19,53.32,5.23,NO LOAD,5,23:39:06,1434.0
10.74,64.66,6.02,NO LOAD,5,23:39:06,1434.59
10.56,61.98,5.87,NO LOAD,5,23:39:07,1435.17
10.98,56.0,5.1,NO LOAD,5,23:39:07,1435.76
10.57,61.07,5.78,NO LOAD,5,23:39:08,1436.34
8.94,61.49,6.88,NO LOAD,5,23:39:09,1436.93
9.2,53.01,5.76,NO LOAD,5,23:39:09,1437.51
9.96,58.46,5.87,NO LOAD,5,23:39:10,1438.09
10.29,79.6,7.73,NO LOAD,5,23:39:10,1438.68
10.06,63.17,6.28,NO LOAD,5,23:39:11,1439.26
10.29,64.98,6.32,NO LOAD,5,23:39:11,1439.85
9.72,61.11,6.28,NO LOAD,5,23:39:12,1440.43
9.71,49.78,5.13,NO LOAD,5,23:39:13,1441.02
9.76,61.27,6.27,NO LOAD,5,23:39:13,1441.6
9.84,59.88,6.08,NO LOAD,5,23:39:14,1442.18
10.14,60.66,5.98,NO LOAD,5,23:39:14,1442.76
9.8,63.94,6.53,NO LOAD,5,23:39:15,1443.35
10.9,64.13,5.88,NO LOAD,5,23:39:16,1443.93
10.19,52.9,5.19,NO LOAD,5,23:39:16,1444.52
10.32,61.14,5.92,NO LOAD,5,23:39:17,1445.1
10.31,60.32,5.85,NO LOAD,5,23:39:17,1445.68
9.92,53.64,5.4,NO LOAD,5,23:39:18,1446.27
10.31,58.26,5.65,NO LOAD,5,23:39:18,1446.86
10.53,52.65,5.0,NO LOAD,5,23:39:19,1447.44
10.86,73.64,6.78,NO LOAD,5,23:39:20,1448.02
10.24,60.89,5.95,NO LOAD,5,23:39:20,1448.61
9.83,59.43,6.04,NO LOAD,5,23:39:21,1449.19
9.92,61.79,6.23,NO LOAD,5,23:39:21,1449.78
9.89,50.91,5.15,NO LOAD,5,23:39:22,1450.36
10.86,54.34,5.0,NO LOAD,5,23:39:23,1450.94
9.96,61.69,6.19,NO LOAD,5,23:39:23,1451.53
9.44,53.51,5.67,NO LOAD,5,23:39:24,1452.11
10.56,63.46,6.01,NO LOAD,5,23:39:24,1452.69
10.73,52.1,4.85,NO LOAD,5,23:39:25,1453.28
9.93,52.92,5.33,NO LOAD,5,23:39:25,1453.87
9.77,55.79,5.71,NO LOAD,5,23:39:26,1454.45
10.46,53.56,5.12,NO LOAD,5,23:39:27,1455.03
10.69,58.22,5.45,NO LOAD,5,23:39:27,1455.62
10.73,59.9,5.58,NO LOAD,5,23:39:28,1456.2
9.61,62.27,6.48,NO LOAD,5,23:39:28,1456.79
9.94,62.48,6.29,NO LOAD,5,23:39:29,1457.37
10.54,61.96,5.88,NO LOAD,5,23:39:30,1457.95
10.49,73.89,7.04,NO LOAD,5,23:39:30,1458.54
9.19,55.13,6.0,NO LOAD,5,23:39:31,1459.12
9.73,69.75,7.17,NO LOAD,5,23:39:31,1459.71
10.42,77.74,7.46,NO LOAD,5,23:39:32,1460.29
10.22,59.89,5.86,NO LOAD,5,23:39:32,1460.87
9.7,49.38,5.09,NO LOAD,5,23:39:33,1461.46
9.55,63.02,6.6,NO LOAD,5,23:39:34,1462.04
10.24,58.31,5.7,NO LOAD,5,23:39:34,1462.63
10.64,70.56,6.63,NO LOAD,5,23:39:35,1463.21
9.46,60.2,6.36,NO LOAD,5,23:39:35,1463.79
9.42,52.55,5.58,NO LOAD,5,23:39:36,1464.38
9.52,48.39,5.08,NO LOAD,5,23:39:37,1464.96
9.79,59.64,6.09,NO LOAD,5,23:39:37,1465.55
10.23,74.07,7.24,NO LOAD,5,23:39:38,1466.13
9.62,50.64,5.27,NO LOAD,5,23:39:38,1466.71
10.25,90.06,8.79,NO LOAD,5,23:39:39,1467.3
10.02,56.52,5.64,NO LOAD,5,23:39:40,1467.88
10.41,63.77,6.12,NO LOAD,5,23:39:40,1468.46
10.28,57.19,5.56,NO LOAD,5,23:39:41,1469.05
9.98,59.1,5.92,NO LOAD,5,23:39:41,1469.64
10.08,57.26,5.68,NO LOAD,5,23:39:42,1470.22
11.09,69.32,6.25,NO LOAD,5,23:39:42,1470.81
10.1,63.8,6.32,NO LOAD,5,23:39:43,1471.39
10.66,56.28,5.28,NO LOAD,5,23:39:44,1471.98
10.02,64.59,6.45,NO LOAD,5,23:39:44,1472.56
9.88,60.33,6.1,NO LOAD,5,23:39:45,1473.15
10.55,53.28,5.05,NO LOAD,5,23:39:45,1473.73
10.63,51.89,4.88,NO LOAD,5,23:39:46,1474.31
10.33,64.92,6.28,NO LOAD,5,23:39:47,1474.9
10.93,62.84,5.75,NO LOAD,5,23:39:47,1475.49
10.52,60.01,5.7,NO LOAD,5,23:39:48,1476.07
10.16,51.23,5.04,NO LOAD,5,23:39:48,1476.65
9.92,65.26,6.58,NO LOAD,5,23:39:49,1477.24
10.34,57.98,5.61,NO LOAD,5,23:39:49,1477.82
11.14,61.22,5.49,NO LOAD,5,23:39:50,1478.41
10.13,55.5,5.48,NO LOAD,5,23:39:51,1478.99
10.17,60.8,5.98,NO LOAD,5,23:39:51,1479.58
10.45,52.11,4.99,NO LOAD,5,23:39:52,1480.16
10.09,41.92,4.16,NO LOAD,5,23:39:52,1480.75
11.42,64.14,5.62,NO LOAD,5,23:39:53,1481.33
10.6,62.68,5.91,NO LOAD,5,23:39:54,1481.92
10.42,62.43,5.99,NO LOAD,5,23:39:54,1482.5
10.03,62.36,6.22,NO LOAD,5,23:39:55,1483.09
9.62,58.91,6.12,NO LOAD,5,23:39:55,1483.67
10.77,53.99,5.01,NO LOAD,5,23:39:56,1484.25
10.23,64.36,6.29,NO LOAD,5,23:39:56,1484.84
10.01,51.05,5.1,NO LOAD,5,23:39:57,1485.43
10.17,65.49,6.44,NO LOAD,5,23:39:58,1486.01
10.66,46.75,4.39,NO LOAD,5,23:39:58,1486.6
9.83,61.09,6.21,NO LOAD,5,23:39:59,1487.18
10.25,57.62,5.62,NO LOAD,5,23:39:59,1487.76
9.68,47.06,4.86,NO LOAD,5,23:40:00,1488.35
9.81,53.28,5.43,NO LOAD,5,23:40:01,1488.93
10.37,57.91,5.59,NO LOAD,5,23:40:01,1489.52
10.41,60.27,5.79,NO LOAD,5,23:40:02,1490.1
10.26,59.53,5.8,NO LOAD,5,23:40:02,1490.69
10.54,75.23,7.14,NO LOAD,5,23:40:03,1491.27
10.51,62.59,5.96,NO LOAD,5,23:40:03,1491.86
10.69,60.72,5.68,NO LOAD,5,23:40:04,1492.44
10.99,59.28,5.39,NO LOAD,5,23:40:05,1493.03
10.07,53.27,5.29,NO LOAD,5,23:40:05,1493.61
10.33,51.76,5.01,NO LOAD,5,23:40:06,1494.19
11.24,68.8,6.12,NO LOAD,5,23:40:06,1494.78
9.74,55.77,5.72,NO LOAD,5,23:40:07,1495.37
9.97,62.05,6.22,NO LOAD,5,23:40:08,1495.95
10.36,61.47,5.94,NO LOAD,5,23:40:08,1496.53
9.54,57.46,6.02,NO LOAD,5,23:40:09,1497.12
10.38,64.86,6.25,NO LOAD,5,23:40:09,1497.7
9.16,49.47,5.4,NO LOAD,5,23:40:10,1498.29
9.73,59.54,6.12,NO LOAD,5,23:40:10,1498.87
11.19,64.05,5.72,NO LOAD,5,23:40:11,1499.45
10.36,54.57,5.27,NO LOAD,5,23:40:12,1500.04
10.12,63.15,6.24,NO LOAD,5,23:40:12,1500.62
11.33,75.94,6.7,NO LOAD,5,23:40:13,1501.21
10.71,58.81,5.49,NO LOAD,5,23:40:13,1501.79
10.43,63.46,6.09,NO LOAD,5,23:40:14,1502.38
11.33,62.92,5.55,NO LOAD,5,23:40:15,1502.96
10.68,78.14,7.32,NO LOAD,5,23:40:15,1503.54
9.93,61.48,6.19,NO LOAD,5,23:40:16,1504.13
10.51,84.54,8.04,NO LOAD,5,23:40:16,1504.72
10.51,62.55,5.95,NO LOAD,5,23:40:17,1505.3
9.84,53.52,5.44,NO LOAD,5,23:40:18,1505.89
9.75,63.87,6.55,NO LOAD,5,23:40:18,1506.47
10.78,63.62,5.9,NO LOAD,5,23:40:19,1507.05
10.49,65.05,6.2,NO LOAD,5,23:40:19,1507.64
10.43,55.81,5.35,NO LOAD,5,23:40:20,1508.22
9.99,76.51,7.66,NO LOAD,5,23:40:20,1508.81
10.33,50.88,4.92,NO LOAD,5,23:40:21,1509.39
10.58,51.67,4.88,NO LOAD,5,23:40:22,1509.97
10.15,52.15,5.14,NO LOAD,5,23:40:22,1510.56
10.48,64.56,6.16,NO LOAD,5,23:40:23,1511.15
9.56,53.33,5.58,NO LOAD,5,23:40:23,1511.73
10.75,61.2,5.7,NO LOAD,5,23:40:24,1512.32
10.93,63.25,5.79,NO LOAD,5,23:40:25,1512.9
10.76,64.34,5.98,NO LOAD,5,23:40:25,1513.48
10.12,69.52,6.87,NO LOAD,5,23:40:26,1514.07
10.62,62.54,5.89,NO LOAD,5,23:40:26,1514.65
10.72,54.57,5.09,NO LOAD,5,23:40:27,1515.24
10.73,70.69,6.59,NO LOAD,5,23:40:27,1515.82
10.5,72.83,6.93,NO LOAD,5,23:40:28,1516.41
10.42,60.59,5.81,NO LOAD,5,23:40:29,1516.99
9.4,51.13,5.44,NO LOAD,5,23:40:29,1517.58
10.51,55.92,5.32,NO LOAD,5,23:40:30,1518.16
10.98,76.15,6.93,NO LOAD,5,23:40:30,1518.74
10.7,60.06,5.62,NO LOAD,5,23:40:31,1519.33
10.36,65.28,6.3,NO LOAD,5,23:40:32,1519.92
9.23,55.9,6.06,NO LOAD,5,23:40:32,1520.5
10.66,63.83,5.99,NO LOAD,5,23:40:33,1521.08
10.32,55.17,5.35,NO LOAD,5,23:40:33,1521.67
10.36,62.32,6.01,NO LOAD,5,23:40:34,1522.26
10.3,47.51,4.61,NO LOAD,5,23:40:34,1522.84
10.86,72.37,6.66,NO LOAD,5,23:40:35,1523.43
9.78,64.1,6.55,NO LOAD,5,23:40:36,1524.01
9.43,60.19,6.38,NO LOAD,5,23:40:36,1524.59
9.41,49.07,5.21,NO LOAD,5,23:40:37,1525.17
11.25,68.43,6.08,NO LOAD,5,23:40:37,1525.76
10.57,52.62,4.98,NO LOAD,5,23:40:38,1526.35
9.41,52.28,5.55,NO LOAD,5,23:40:39,1526.93
11.09,62.7,5.66,NO LOAD,5,23:40:39,1527.51
10.38,55.34,5.33,NO LOAD,5,23:40:40,1528.1
10.73,64.47,6.01,NO LOAD,5,23:40:40,1528.68
9.93,51.95,5.23,NO LOAD,5,23:40:41,1529.27
10.03,51.34,5.12,NO LOAD,5,23:40:41,1529.85
9.74,49.94,5.13,NO LOAD,5,23:40:42,1530.44
11.0,82.87,7.53,NO LOAD,5,23:40:43,1531.02
10.18,63.39,6.23,NO LOAD,5,23:40:43,1531.6
10.39,59.26,5.71,NO LOAD,5,23:40:44,1532.19
10.9,64.3,5.9,NO LOAD,5,23:40:44,1532.77
11.2,74.01,6.61,NO LOAD,5,23:40:45,1533.36
10.71,58.55,5.47,NO LOAD,5,23:40:46,1533.94
9.54,49.78,5.22,NO LOAD,5,23:40:46,1534.53
9.82,60.14,6.13,NO LOAD,5,23:40:47,1535.11
10.33,59.55,5.76,NO LOAD,5,23:40:47,1535.7
9.93,55.29,5.57,NO LOAD,5,23:40:48,1536.28
10.72,76.42,7.13,NO LOAD,5,23:40:48,1536.86
10.45,57.43,5.5,NO LOAD,5,23:40:49,1537.45
10.45,64.48,6.17,NO LOAD,5,23:40:50,1538.03
9.36,57.1,6.1,NO LOAD,5,23:40:50,1538.62
9.74,53.16,5.46,NO LOAD,5,23:40:51,1539.2
9.86,64.31,6.52,NO LOAD,5,23:40:51,1539.78
9.43,44.1,4.68,NO LOAD,5,23:40:52,1540.37
9.66,57.21,5.93,NO LOAD,5,23:40:53,1540.95
9.94,59.75,6.01,NO LOAD,5,23:40:53,1541.53
10.39,61.79,5.95,NO LOAD,5,23:40:54,1542.12
10.33,64.11,6.2,NO LOAD,5,23:40:54,1542.7
10.38,51.91,5.0,NO LOAD,5,23:40:55,1543.28
9.46,56.05,5.92,NO LOAD,5,23:40:55,1543.87
9.76,47.7,4.89,NO LOAD,5,23:40:56,1544.45
10.81,58.12,5.38,NO LOAD,5,23:40:57,1545.04
10.06,58.36,5.8,NO LOAD,5,23:40:57,1545.62
10.05,54.7,5.44,NO LOAD,5,23:40:58,1546.2
9.85,55.67,5.65,NO LOAD,5,23:40:58,1546.79
10.87,125.59,11.56,NO LOAD,5,23:40:59,1547.38
10.82,54.7,5.06,NO LOAD,5,23:41:00,1547.96
10.15,57.27,5.64,NO LOAD,5,23:41:00,1548.55
9.6,57.56,6.0,NO LOAD,5,23:41:01,1549.13
10.92,64.69,5.92,NO LOAD,5,23:41:01,1549.72
9.9,57.43,5.8,NO LOAD,5,23:41:02,1550.3
9.81,73.31,7.48,NO LOAD,5,23:41:02,1550.88
9.92,49.34,4.97,NO LOAD,5,23:41:03,1551.46
9.7,56.9,5.87,NO LOAD,5,23:41:04,1552.05
10.92,60.88,5.57,NO LOAD,5,23:41:04,1552.63
10.15,59.83,5.89,NO LOAD,5,23:41:05,1553.21
10.1,60.32,5.97,NO LOAD,5,23:41:05,1553.8
10.39,60.74,5.85,NO LOAD,5,23:41:06,1554.39
9.58,50.78,5.3,NO LOAD,5,23:41:07,1554.97
10.03,58.77,5.86,NO LOAD,5,23:41:07,1555.56
9.52,71.7,7.53,NO LOAD,5,23:41:08,1556.14
10.33,60.01,5.81,NO LOAD,5,23:41:08,1556.72
10.4,48.59,4.67,NO LOAD,5,23:41:09,1557.31
10.89,58.51,5.37,NO LOAD,5,23:41:10,1557.89
10.4,61.35,5.9,NO LOAD,5,23:41:10,1558.47
10.43,61.55,5.9,NO LOAD,5,23:41:11,1559.06
8.9,61.48,6.91,NO LOAD,5,23:41:11,1559.65
10.54,62.28,5.91,NO LOAD,5,23:41:12,1560.23
9.34,50.58,5.41,NO LOAD,5,23:41:12,1560.81
9.97,51.07,5.12,NO LOAD,5,23:41:13,1561.4
9.81,61.9,6.31,NO LOAD,5,23:41:14,1561.98
10.1,58.55,5.8,NO LOAD,5,23:41:14,1562.57
10.47,53.4,5.1,NO LOAD,5,23:41:15,1563.15
9.6,59.15,6.16,NO LOAD,5,23:41:15,1563.74
9.6,58.72,6.12,NO LOAD,5,23:41:16,1564.32
10.09,49.17,4.87,NO LOAD,5,23:41:17,1564.9
10.45,59.33,5.68,NO LOAD,5,23:41:17,1565.49
9.79,55.33,5.65,NO LOAD,5,23:41:18,1566.07
10.22,56.13,5.49,NO LOAD,5,23:41:18,1566.66
10.36,60.45,5.84,NO LOAD,5,23:41:19,1567.24
9.93,47.81,4.81,NO LOAD,5,23:41:19,1567.83
9.52,48.87,5.14,NO LOAD,5,23:41:20,1568.41
10.69,58.98,5.52,NO LOAD,5,23:41:21,1568.99
10.5,58.39,5.56,NO LOAD,5,23:41:21,1569.58
10.73,63.49,5.91,NO LOAD,5,23:41:22,1570.16
10.9,57.89,5.31,Both,6,23:41:36,1584.31
10.25,55.96,5.46,Both,6,23:41:36,1584.31
10.34,68.71,6.65,Both,6,23:41:36,1584.31
11.29,59.98,5.31,Both,6,23:41:36,1584.32
10.4,52.53,5.05,Both,6,23:41:36,1584.32
9.63,63.5,6.6,Both,6,23:41:36,1584.32
10.33,51.07,4.94,Both,6,23:41:36,1584.32
11.0,63.16,5.74,Both,6,23:41:36,1584.32
9.5,58.51,6.16,Both,6,23:41:36,1584.32
9.62,55.24,5.74,Both,6,23:41:36,1584.32
9.69,54.61,5.64,Both,6,23:41:36,1584.32
10.37,55.22,5.32,Both,6,23:41:36,1584.32
10.69,56.51,5.29,Both,6,23:41:36,1584.32
10.66,58.96,5.53,Both,6,23:41:36,1584.32
10.9,66.19,6.07,Both,6,23:41:36,1584.33
10.71,60.41,5.64,Both,6,23:41:36,1584.33
10.67,54.53,5.11,Both,6,23:41:36,1584.33
11.35,60.46,5.33,Both,6,23:41:36,1584.33
11.33,57.39,5.07,Both,6,23:41:36,1584.33
11.82,82.34,6.97,Both,6,23:41:36,1584.33
13.18,59.16,4.49,Both,6,23:41:36,1584.33
19.54,84.08,4.3,Both,6,23:41:36,1584.34
20.9,108.01,5.17,Both,6,23:41:36,1584.34
20.06,79.81,3.98,Both,6,23:41:36,1584.34
19.79,75.6,3.82,Both,6,23:41:36,1584.78
19.78,68.71,3.47,Both,6,23:41:37,1585.37
20.04,72.27,3.61,Both,6,23:41:38,1585.95
20.42,79.1,3.87,Both,6,23:41:38,1586.54
19.7,115.2,5.85,Both,6,23:41:39,1587.12
19.33,69.24,3.58,Both,6,23:41:39,1587.71
20.61,89.5,4.34,Both,6,23:41:40,1588.29
19.66,80.38,4.09,Both,6,23:41:40,1588.88
20.06,69.01,3.44,Both,6,23:41:41,1589.46
19.65,70.87,3.61,Both,6,23:41:42,1590.05
19.78,75.6,3.82,Both,6,23:41:42,1590.63
20.24,81.73,4.04,Both,6,23:41:43,1591.21
20.51,80.71,3.94,Both,6,23:41:43,1591.8
20.31,93.15,4.59,Both,6,23:41:44,1592.39
19.29,72.62,3.77,Both,6,23:41:45,1592.97
19.99,86.5,4.33,Both,6,23:41:45,1593.56
20.09,87.72,4.37,Both,6,23:41:46,1594.14
19.43,108.21,5.57,Both,6,23:41:46,1594.73
20.24,85.24,4.21,Both,6,23:41:47,1595.31
19.76,100.94,5.11,Both,6,23:41:48,1595.9
19.23,65.9,3.43,Both,6,23:41:48,1596.49
19.77,112.06,5.67,Both,6,23:41:49,1597.07
19.7,84.93,4.31,Both,6,23:41:49,1597.65
19.16,77.11,4.02,Both,6,23:41:50,1598.24
20.4,80.78,3.96,Both,6,23:41:50,1598.83
20.04,74.9,3.74,Both,6,23:41:51,1599.41
19.83,77.95,3.93,Both,6,23:41:52,1599.99
19.75,80.69,4.09,Both,6,23:41:52,1600.58
20.26,82.39,4.07,Both,6,23:41:53,1601.17
21.13,152.69,7.23,Both,6,23:41:53,1601.75
19.34,60.77,3.14,Both,6,23:41:54,1602.34
19.89,83.29,4.19,Both,6,23:41:55,1602.92
19.94,97.33,4.88,Both,6,23:41:55,1603.51
21.1,109.81,5.2,Both,6,23:41:56,1604.09
19.75,98.38,4.98,Both,6,23:41:56,1604.68
20.25,130.57,6.45,Both,6,23:41:57,1605.27
20.33,73.63,3.62,Both,6,23:41:57,1605.85
19.1,70.14,3.67,Both,6,23:41:58,1606.44
20.92,78.55,3.75,Both,6,23:41:59,1607.02
19.47,70.6,3.63,Both,6,23:41:59,1607.61
20.2,77.96,3.86,Both,6,23:42:00,1608.19
20.75,89.39,4.31,Both,6,23:42:00,1608.78
21.24,160.98,7.58,Both,6,23:42:01,1609.36
19.21,74.28,3.87,Both,6,23:42:02,1609.95
18.95,75.42,3.98,Both,6,23:42:02,1610.53
20.4,98.15,4.81,Both,6,23:42:03,1611.12
19.98,112.84,5.65,Both,6,23:42:03,1611.7
20.19,74.38,3.68,Both,6,23:42:04,1612.29
20.73,93.23,4.5,Both,6,23:42:04,1612.87
20.29,68.73,3.39,Both,6,23:42:05,1613.46
19.66,62.65,3.19,Both,6,23:42:06,1614.04
19.97,88.12,4.41,Both,6,23:42:06,1614.62
20.14,94.37,4.69,Both,6,23:42:07,1615.21
20.43,80.22,3.93,Both,6,23:42:07,1615.8
19.4,112.55,5.8,Both,6,23:42:08,1616.38
20.28,94.91,4.68,Both,6,23:42:09,1616.97
19.74,82.21,4.16,Both,6,23:42:09,1617.56
20.16,103.63,5.14,Both,6,23:42:10,1618.14
21.25,124.25,5.85,Both,6,23:42:10,1618.73
19.89,81.9,4.12,Both,6,23:42:11,1619.31
20.97,98.58,4.7,Both,6,23:42:12,1619.9
19.04,68.39,3.59,Both,6,23:42:12,1620.49
20.42,96.74,4.74,Both,6,23:42:13,1621.07
19.89,74.68,3.76,Both,6,23:42:13,1621.65
20.0,73.12,3.66,Both,6,23:42:14,1622.23
19.74,83.95,4.25,Both,6,23:42:14,1622.82
20.33,101.32,4.98,Both,6,23:42:15,1623.41
20.43,115.93,5.68,Both,6,23:42:16,1624.0
20.15,83.72,4.15,Both,6,23:42:16,1624.58
21.48,93.41,4.35,Both,6,23:42:17,1625.16
21.17,132.38,6.25,Both,6,23:42:17,1625.75
19.48,89.3,4.58,Both,6,23:42:18,1626.34
20.99,93.3,4.45,Both,6,23:42:19,1626.92
19.41,87.69,4.52,Both,6,23:42:19,1627.51
20.22,84.69,4.19,Both,6,23:42:20,1628.09
19.21,75.3,3.92,Both,6,23:42:20,1628.67
20.83,103.95,4.99,Both,6,23:42:21,1629.26
20.64,106.26,5.15,Both,6,23:42:21,1629.85
19.4,91.8,4.73,Both,6,23:42:22,1630.44
19.33,99.41,5.14,Both,6,23:42:23,1631.02
19.71,75.65,3.84,Both,6,23:42:23,1631.61
20.57,80.71,3.92,Both,6,23:42:24,1632.19
19.85,67.89,3.42,Both,6,23:42:24,1632.78
19.98,107.52,5.38,Both,6,23:42:25,1633.36
21.1,79.71,3.78,Both,6,23:42:26,1633.95
20.36,100.66,4.94,Both,6,23:42:26,1634.53
20.02,93.91,4.69,Both,6,23:42:27,1635.12
20.88,81.32,3.89,Both,6,23:42:27,1635.7
20.16,122.8,6.09,Both,6,23:42:28,1636.29
19.54,82.33,4.21,Both,6,23:42:28,1636.87
20.27,90.26,4.45,Both,6,23:42:29,1637.46
20.29,121.66,6.0,Both,6,23:42:30,1638.04
20.11,80.47,4.0,Both,6,23:42:30,1638.63
19.69,79.78,4.05,Both,6,23:42:31,1639.22
20.25,120.6,5.96,Both,6,23:42:31,1639.8
19.67,74.65,3.8,Both,6,23:42:32,1640.39
19.66,89.36,4.55,Both,6,23:42:33,1640.97
20.92,99.89,4.77,Both,6,23:42:33,1641.56
20.01,71.12,3.55,Both,6,23:42:34,1642.15
19.66,75.06,3.82,Both,6,23:42:34,1642.73
20.35,77.37,3.8,Both,6,23:42:35,1643.32
20.52,85.99,4.19,Both,6,23:42:36,1643.9
20.56,77.66,3.78,Both,6,23:42:36,1644.48
19.45,101.89,5.24,Both,6,23:42:37,1645.07
20.22,78.14,3.87,Both,6,23:42:37,1645.66
19.7,75.8,3.85,Both,6,23:42:38,1646.24
20.4,96.69,4.74,Both,6,23:42:38,1646.83
20.41,77.9,3.82,Both,6,23:42:39,1647.41
19.26,64.02,3.32,Both,6,23:42:40,1648.0
19.85,83.76,4.22,Both,6,23:42:40,1648.58
18.9,72.47,3.84,Both,6,23:42:41,1649.17
20.41,79.45,3.89,Both,6,23:42:41,1649.75
19.32,89.52,4.63,Both,6,23:42:42,1650.34
19.84,71.74,3.62,Both,6,23:42:43,1650.92
19.98,78.75,3.94,Both,6,23:42:43,1651.51
20.02,86.65,4.33,Both,6,23:42:44,1652.09
20.61,114.36,5.55,Both,6,23:42:44,1652.68
19.44,78.55,4.04,Both,6,23:42:45,1653.26
19.96,78.72,3.94,Both,6,23:42:45,1653.84
19.15,71.7,3.74,Both,6,23:42:46,1654.43
20.76,128.1,6.17,Both,6,23:42:47,1655.02
19.5,75.02,3.85,Both,6,23:42:47,1655.6
19.39,76.82,3.96,Both,6,23:42:48,1656.19
20.59,124.37,6.04,Both,6,23:42:48,1656.77
19.55,100.93,5.16,Both,6,23:42:49,1657.36
19.69,99.44,5.05,Both,6,23:42:50,1657.95
20.43,88.86,4.35,Both,6,23:42:50,1658.53
19.49,72.83,3.74,Both,6,23:42:51,1659.12
21.72,120.62,5.55,Both,6,23:42:51,1659.7
19.19,64.52,3.36,Both,6,23:42:52,1660.29
19.66,83.31,4.24,Both,6,23:42:52,1660.88
19.2,80.63,4.2,Both,6,23:42:53,1661.46
19.24,75.31,3.91,Both,6,23:42:54,1662.04
20.11,69.86,3.47,Both,6,23:42:54,1662.62
20.28,107.73,5.31,Both,6,23:42:55,1663.22
19.7,76.75,3.9,Both,6,23:42:55,1663.8
19.81,74.92,3.78,Both,6,23:42:56,1664.39
20.24,89.38,4.41,Both,6,23:42:57,1664.97
20.31,84.68,4.17,Both,6,23:42:57,1665.56
20.51,108.05,5.27,Both,6,23:42:58,1666.14
20.65,132.61,6.42,Both,6,23:42:58,1666.72
20.95,143.88,6.87,Both,6,23:42:59,1667.32
20.02,73.65,3.68,Both,6,23:43:00,1667.9
19.52,74.89,3.84,Both,6,23:43:00,1668.48
20.04,71.05,3.54,Both,6,23:43:01,1669.07
19.68,75.85,3.86,Both,6,23:43:01,1669.66
19.24,92.97,4.83,Both,6,23:43:02,1670.24
20.06,93.55,4.66,Both,6,23:43:02,1670.83
19.82,60.27,3.04,Both,6,23:43:03,1671.41
19.34,77.44,4.01,Both,6,23:43:04,1671.99
20.74,142.41,6.87,Both,6,23:43:04,1672.58
20.79,110.1,5.3,Both,6,23:43:05,1673.17
20.42,111.14,5.44,Both,6,23:43:05,1673.76
20.42,103.92,5.09,Both,6,23:43:06,1674.34
20.28,80.16,3.95,Both,6,23:43:07,1674.93
21.33,145.83,6.84,Both,6,23:43:07,1675.51
20.7,108.91,5.26,Both,6,23:43:08,1676.1
21.23,117.96,5.56,Both,6,23:43:08,1676.68
21.04,115.28,5.48,Both,6,23:43:09,1677.27
19.44,72.66,3.74,Both,6,23:43:09,1677.86
19.88,82.8,4.16,Both,6,23:43:10,1678.44
19.31,78.26,4.05,Both,6,23:43:11,1679.03
20.6,112.98,5.48,Both,6,23:43:11,1679.61
19.04,76.64,4.03,Both,6,23:43:12,1680.2
20.45,70.21,3.43,Both,6,23:43:12,1680.78
19.79,82.24,4.16,Both,6,23:43:13,1681.37
19.64,77.49,3.95,Both,6,23:43:14,1681.95
19.84,67.15,3.38,Both,6,23:43:14,1682.54
20.02,66.7,3.33,Both,6,23:43:15,1683.12
20.47,99.19,4.85,Both,6,23:43:15,1683.71
20.98,139.08,6.63,Both,6,23:43:16,1684.29
19.82,93.1,4.7,Both,6,23:43:16,1684.88
19.85,71.28,3.59,Both,6,23:43:17,1685.47
21.0,123.47,5.88,Both,6,23:43:18,1686.05
18.74,61.38,3.28,Both,6,23:43:18,1686.64
19.58,65.04,3.32,Both,6,23:43:19,1687.22
19.68,111.21,5.65,Both,6,23:43:19,1687.81
20.7,109.43,5.29,Both,6,23:43:20,1688.4
20.14,70.21,3.49,Both,6,23:43:21,1688.98
19.74,70.13,3.55,Both,6,23:43:21,1689.57
20.75,93.89,4.52,Both,6,23:43:22,1690.15
19.9,80.16,4.03,Both,6,23:43:22,1690.73
19.76,64.66,3.27,Both,6,23:43:23,1691.32
19.81,79.23,4.0,Both,6,23:43:24,1691.91
20.23,153.82,7.6,Both,6,23:43:24,1692.49
20.75,117.66,5.67,Both,6,23:43:25,1693.08
20.41,84.87,4.16,Both,6,23:43:25,1693.66
19.35,72.83,3.76,Both,6,23:43:26,1694.25
20.49,76.82,3.75,Both,6,23:43:26,1694.84
19.44,86.15,4.43,Both,6,23:43:27,1695.42
19.84,80.69,4.07,Both,6,23:43:28,1696.01
19.57,71.69,3.66,Both,6,23:43:28,1696.59
19.73,99.74,5.06,Both,6,23:43:29,1697.18
19.9,84.74,4.26,Both,6,23:43:29,1697.76
18.96,67.19,3.54,Both,6,23:43:30,1698.35
20.21,81.62,4.04,Both,6,23:43:31,1698.93
19.7,78.25,3.97,Both,6,23:43:31,1699.52
20.05,68.59,3.42,Both,6,23:43:32,1700.1
19.55,71.15,3.64,Both,6,23:43:32,1700.68
19.27,82.42,4.28,Both,6,23:43:33,1701.27
20.35,148.02,7.27,Both,6,23:43:33,1701.85
19.12,68.69,3.59,Both,6,23:43:34,1702.44
19.44,81.37,4.18,Both,6,23:43:35,1703.03
19.01,85.29,4.49,Both,6,23:43:35,1703.61
19.93,77.81,3.9,Both,6,23:43:36,1704.2
19.1,73.95,3.87,Both,6,23:43:36,1704.78
19.79,84.02,4.25,Both,6,23:43:37,1705.36
19.9,66.88,3.36,Both,6,23:43:38,1705.95
19.92,73.9,3.71,Both,6,23:43:38,1706.54
20.35,118.34,5.81,Both,6,23:43:39,1707.13
18.86,67.32,3.57,Both,6,23:43:39,1707.71
20.11,115.4,5.74,Both,6,23:43:40,1708.29
20.03,102.23,5.1,Both,6,23:43:41,1708.88
20.35,69.51,3.42,Both,6,23:43:41,1709.46
19.96,75.4,3.78,Both,6,23:43:42,1710.05
19.35,76.0,3.93,Both,6,23:43:42,1710.64
19.7,69.35,3.52,Both,6,23:43:43,1711.22
20.1,79.89,3.97,Both,6,23:43:43,1711.81
19.36,69.13,3.57,Both,6,23:43:44,1712.39
19.29,74.81,3.88,Both,6,23:43:45,1712.98
20.23,116.37,5.75,Both,6,23:43:45,1713.56
20.7,76.67,3.7,Both,6,23:43:46,1714.15
19.36,74.39,3.84,Both,6,23:43:46,1714.73
19.7,86.91,4.41,Both,6,23:43:47,1715.32
21.16,77.34,3.65,Both,6,23:43:48,1715.9
20.02,60.73,3.03,Both,6,23:43:48,1716.49
20.28,75.24,3.71,Both,6,23:43:49,1717.07
19.91,75.26,3.78,Both,6,23:43:49,1717.66
19.52,92.33,4.73,Both,6,23:43:50,1718.24
20.0,66.14,3.31,Both,6,23:43:50,1718.83
21.24,127.91,6.02,Both,6,23:43:51,1719.41
19.88,132.98,6.69,Both,6,23:43:52,1720.0
19.75,106.57,5.4,Both,6,23:43:52,1720.59
19.56,75.33,3.85,Both,6,23:43:53,1721.17
20.78,126.37,6.08,Both,6,23:43:53,1721.76
20.09,80.33,4.0,Both,6,23:43:54,1722.35
19.48,74.83,3.84,Both,6,23:43:55,1722.93
20.67,152.62,7.38,Both,6,23:43:55,1723.52
19.66,93.8,4.77,Both,6,23:43:56,1724.1
19.77,120.11,6.07,Both,6,23:43:56,1724.68
19.4,72.99,3.76,Both,6,23:43:57,1725.27
19.34,79.77,4.12,Both,6,23:43:57,1725.86
19.96,75.36,3.78,Both,6,23:43:58,1726.44
20.25,83.28,4.11,Both,6,23:43:59,1727.03
19.74,101.98,5.17,Both,6,23:43:59,1727.61
20.19,94.04,4.66,Both,6,23:44:00,1728.2
19.6,105.49,5.38,Both,6,23:44:00,1728.79
20.13,81.48,4.05,Both,6,23:44:01,1729.37
20.68,98.23,4.75,Both,6,23:44:02,1729.95
19.36,69.84,3.61,Both,6,23:44:02,1730.54
20.06,74.43,3.71,Both,6,23:44:03,1731.13
18.99,74.44,3.92,Both,6,23:44:03,1731.71
19.71,94.14,4.78,Both,6,23:44:04,1732.3
19.71,100.92,5.12,Both,6,23:44:04,1732.88
19.54,76.5,3.91,Both,6,23:44:05,1733.47
18.81,74.6,3.97,Both,6,23:44:06,1734.05
18.94,69.54,3.67,Both,6,23:44:06,1734.64
20.35,138.63,6.81,Both,6,23:44:07,1735.22
19.8,78.11,3.95,Both,6,23:44:07,1735.81
21.11,160.47,7.6,Both,6,23:44:08,1736.39
19.6,62.65,3.2,Both,6,23:44:09,1736.98
20.13,83.61,4.15,Both,6,23:44:09,1737.57
20.5,79.21,3.86,Both,6,23:44:10,1738.15
19.33,62.77,3.25,Both,6,23:44:10,1738.74
19.91,72.01,3.62,Both,6,23:44:11,1739.32
21.24,152.88,7.2,Both,6,23:44:12,1739.91
20.61,76.19,3.7,Both,6,23:44:12,1740.49
20.7,91.47,4.42,Both,6,23:44:13,1741.08
19.19,76.27,3.97,Both,6,23:44:13,1741.66
20.93,76.41,3.65,Both,6,23:44:14,1742.24
19.98,71.09,3.56,Both,6,23:44:14,1742.83
19.48,62.08,3.19,Both,6,23:44:15,1743.42
19.39,60.66,3.13,Both,6,23:44:16,1744.0
20.73,105.7,5.1,Both,6,23:44:16,1744.59
20.76,78.89,3.8,Both,6,23:44:17,1745.17
19.73,114.06,5.78,Both,6,23:44:17,1745.76
19.63,89.74,4.57,Both,6,23:44:18,1746.35
20.57,86.02,4.18,Both,6,23:44:19,1746.93
18.9,72.32,3.83,Both,6,23:44:19,1747.51
20.06,60.77,3.03,Both,6,23:44:20,1748.1
19.3,81.8,4.24,Both,6,23:44:20,1748.69
20.73,78.04,3.76,Both,6,23:44:21,1749.27
19.71,68.28,3.46,Both,6,23:44:21,1749.85
20.37,68.39,3.36,Both,6,23:44:22,1750.44
18.65,67.67,3.63,Both,6,23:44:23,1751.02
19.91,87.85,4.41,Both,6,23:44:23,1751.61
19.75,72.9,3.69,Both,6,23:44:24,1752.19
19.8,89.44,4.52,Both,6,23:44:24,1752.78
19.51,84.71,4.34,Both,6,23:44:25,1753.37
19.69,106.12,5.39,Both,6,23:44:26,1753.95
19.64,78.67,4.01,Both,6,23:44:26,1754.54
20.34,80.59,3.96,Both,6,23:44:27,1755.13
19.35,79.02,4.08,Both,6,23:44:27,1755.71
20.42,92.84,4.55,Both,6,23:44:28,1756.29
19.89,105.51,5.3,Both,6,23:44:28,1756.87
20.36,90.48,4.44,Both,6,23:44:29,1757.46
19.88,69.02,3.47,Both,6,23:44:30,1758.05
19.52,122.1,6.25,Both,6,23:44:30,1758.64
21.12,86.09,4.08,Both,6,23:44:31,1759.22
20.22,98.26,4.86,Both,6,23:44:31,1759.8
20.4,75.79,3.72,Both,6,23:44:32,1760.39
19.1,67.68,3.54,Both,6,23:44:33,1760.97
20.56,90.38,4.4,Both,6,23:44:33,1761.56
20.39,92.85,4.55,Both,6,23:44:34,1762.15
19.36,72.77,3.76,Both,6,23:44:34,1762.73
19.52,80.1,4.1,Both,6,23:44:35,1763.31
20.32,77.4,3.81,Both,6,23:44:36,1763.9
19.72,155.23,7.87,Both,6,23:44:36,1764.48
20.29,152.64,7.52,Both,6,23:44:37,1765.07
19.92,74.79,3.75,Both,6,23:44:37,1765.66
19.92,72.82,3.66,Both,6,23:44:38,1766.24
20.3,111.81,5.51,Both,6,23:44:38,1766.82
19.85,80.26,4.04,Both,6,23:44:39,1767.42
19.36,73.53,3.8,Both,6,23:44:40,1768.0
19.29,72.12,3.74,Both,6,23:44:40,1768.58
19.88,87.52,4.4,Both,6,23:44:41,1769.17
20.02,115.44,5.77,Both,6,23:44:41,1769.76
19.87,78.22,3.94,Both,6,23:44:42,1770.34
19.75,78.1,3.95,Both,6,23:44:43,1770.92
18.34,58.23,3.18,Both,6,23:44:43,1771.51
20.13,69.33,3.44,Both,6,23:44:44,1772.09
19.82,92.41,4.66,Both,6,23:44:44,1772.68
19.66,77.47,3.94,Both,6,23:44:45,1773.27
19.79,86.49,4.37,Both,6,23:44:45,1773.85
20.58,93.02,4.52,Both,6,23:44:46,1774.43
19.64,80.43,4.1,Both,6,23:44:47,1775.02
20.04,90.19,4.5,Both,6,23:44:47,1775.61
20.66,79.4,3.84,Both,6,23:44:48,1776.19
19.7,72.73,3.69,Both,6,23:44:48,1776.78
21.21,167.65,7.9,Both,6,23:44:49,1777.36
20.32,121.64,5.99,Both,6,23:44:50,1777.94
19.8,73.31,3.7,Both,6,23:44:50,1778.53
20.25,76.53,3.78,Both,6,23:44:51,1779.12
19.4,73.75,3.8,Both,6,23:44:51,1779.71
20.06,90.3,4.5,Both,6,23:44:52,1780.29
19.9,80.62,4.05,Both,6,23:44:52,1780.87
19.0,65.44,3.44,Both,6,23:44:53,1781.46
19.73,89.55,4.54,Both,6,23:44:54,1782.05
20.79,91.76,4.41,Both,6,23:44:54,1782.63
19.49,63.31,3.25,Both,6,23:44:55,1783.21
19.12,74.28,3.88,Both,6,23:44:55,1783.8
19.2,89.89,4.68,Both,6,23:44:56,1784.38
19.97,81.68,4.09,Both,6,23:44:57,1784.97
19.53,86.98,4.45,Both,6,23:44:57,1785.55
19.17,84.85,4.42,Both,6,23:44:58,1786.14
20.15,70.26,3.49,Both,6,23:44:58,1786.72
19.4,71.17,3.67,Both,6,23:44:59,1787.31
19.67,81.2,4.13,Both,6,23:45:00,1787.9
20.77,85.24,4.1,Both,6,23:45:00,1788.48
19.65,67.29,3.42,Both,6,23:45:01,1789.07
20.09,77.47,3.86,Both,6,23:45:01,1789.64
20.95,156.99,7.49,Both,6,23:45:02,1790.24
19.5,79.62,4.08,Both,6,23:45:02,1790.82
20.86,151.43,7.26,Both,6,23:45:03,1791.41
19.05,76.02,3.99,Both,6,23:45:04,1791.99
20.52,72.41,3.53,Both,6,23:45:04,1792.58
19.36,71.16,3.67,Both,6,23:45:05,1793.16
19.48,76.59,3.93,Both,6,23:45:05,1793.75
18.31,59.02,3.22,Both,6,23:45:06,1794.33
19.1,78.36,4.1,Both,6,23:45:07,1794.92
21.05,101.65,4.83,Both,6,23:45:07,1795.5
19.07,76.97,4.04,Both,6,23:45:08,1796.09
21.04,103.97,4.94,Both,6,23:45:08,1796.68
19.6,81.34,4.15,Both,6,23:45:09,1797.26
19.59,75.39,3.85,Both,6,23:45:09,1797.85
19.66,122.73,6.24,Both,6,23:45:10,1798.43
19.48,86.35,4.43,Both,6,23:45:11,1799.02
20.05,125.62,6.26,Both,6,23:45:11,1799.6
19.46,73.05,3.75,Both,6,23:45:12,1800.19
19.54,76.21,3.9,Both,6,23:45:12,1800.77
20.07,76.55,3.81,Both,6,23:45:13,1801.36
18.03,56.61,3.14,Both,6,23:45:14,1801.94
20.33,76.3,3.75,Both,6,23:45:14,1802.53
20.11,104.23,5.18,Both,6,23:45:15,1803.11
19.46,72.17,3.71,Both,6,23:45:15,1803.7
19.91,78.88,3.96,Both,6,23:45:16,1804.29
19.95,111.38,5.58,Both,6,23:45:16,1804.87
19.71,66.14,3.36,Both,6,23:45:17,1805.46
18.96,72.58,3.83,Both,6,23:45:18,1806.04
19.41,74.49,3.84,Both,6,23:45:18,1806.63
19.72,93.99,4.77,Both,6,23:45:19,1807.21
20.03,67.08,3.35,Both,6,23:45:19,1807.8
19.54,73.88,3.78,Both,6,23:45:20,1808.38
19.52,70.27,3.6,Both,6,23:45:21,1808.97
19.16,74.67,3.9,Both,6,23:45:21,1809.55
19.25,102.02,5.3,Both,6,23:45:22,1810.14
20.34,85.74,4.21,Both,6,23:45:22,1810.72
19.16,67.27,3.51,Both,6,23:45:23,1811.31
19.17,99.23,5.18,Both,6,23:45:24,1811.89
19.1,78.34,4.1,Both,6,23:45:24,1812.48
20.28,154.25,7.61,Both,6,23:45:25,1813.06
19.94,135.36,6.79,Both,6,23:45:25,1813.65
18.88,100.9,5.34,Both,6,23:45:26,1814.24
19.65,76.13,3.88,Both,6,23:45:26,1814.82
18.89,77.2,4.09,Both,6,23:45:27,1815.41
19.13,78.54,4.11,Both,6,23:45:28,1815.99
19.49,91.56,4.7,Both,6,23:45:28,1816.58
19.89,134.96,6.78,Both,6,23:45:29,1817.16
20.66,81.65,3.95,Both,6,23:45:29,1817.75
20.06,73.88,3.68,Both,6,23:45:30,1818.34
19.42,64.93,3.34,Both,6,23:45:31,1818.92
19.1,115.83,6.06,Both,6,23:45:31,1819.51
19.13,76.0,3.97,Both,6,23:45:32,1820.09
21.07,191.75,9.1,Both,6,23:45:32,1820.68
19.49,76.24,3.91,Both,6,23:45:33,1821.26
19.69,110.82,5.63,Both,6,23:45:33,1821.85
19.95,79.06,3.96,Both,6,23:45:34,1822.43
20.09,79.01,3.93,Both,6,23:45:35,1823.02
20.33,107.34,5.28,Both,6,23:45:35,1823.6
20.21,76.71,3.8,Both,6,23:45:36,1824.19
20.56,103.22,5.02,Both,6,23:45:36,1824.78
20.39,89.56,4.39,Both,6,23:45:37,1825.36
20.36,85.82,4.21,Both,6,23:45:38,1825.95
20.63,84.84,4.11,Both,6,23:45:38,1826.53
19.58,75.11,3.84,Both,6,23:45:39,1827.12
20.52,72.27,3.52,Both,6,23:45:39,1827.7
19.69,79.91,4.06,Both,6,23:45:40,1828.28
19.25,71.93,3.74,Both,6,23:45:40,1828.87
20.36,181.88,8.93,Both,6,23:45:41,1829.46
19.1,72.46,3.79,Both,6,23:45:42,1830.04
20.62,75.9,3.68,Both,6,23:45:42,1830.63
19.76,80.49,4.07,Both,6,23:45:43,1831.21
19.87,76.01,3.83,Both,6,23:45:43,1831.8
21.36,110.18,5.16,Both,6,23:45:44,1832.38
19.43,73.51,3.78,Both,6,23:45:45,1832.97
19.79,111.18,5.62,Both,6,23:45:45,1833.55
19.34,67.4,3.49,Both,6,23:45:46,1834.14
19.99,93.26,4.67,Both,6,23:45:46,1834.72
20.17,81.95,4.06,Both,6,23:45:47,1835.31
19.72,75.43,3.83,Both,6,23:45:48,1835.9
19.3,58.88,3.05,Both,6,23:45:48,1836.48
19.98,101.39,5.07,Both,6,23:45:49,1837.06
19.54,66.94,3.43,Both,6,23:45:49,1837.65
20.29,72.96,3.6,Both,6,23:45:50,1838.23
18.69,73.4,3.93,Both,6,23:45:50,1838.82
19.81,76.85,3.88,Both,6,23:45:51,1839.4
18.72,63.97,3.42,Both,6,23:45:52,1839.99
19.88,76.17,3.83,Both,6,23:45:52,1840.58
19.5,75.34,3.86,Both,6,23:45:53,1841.16
20.34,75.09,3.69,Both,6,23:45:53,1841.75
18.79,73.64,3.92,Both,6,23:45:54,1842.33
20.2,107.35,5.31,Both,6,23:45:55,1842.92
20.36,143.04,7.03,Both,6,23:45:55,1843.5
19.61,104.27,5.32,Both,6,23:45:56,1844.09
20.13,101.4,5.04,Both,6,23:45:56,1844.67
19.53,142.16,7.28,Both,6,23:45:57,1845.26
18.72,67.07,3.58,Both,6,23:45:57,1845.84
19.89,65.19,3.28,Both,6,23:45:58,1846.43
20.41,151.44,7.42,Both,6,23:45:59,1847.02
19.84,71.43,3.6,Both,6,23:45:59,1847.6
19.74,104.27,5.28,Both,6,23:46:00,1848.19
19.68,125.16,6.36,Both,6,23:46:00,1848.77
20.08,98.62,4.91,Both,6,23:46:01,1849.36
20.26,143.21,7.07,Both,6,23:46:02,1849.94
19.98,83.88,4.2,Both,6,23:46:02,1850.53
19.97,76.83,3.85,Both,6,23:46:03,1851.11
20.03,83.62,4.18,Both,6,23:46:03,1851.7
21.08,146.91,6.97,Both,6,23:46:04,1852.29
20.41,86.85,4.26,Both,6,23:46:04,1852.87
19.66,78.23,3.98,Both,6,23:46:05,1853.46
19.81,72.66,3.67,Both,6,23:46:06,1854.04
19.67,66.23,3.37,Both,6,23:46:06,1854.62
19.66,75.02,3.82,Both,6,23:46:07,1855.22
20.41,133.02,6.52,Both,6,23:46:07,1855.8
20.04,120.77,6.03,Both,6,23:46:08,1856.38
21.24,132.37,6.23,Both,6,23:46:09,1856.97
18.5,78.05,4.22,Both,6,23:46:09,1857.55
20.35,110.88,5.45,Both,6,23:46:10,1858.14
18.61,115.47,6.2,Both,6,23:46:10,1858.73
19.4,71.48,3.69,Both,6,23:46:11,1859.31
19.95,112.27,5.63,Both,6,23:46:12,1859.9
19.61,85.83,4.38,Both,6,23:46:12,1860.48
19.83,111.28,5.61,Both,6,23:46:13,1861.07
19.83,136.76,6.9,Both,6,23:46:13,1861.65
20.12,84.6,4.2,Both,6,23:46:14,1862.24
19.37,65.77,3.4,Both,6,23:46:14,1862.83
19.47,78.94,4.06,Both,6,23:46:15,1863.41
19.62,73.73,3.76,Both,6,23:46:16,1864.0
20.51,138.68,6.76,Both,6,23:46:16,1864.58
20.1,74.56,3.71,Both,6,23:46:17,1865.17
18.97,59.36,3.13,Both,6,23:46:17,1865.75
19.97,83.54,4.18,Both,6,23:46:18,1866.33
18.94,100.89,5.33,Both,6,23:46:19,1866.92
19.79,86.9,4.39,Both,6,23:46:19,1867.51
18.98,82.37,4.34,Both,6,23:46:20,1868.09
18.99,73.1,3.85,Both,6,23:46:20,1868.68
19.75,73.03,3.7,Both,6,23:46:21,1869.27
18.71,64.63,3.45,Both,6,23:46:21,1869.85
20.27,104.75,5.17,Both,6,23:46:22,1870.43
20.5,91.47,4.46,Both,6,23:46:23,1871.02
19.7,143.31,7.28,Both,6,23:46:23,1871.61
21.02,78.79,3.75,Both,6,23:46:24,1872.19
19.78,107.67,5.44,Both,6,23:46:24,1872.78
19.48,70.67,3.63,Both,6,23:46:25,1873.36
19.93,121.45,6.09,Both,6,23:46:26,1873.95
19.8,104.48,5.28,Both,6,23:46:26,1874.54
19.19,72.63,3.79,Both,6,23:46:27,1875.12
18.86,103.19,5.47,Both,6,23:46:27,1875.71
19.31,66.59,3.45,Both,6,23:46:28,1876.29
19.44,71.72,3.69,Both,6,23:46:28,1876.88
18.9,79.21,4.19,Both,6,23:46:29,1877.46
19.68,76.18,3.87,Both,6,23:46:30,1878.05
19.65,81.95,4.17,Both,6,23:46:30,1878.63
19.59,82.56,4.21,Both,6,23:46:31,1879.22
21.43,139.88,6.53,Both,6,23:46:31,1879.81
18.67,62.84,3.37,Both,6,23:46:32,1880.39
19.97,112.11,5.61,Both,6,23:46:33,1880.98
19.57,82.9,4.24,Both,6,23:46:33,1881.56
19.79,85.81,4.34,Both,6,23:46:34,1882.14
20.17,66.84,3.31,Both,6,23:46:34,1882.73
20.22,131.77,6.52,Both,6,23:46:35,1883.32
19.78,90.71,4.59,Both,6,23:46:36,1883.9
19.28,65.77,3.41,Both,6,23:46:36,1884.49
20.58,97.12,4.72,NO LOAD,7,23:46:50,1898.41
19.05,70.9,3.72,NO LOAD,7,23:46:50,1898.41
18.18,62.48,3.44,NO LOAD,7,23:46:50,1898.41
19.67,76.94,3.91,NO LOAD,7,23:46:50,1898.41
20.39,94.34,4.63,NO LOAD,7,23:46:50,1898.41
19.92,74.78,3.75,NO LOAD,7,23:46:50,1898.41
20.03,142.13,7.09,NO LOAD,7,23:46:50,1898.42
20.11,86.28,4.29,NO LOAD,7,23:46:50,1898.42
19.34,83.74,4.33,NO LOAD,7,23:46:50,1898.42
19.67,82.67,4.2,NO LOAD,7,23:46:50,1898.42
19.63,73.68,3.75,NO LOAD,7,23:46:50,1898.42
19.6,79.99,4.08,NO LOAD,7,23:46:50,1898.42
20.32,74.06,3.65,NO LOAD,7,23:46:50,1898.42
19.03,68.76,3.61,NO LOAD,7,23:46:50,1898.42
12.2,59.4,4.87,NO LOAD,7,23:46:50,1898.42
11.42,54.43,4.76,NO LOAD,7,23:46:50,1898.43
11.97,95.69,8.0,NO LOAD,7,23:46:50,1898.43
10.58,55.03,5.2,NO LOAD,7,23:46:50,1898.43
9.58,50.38,5.26,NO LOAD,7,23:46:50,1898.43
10.47,64.11,6.12,NO LOAD,7,23:46:50,1898.43
8.87,52.78,5.95,NO LOAD,7,23:46:50,1898.43
10.37,56.19,5.42,NO LOAD,7,23:46:50,1898.43
9.27,58.12,6.27,NO LOAD,7,23:46:50,1898.43
9.43,50.44,5.35,NO LOAD,7,23:46:50,1898.52
10.05,52.45,5.22,NO LOAD,7,23:46:51,1899.1
9.64,58.06,6.02,NO LOAD,7,23:46:51,1899.69
9.44,55.42,5.87,NO LOAD,7,23:46:52,1900.28
9.95,59.92,6.03,NO LOAD,7,23:46:52,1900.86
9.96,64.51,6.47,NO LOAD,7,23:46:53,1901.44
10.87,63.59,5.85,NO LOAD,7,23:46:54,1902.03
9.84,87.8,8.92,NO LOAD,7,23:46:54,1902.61
10.49,61.18,5.83,NO LOAD,7,23:46:55,1903.19
9.4,66.23,7.05,NO LOAD,7,23:46:55,1903.78
11.09,60.26,5.44,NO LOAD,7,23:46:56,1904.36
9.6,51.27,5.34,NO LOAD,7,23:46:57,1904.95
10.66,58.5,5.49,NO LOAD,7,23:46:57,1905.53
10.68,54.19,5.08,NO LOAD,7,23:46:58,1906.12
10.92,98.74,9.04,NO LOAD,7,23:46:58,1906.7
9.68,59.48,6.14,NO LOAD,7,23:46:59,1907.28
10.3,64.42,6.25,NO LOAD,7,23:46:59,1907.87
8.85,52.57,5.94,NO LOAD,7,23:47:00,1908.46
9.85,51.56,5.24,NO LOAD,7,23:47:01,1909.04
9.62,47.81,4.97,NO LOAD,7,23:47:01,1909.62
10.33,66.27,6.42,NO LOAD,7,23:47:02,1910.2
10.21,54.13,5.3,NO LOAD,7,23:47:02,1910.79
10.98,62.33,5.68,NO LOAD,7,23:47:03,1911.37
10.53,63.89,6.07,NO LOAD,7,23:47:04,1911.96
10.15,55.62,5.48,NO LOAD,7,23:47:04,1912.54
10.26,57.19,5.58,NO LOAD,7,23:47:05,1913.13
9.04,55.13,6.1,NO LOAD,7,23:47:05,1913.72
9.55,60.93,6.38,NO LOAD,7,23:47:06,1914.3
11.42,66.1,5.79,NO LOAD,7,23:47:06,1914.88
10.09,56.25,5.57,NO LOAD,7,23:47:07,1915.46
9.97,46.07,4.62,NO LOAD,7,23:47:08,1916.05
10.35,64.38,6.22,NO LOAD,7,23:47:08,1916.64
10.54,61.18,5.8,NO LOAD,7,23:47:09,1917.22
10.24,69.11,6.75,NO LOAD,7,23:47:09,1917.8
9.45,57.73,6.11,NO LOAD,7,23:47:10,1918.39
10.32,58.33,5.65,NO LOAD,7,23:47:11,1918.97
9.77,57.74,5.91,NO LOAD,7,23:47:11,1919.56
9.97,52.82,5.3,NO LOAD,7,23:47:12,1920.14
10.17,48.4,4.76,NO LOAD,7,23:47:12,1920.73
9.7,59.27,6.11,NO LOAD,7,23:47:13,1921.31
10.14,63.36,6.25,NO LOAD,7,23:47:14,1921.89
9.65,66.06,6.84,NO LOAD,7,23:47:14,1922.47
10.29,57.96,5.63,NO LOAD,7,23:47:15,1923.06
9.39,50.98,5.43,NO LOAD,7,23:47:15,1923.65
10.26,62.12,6.05,NO LOAD,7,23:47:16,1924.23
10.33,73.7,7.14,NO LOAD,7,23:47:16,1924.82
10.15,66.0,6.5,NO LOAD,7,23:47:17,1925.4
9.7,59.47,6.13,NO LOAD,7,23:47:18,1925.99
9.44,61.34,6.5,NO LOAD,7,23:47:18,1926.57
10.41,62.66,6.02,NO LOAD,7,23:47:19,1927.15
10.15,54.49,5.37,NO LOAD,7,23:47:19,1927.74
10.81,70.98,6.57,NO LOAD,7,23:47:20,1928.32
10.98,77.41,7.05,NO LOAD,7,23:47:21,1928.9
10.07,62.41,6.2,NO LOAD,7,23:47:21,1929.49
9.84,61.06,6.21,NO LOAD,7,23:47:22,1930.07
9.85,60.19,6.11,NO LOAD,7,23:47:22,1930.66
9.5,53.6,5.64,NO LOAD,7,23:47:23,1931.24
9.63,57.54,5.97,NO LOAD,7,23:47:23,1931.83
10.37,64.21,6.19,NO LOAD,7,23:47:24,1932.41
11.02,68.36,6.2,NO LOAD,7,23:47:25,1932.99
10.32,62.1,6.02,NO LOAD,7,23:47:25,1933.58
10.82,70.05,6.47,NO LOAD,7,23:47:26,1934.16
9.86,57.58,5.84,NO LOAD,7,23:47:26,1934.75
9.53,53.76,5.64,NO LOAD,7,23:47:27,1935.33
10.1,57.11,5.65,NO LOAD,7,23:47:28,1935.92
9.47,56.52,5.97,NO LOAD,7,23:47:28,1936.5
10.29,50.59,4.92,NO LOAD,7,23:47:29,1937.08
9.84,79.49,8.08,NO LOAD,7,23:47:29,1937.67
10.3,63.55,6.17,NO LOAD,7,23:47:30,1938.25
10.05,57.85,5.75,NO LOAD,7,23:47:30,1938.84
9.57,57.54,6.01,NO LOAD,7,23:47:31,1939.42
10.16,85.01,8.37,NO LOAD,7,23:47:32,1940.01
9.8,57.51,5.87,NO LOAD,7,23:47:32,1940.59
8.99,48.78,5.43,NO LOAD,7,23:47:33,1941.17
10.68,57.7,5.4,NO LOAD,7,23:47:33,1941.76
10.44,49.99,4.79,NO LOAD,7,23:47:34,1942.34
10.04,69.83,6.96,NO LOAD,7,23:47:35,1942.92
9.46,58.38,6.17,NO LOAD,7,23:47:35,1943.51
10.09,54.07,5.36,NO LOAD,7,23:47:36,1944.09
10.94,60.26,5.51,NO LOAD,7,23:47:36,1944.68
10.13,57.48,5.68,NO LOAD,7,23:47:37,1945.26
10.07,58.36,5.79,NO LOAD,7,23:47:37,1945.85
10.22,57.99,5.67,NO LOAD,7,23:47:38,1946.43
9.36,45.9,4.9,NO LOAD,7,23:47:39,1947.02
9.95,58.1,5.84,NO LOAD,7,23:47:39,1947.6
10.86,58.67,5.4,NO LOAD,7,23:47:40,1948.19
9.86,59.2,6.01,NO LOAD,7,23:47:40,1948.77
10.13,58.32,5.76,NO LOAD,7,23:47:41,1949.35
9.65,58.1,6.02,NO LOAD,7,23:47:42,1949.94
10.07,67.66,6.72,NO LOAD,7,23:47:42,1950.52
10.24,54.32,5.3,NO LOAD,7,23:47:43,1951.1
9.56,66.17,6.92,NO LOAD,7,23:47:43,1951.69
10.54,56.44,5.35,NO LOAD,7,23:47:44,1952.27
9.09,47.09,5.18,NO LOAD,7,23:47:44,1952.86
10.58,61.66,5.83,NO LOAD,7,23:47:45,1953.44
10.28,55.87,5.43,NO LOAD,7,23:47:46,1954.03
9.87,58.51,5.93,NO LOAD,7,23:47:46,1954.61
9.42,57.71,6.13,NO LOAD,7,23:47:47,1955.2
10.54,64.15,6.09,NO LOAD,7,23:47:47,1955.78
9.23,54.09,5.86,NO LOAD,7,23:47:48,1956.36
9.83,57.84,5.88,NO LOAD,7,23:47:49,1956.95
10.92,58.76,5.38,NO LOAD,7,23:47:49,1957.53
9.33,54.97,5.89,NO LOAD,7,23:47:50,1958.12
9.73,56.6,5.82,NO LOAD,7,23:47:50,1958.7
9.65,59.8,6.2,NO LOAD,7,23:47:51,1959.28
10.24,71.31,6.96,NO LOAD,7,23:47:51,1959.87
9.95,59.31,5.96,NO LOAD,7,23:47:52,1960.45
10.44,54.14,5.19,NO LOAD,7,23:47:53,1961.03
10.71,54.7,5.11,NO LOAD,7,23:47:53,1961.61
10.29,59.42,5.77,NO LOAD,7,23:47:54,1962.2
10.38,77.07,7.43,NO LOAD,7,23:47:54,1962.79
10.84,77.64,7.16,NO LOAD,7,23:47:55,1963.37
9.58,58.21,6.08,NO LOAD,7,23:47:56,1963.95
10.26,53.09,5.17,NO LOAD,7,23:47:56,1964.54
10.66,59.75,5.61,NO LOAD,7,23:47:57,1965.12
10.07,57.75,5.74,NO LOAD,7,23:47:57,1965.71
9.91,58.92,5.95,NO LOAD,7,23:47:58,1966.29
10.6,57.82,5.45,NO LOAD,7,23:47:58,1966.88
9.82,56.48,5.75,NO LOAD,7,23:47:59,1967.46
10.15,57.4,5.66,NO LOAD,7,23:48:00,1968.05
9.61,59.3,6.17,NO LOAD,7,23:48:00,1968.63
9.25,65.35,7.06,NO LOAD,7,23:48:01,1969.21
9.26,57.98,6.26,NO LOAD,7,23:48:01,1969.79
9.27,58.86,6.35,NO LOAD,7,23:48:02,1970.38
10.3,57.95,5.62,NO LOAD,7,23:48:03,1970.96
9.95,59.04,5.93,NO LOAD,7,23:48:03,1971.55
9.44,58.93,6.24,NO LOAD,7,23:48:04,1972.13
9.99,58.33,5.84,NO LOAD,7,23:48:04,1972.71
10.04,49.68,4.95,NO LOAD,7,23:48:05,1973.29
10.4,63.86,6.14,NO LOAD,7,23:48:06,1973.89
10.87,58.54,5.38,NO LOAD,7,23:48:06,1974.47
9.88,63.6,6.44,NO LOAD,7,23:48:07,1975.05
9.83,57.81,5.88,NO LOAD,7,23:48:07,1975.63
9.52,50.76,5.33,NO LOAD,7,23:48:08,1976.22
9.84,58.68,5.97,NO LOAD,7,23:48:08,1976.8
10.56,59.82,5.67,NO LOAD,7,23:48:09,1977.38
10.08,61.92,6.14,NO LOAD,7,23:48:10,1977.97
10.48,58.42,5.57,NO LOAD,7,23:48:10,1978.55
9.73,53.29,5.48,NO LOAD,7,23:48:11,1979.14
10.64,56.27,5.29,NO LOAD,7,23:48:11,1979.73
10.32,60.82,5.89,NO LOAD,7,23:48:12,1980.31
10.74,94.62,8.81,NO LOAD,7,23:48:13,1980.89
10.05,62.57,6.23,NO LOAD,7,23:48:13,1981.48
9.3,49.82,5.35,NO LOAD,7,23:48:14,1982.06
11.09,58.85,5.31,NO LOAD,7,23:48:14,1982.65
9.33,63.67,6.82,NO LOAD,7,23:48:15,1983.23
11.15,60.12,5.39,NO LOAD,7,23:48:15,1983.81
9.45,63.25,6.69,NO LOAD,7,23:48:16,1984.4
10.78,70.78,6.57,NO LOAD,7,23:48:17,1984.98
9.83,57.7,5.87,NO LOAD,7,23:48:17,1985.56
9.65,62.46,6.47,NO LOAD,7,23:48:18,1986.15
10.23,60.14,5.88,NO LOAD,7,23:48:18,1986.73
10.56,54.68,5.18,NO LOAD,7,23:48:19,1987.32
9.82,52.8,5.38,NO LOAD,7,23:48:20,1987.9
10.48,60.38,5.76,NO LOAD,7,23:48:20,1988.49
10.73,60.44,5.64,NO LOAD,7,23:48:21,1989.07
9.34,58.89,6.31,NO LOAD,7,23:48:21,1989.66
10.61,63.73,6.01,NO LOAD,7,23:48:22,1990.24
10.06,62.09,6.17,NO LOAD,7,23:48:22,1990.83
10.31,56.32,5.46,NO LOAD,7,23:48:23,1991.41
10.94,57.96,5.3,NO LOAD,7,23:48:24,1992.0
10.19,48.87,4.79,NO LOAD,7,23:48:24,1992.58
9.72,59.11,6.08,NO LOAD,7,23:48:25,1993.17
9.98,47.99,4.81,NO LOAD,7,23:48:25,1993.75
9.89,67.15,6.79,NO LOAD,7,23:48:26,1994.33
9.91,64.3,6.49,NO LOAD,7,23:48:27,1994.92
10.24,52.9,5.17,NO LOAD,7,23:48:27,1995.5
11.6,71.51,6.16,NO LOAD,7,23:48:28,1996.08
10.05,48.15,4.79,NO LOAD,7,23:48:28,1996.67
10.52,91.11,8.66,NO LOAD,7,23:48:29,1997.26
9.98,60.28,6.04,NO LOAD,7,23:48:29,1997.84
10.09,97.94,9.71,NO LOAD,7,23:48:30,1998.42
10.37,52.06,5.02,NO LOAD,7,23:48:31,1999.01
10.1,70.58,6.99,NO LOAD,7,23:48:31,1999.6
9.64,52.13,5.41,NO LOAD,7,23:48:32,2000.18
9.98,74.76,7.49,NO LOAD,7,23:48:32,2000.76
9.73,51.37,5.28,NO LOAD,7,23:48:33,2001.35
10.5,85.7,8.16,NO LOAD,7,23:48:34,2001.93
9.98,58.84,5.89,NO LOAD,7,23:48:34,2002.51
10.49,56.81,5.42,NO LOAD,7,23:48:35,2003.1
10.54,56.07,5.32,NO LOAD,7,23:48:35,2003.68
9.95,53.06,5.33,NO LOAD,7,23:48:36,2004.27
9.71,51.08,5.26,NO LOAD,7,23:48:36,2004.85
10.2,53.06,5.2,NO LOAD,7,23:48:37,2005.44
10.93,55.32,5.06,NO LOAD,7,23:48:38,2006.02
10.91,63.54,5.83,NO LOAD,7,23:48:38,2006.61
9.87,58.43,5.92,NO LOAD,7,23:48:39,2007.19
9.63,57.24,5.95,NO LOAD,7,23:48:39,2007.77
10.37,53.76,5.18,NO LOAD,7,23:48:40,2008.35
9.96,55.59,5.58,NO LOAD,7,23:48:41,2008.94
10.55,65.96,6.25,NO LOAD,7,23:48:41,2009.53
10.25,52.24,5.1,NO LOAD,7,23:48:42,2010.11
10.43,63.57,6.09,NO LOAD,7,23:48:42,2010.7
9.68,52.41,5.42,NO LOAD,7,23:48:43,2011.28
11.78,58.26,4.95,NO LOAD,7,23:48:43,2011.87
10.05,53.22,5.29,NO LOAD,7,23:48:44,2012.45
10.38,57.05,5.5,NO LOAD,7,23:48:45,2013.03
10.56,64.14,6.08,NO LOAD,7,23:48:45,2013.62
10.31,59.89,5.81,NO LOAD,7,23:48:46,2014.21
10.16,71.53,7.04,NO LOAD,7,23:48:46,2014.79
10.15,62.87,6.2,NO LOAD,7,23:48:47,2015.38
10.7,77.42,7.24,NO LOAD,7,23:48:48,2015.96
10.53,60.86,5.78,NO LOAD,7,23:48:48,2016.55
10.63,59.11,5.56,NO LOAD,7,23:48:49,2017.13
9.88,73.03,7.39,NO LOAD,7,23:48:49,2017.71
9.41,67.36,7.16,NO LOAD,7,23:48:50,2018.3
10.2,77.78,7.62,NO LOAD,7,23:48:51,2018.88
11.3,60.47,5.35,NO LOAD,7,23:48:51,2019.46
10.66,53.09,4.98,NO LOAD,7,23:48:52,2020.05
10.6,58.15,5.49,NO LOAD,7,23:48:52,2020.64
10.75,80.22,7.47,NO LOAD,7,23:48:53,2021.22
9.93,56.51,5.69,NO LOAD,7,23:48:53,2021.81
9.67,51.91,5.37,NO LOAD,7,23:48:54,2022.39
10.23,59.76,5.84,NO LOAD,7,23:48:55,2022.97
10.24,60.81,5.94,NO LOAD,7,23:48:55,2023.56
10.41,65.21,6.26,NO LOAD,7,23:48:56,2024.14
8.82,57.86,6.56,NO LOAD,7,23:48:56,2024.73
9.64,42.2,4.38,NO LOAD,7,23:48:57,2025.31
10.34,65.33,6.32,NO LOAD,7,23:48:58,2025.89
9.47,57.17,6.03,NO LOAD,7,23:48:58,2026.48
9.61,54.28,5.65,NO LOAD,7,23:48:59,2027.06
10.39,52.95,5.09,NO LOAD,7,23:48:59,2027.65
9.56,57.56,6.02,NO LOAD,7,23:49:00,2028.23
9.79,55.02,5.62,NO LOAD,7,23:49:00,2028.81
11.32,56.53,4.99,NO LOAD,7,23:49:01,2029.4
10.68,65.73,6.15,NO LOAD,7,23:49:02,2029.98
10.06,64.05,6.37,NO LOAD,7,23:49:02,2030.57
10.0,54.32,5.43,NO LOAD,7,23:49:03,2031.15
10.98,70.62,6.43,NO LOAD,7,23:49:03,2031.74
10.15,55.02,5.42,NO LOAD,7,23:49:04,2032.32
10.43,62.91,6.03,NO LOAD,7,23:49:05,2032.91
10.0,53.53,5.35,NO LOAD,7,23:49:05,2033.49
9.31,48.63,5.22,NO LOAD,7,23:49:06,2034.08
11.02,67.78,6.15,NO LOAD,7,23:49:06,2034.66
10.16,54.71,5.39,NO LOAD,7,23:49:07,2035.24
10.16,60.24,5.93,NO LOAD,7,23:49:07,2035.83
10.11,62.67,6.2,NO LOAD,7,23:49:08,2036.41
10.36,52.0,5.02,NO LOAD,7,23:49:09,2037.0
10.34,56.39,5.45,NO LOAD,7,23:49:09,2037.58
10.6,62.82,5.93,NO LOAD,7,23:49:10,2038.17
10.8,74.9,6.94,NO LOAD,7,23:49:10,2038.76
10.02,65.63,6.55,NO LOAD,7,23:49:11,2039.34
9.97,50.5,5.07,NO LOAD,7,23:49:12,2039.92
10.43,63.71,6.11,NO LOAD,7,23:49:12,2040.51
9.97,54.5,5.47,NO LOAD,7,23:49:13,2041.09
10.94,63.11,5.77,NO LOAD,7,23:49:13,2041.68
9.83,58.28,5.93,NO LOAD,7,23:49:14,2042.26
10.1,46.81,4.64,NO LOAD,7,23:49:14,2042.85
10.66,72.33,6.78,NO LOAD,7,23:49:15,2043.43
9.67,50.62,5.24,NO LOAD,7,23:49:16,2044.02
10.51,62.89,5.99,NO LOAD,7,23:49:16,2044.6
10.29,60.88,5.92,NO LOAD,7,23:49:17,2045.19
10.55,58.26,5.52,NO LOAD,7,23:49:17,2045.77
9.63,64.31,6.68,NO LOAD,7,23:49:18,2046.36
9.55,60.4,6.33,NO LOAD,7,23:49:19,2046.94
9.92,52.6,5.3,NO LOAD,7,23:49:19,2047.52
10.25,62.71,6.12,NO LOAD,7,23:49:20,2048.11
10.09,72.85,7.22,NO LOAD,7,23:49:20,2048.69
10.23,76.69,7.49,NO LOAD,7,23:49:21,2049.27
9.74,55.48,5.7,NO LOAD,7,23:49:21,2049.86
11.46,64.64,5.64,NO LOAD,7,23:49:22,2050.44
9.72,55.73,5.73,NO LOAD,7,23:49:23,2051.03
9.53,54.1,5.68,NO LOAD,7,23:49:23,2051.61
9.52,63.57,6.68,NO LOAD,7,23:49:24,2052.19
10.06,52.87,5.26,NO LOAD,7,23:49:24,2052.77
9.72,56.89,5.85,NO LOAD,7,23:49:25,2053.36
9.66,49.64,5.14,NO LOAD,7,23:49:26,2053.94
10.37,62.7,6.05,NO LOAD,7,23:49:26,2054.53
9.22,50.92,5.52,NO LOAD,7,23:49:27,2055.11
10.67,55.84,5.23,NO LOAD,7,23:49:27,2055.7
9.83,45.64,4.64,NO LOAD,7,23:49:28,2056.28
9.51,54.11,5.69,NO LOAD,7,23:49:28,2056.86
10.74,67.25,6.26,NO LOAD,7,23:49:29,2057.44
10.1,55.04,5.45,NO LOAD,7,23:49:30,2058.03
10.18,59.35,5.83,NO LOAD,7,23:49:30,2058.62
10.16,62.7,6.17,NO LOAD,7,23:49:31,2059.2
10.96,82.44,7.52,NO LOAD,7,23:49:31,2059.79
10.06,58.43,5.81,NO LOAD,7,23:49:32,2060.37
10.21,91.1,8.92,NO LOAD,7,23:49:33,2060.95
10.34,52.08,5.04,NO LOAD,7,23:49:33,2061.54
9.5,57.85,6.09,NO LOAD,7,23:49:34,2062.12
9.87,47.02,4.76,NO LOAD,7,23:49:34,2062.71
10.39,60.53,5.83,NO LOAD,7,23:49:35,2063.29
10.15,57.11,5.63,NO LOAD,7,23:49:35,2063.88
9.93,68.54,6.9,NO LOAD,7,23:49:36,2064.46
11.05,70.58,6.38,NO LOAD,7,23:49:37,2065.04
10.3,55.36,5.37,NO LOAD,7,23:49:37,2065.63
10.06,70.09,6.97,NO LOAD,7,23:49:38,2066.22
9.94,62.23,6.26,NO LOAD,7,23:49:38,2066.8
9.89,60.88,6.16,NO LOAD,7,23:49:39,2067.38
10.47,74.12,7.08,NO LOAD,7,23:49:40,2067.96
9.74,62.56,6.42,NO LOAD,7,23:49:40,2068.55
10.16,53.2,5.23,NO LOAD,7,23:49:41,2069.14
10.2,50.74,4.97,NO LOAD,7,23:49:41,2069.72
10.88,52.62,4.84,NO LOAD,7,23:49:42,2070.3
10.79,54.63,5.06,NO LOAD,7,23:49:43,2070.89
10.52,62.27,5.92,NO LOAD,7,23:49:43,2071.47
9.89,56.47,5.71,NO LOAD,7,23:49:44,2072.06
11.36,64.81,5.71,NO LOAD,7,23:49:44,2072.64
10.28,58.87,5.73,NO LOAD,7,23:49:45,2073.23
10.25,79.81,7.78,NO LOAD,7,23:49:45,2073.81
10.15,60.16,5.93,NO LOAD,7,23:49:46,2074.4
9.87,54.6,5.53,NO LOAD,7,23:49:47,2074.98
9.54,49.82,5.22,NO LOAD,7,23:49:47,2075.57
9.22,52.43,5.68,NO LOAD,7,23:49:48,2076.15
10.99,62.87,5.72,NO LOAD,7,23:49:48,2076.73
9.8,88.59,9.04,NO LOAD,7,23:49:49,2077.32
10.24,72.36,7.07,NO LOAD,7,23:49:50,2077.9
10.77,61.49,5.71,NO LOAD,7,23:49:50,2078.49
10.06,59.35,5.9,NO LOAD,7,23:49:51,2079.07
9.57,48.69,5.09,NO LOAD,7,23:49:51,2079.66
10.71,64.94,6.07,NO LOAD,7,23:49:52,2080.24
10.58,60.4,5.71,NO LOAD,7,23:49:52,2080.82
9.93,57.34,5.77,NO LOAD,7,23:49:53,2081.41
9.82,61.24,6.24,NO LOAD,7,23:49:54,2081.99
9.53,50.96,5.35,NO LOAD,7,23:49:54,2082.57
9.56,54.04,5.65,NO LOAD,7,23:49:55,2083.16
10.55,59.24,5.62,NO LOAD,7,23:49:55,2083.74
10.15,63.51,6.26,NO LOAD,7,23:49:56,2084.32
10.43,62.43,5.99,NO LOAD,7,23:49:57,2084.91
9.51,63.68,6.7,NO LOAD,7,23:49:57,2085.5
10.39,55.63,5.36,NO LOAD,7,23:49:58,2086.08
9.39,55.32,5.89,NO LOAD,7,23:49:58,2086.66
10.38,50.25,4.84,NO LOAD,7,23:49:59,2087.25
10.49,65.9,6.28,NO LOAD,7,23:49:59,2087.83
10.28,61.64,6.0,NO LOAD,7,23:50:00,2088.42
9.87,52.45,5.31,NO LOAD,7,23:50:01,2089.0
10.21,64.1,6.28,NO LOAD,7,23:50:01,2089.59
9.82,54.78,5.58,NO LOAD,7,23:50:02,2090.17
9.87,59.96,6.07,NO LOAD,7,23:50:02,2090.75
10.18,55.91,5.49,NO LOAD,7,23:50:03,2091.33
10.79,62.81,5.82,NO LOAD,7,23:50:04,2091.92
9.34,47.58,5.09,NO LOAD,7,23:50:04,2092.51
10.63,81.05,7.63,NO LOAD,7,23:50:05,2093.09
9.73,63.59,6.53,NO LOAD,7,23:50:05,2093.67
10.34,93.12,9.0,NO LOAD,7,23:50:06,2094.26
9.83,89.95,9.15,NO LOAD,7,23:50:06,2094.84
10.77,82.06,7.62,NO LOAD,7,23:50:07,2095.42
9.3,59.87,6.44,NO LOAD,7,23:50:08,2096.01
9.22,58.97,6.39,NO LOAD,7,23:50:08,2096.59
11.27,73.29,6.5,NO LOAD,7,23:50:09,2097.18
10.58,52.72,4.98,NO LOAD,7,23:50:09,2097.76
10.04,62.28,6.21,NO LOAD,7,23:50:10,2098.35
10.69,66.07,6.18,NO LOAD,7,23:50:11,2098.93
10.37,60.17,5.8,NO LOAD,7,23:50:11,2099.51
10.32,60.88,5.9,NO LOAD,7,23:50:12,2100.1
10.25,58.64,5.72,NO LOAD,7,23:50:12,2100.68
10.93,60.84,5.57,NO LOAD,7,23:50:13,2101.27
9.68,62.48,6.46,NO LOAD,7,23:50:13,2101.86
10.55,61.96,5.88,NO LOAD,7,23:50:14,2102.44
9.07,55.67,6.14,NO LOAD,7,23:50:15,2103.02
10.58,60.69,5.74,NO LOAD,7,23:50:15,2103.61
10.51,62.12,5.91,NO LOAD,7,23:50:16,2104.19
10.62,62.79,5.91,NO LOAD,7,23:50:16,2104.77
9.76,62.88,6.44,NO LOAD,7,23:50:17,2105.36
10.69,64.51,6.04,NO LOAD,7,23:50:18,2105.94
10.64,68.3,6.42,NO LOAD,7,23:50:18,2106.53
10.34,63.28,6.12,NO LOAD,7,23:50:19,2107.11
9.79,58.74,6.0,NO LOAD,7,23:50:19,2107.7
9.55,54.34,5.69,NO LOAD,7,23:50:20,2108.28
10.61,71.57,6.75,NO LOAD,7,23:50:20,2108.87
10.64,58.41,5.49,NO LOAD,7,23:50:21,2109.45
9.91,64.23,6.48,NO LOAD,7,23:50:22,2110.03
11.03,63.88,5.79,NO LOAD,7,23:50:22,2110.62
9.68,59.94,6.19,NO LOAD,7,23:50:23,2111.2
9.77,63.94,6.54,NO LOAD,7,23:50:23,2111.79
10.48,60.13,5.74,NO LOAD,7,23:50:24,2112.37
10.62,58.02,5.46,NO LOAD,7,23:50:25,2112.95
10.64,62.15,5.84,NO LOAD,7,23:50:25,2113.54
9.43,54.64,5.79,NO LOAD,7,23:50:26,2114.12
9.69,58.15,6.0,NO LOAD,7,23:50:26,2114.71
10.51,64.47,6.14,NO LOAD,7,23:50:27,2115.29
9.69,52.55,5.42,NO LOAD,7,23:50:27,2115.87
10.35,60.05,5.8,NO LOAD,7,23:50:28,2116.46
12.18,82.61,6.78,NO LOAD,7,23:50:29,2117.04
10.14,51.95,5.12,NO LOAD,7,23:50:29,2117.63
9.73,51.84,5.33,NO LOAD,7,23:50:30,2118.21
9.64,56.91,5.9,NO LOAD,7,23:50:30,2118.8
10.38,58.84,5.67,NO LOAD,7,23:50:31,2119.37
10.85,54.49,5.02,NO LOAD,7,23:50:32,2119.96
8.81,58.73,6.67,NO LOAD,7,23:50:32,2120.55
10.46,60.9,5.82,NO LOAD,7,23:50:33,2121.13
9.51,70.01,7.36,NO LOAD,7,23:50:33,2121.72
10.67,58.04,5.44,NO LOAD,7,23:50:34,2122.3
10.42,62.47,5.99,NO LOAD,7,23:50:35,2122.89
9.85,59.19,6.01,NO LOAD,7,23:50:35,2123.47
10.03,59.29,5.91,NO LOAD,7,23:50:36,2124.05
10.33,62.1,6.01,NO LOAD,7,23:50:36,2124.63
9.91,54.07,5.45,NO LOAD,7,23:50:37,2125.22
9.67,53.7,5.55,NO LOAD,7,23:50:37,2125.81
9.84,51.26,5.21,NO LOAD,7,23:50:38,2126.39
9.63,51.32,5.33,NO LOAD,7,23:50:39,2126.97
9.9,61.1,6.17,NO LOAD,7,23:50:39,2127.56
9.8,58.96,6.02,NO LOAD,7,23:50:40,2128.14
10.06,56.44,5.61,NO LOAD,7,23:50:40,2128.72
10.15,51.34,5.06,NO LOAD,7,23:50:41,2129.31
10.66,63.65,5.97,NO LOAD,7,23:50:42,2129.89
10.27,59.39,5.78,NO LOAD,7,23:50:42,2130.48
10.39,55.32,5.33,NO LOAD,7,23:50:43,2131.06
10.03,49.7,4.96,NO LOAD,7,23:50:43,2131.65
9.71,64.38,6.63,NO LOAD,7,23:50:44,2132.23
11.03,63.93,5.8,NO LOAD,7,23:50:44,2132.81
10.14,59.78,5.9,NO LOAD,7,23:50:45,2133.4
10.77,56.94,5.29,NO LOAD,7,23:50:46,2133.99
11.43,122.91,10.75,NO LOAD,7,23:50:46,2134.57
9.69,55.21,5.7,NO LOAD,7,23:50:47,2135.16
10.33,63.13,6.11,NO LOAD,7,23:50:47,2135.74
9.83,56.52,5.75,NO LOAD,7,23:50:48,2136.32
9.59,46.8,4.88,NO LOAD,7,23:50:49,2136.91
9.91,57.29,5.78,NO LOAD,7,23:50:49,2137.49
10.19,60.97,5.98,NO LOAD,7,23:50:50,2138.08
10.47,57.27,5.47,NO LOAD,7,23:50:50,2138.66
10.23,54.95,5.37,NO LOAD,7,23:50:51,2139.24
10.64,53.61,5.04,NO LOAD,7,23:50:51,2139.83
10.23,53.74,5.25,NO LOAD,7,23:50:52,2140.42
9.58,48.92,5.11,NO LOAD,7,23:50:53,2140.99
9.83,56.0,5.7,NO LOAD,7,23:50:53,2141.58
10.13,58.04,5.73,NO LOAD,7,23:50:54,2142.17
9.22,53.34,5.79,NO LOAD,7,23:50:54,2142.75
9.7,58.64,6.05,NO LOAD,7,23:50:55,2143.33
10.11,69.37,6.86,NO LOAD,7,23:50:56,2143.92
10.42,63.87,6.13,NO LOAD,7,23:50:56,2144.5
10.8,54.2,5.02,NO LOAD,7,23:50:57,2145.09
9.99,47.52,4.76,NO LOAD,7,23:50:57,2145.67
9.77,59.73,6.12,NO LOAD,7,23:50:58,2146.26
10.37,51.09,4.92,NO LOAD,7,23:50:58,2146.84
9.39,48.4,5.16,NO LOAD,7,23:50:59,2147.43
9.11,46.12,5.06,NO LOAD,7,23:51:00,2148.01
9.68,58.49,6.04,NO LOAD,7,23:51:00,2148.59
10.47,47.38,4.53,NO LOAD,7,23:51:01,2149.18
9.76,60.7,6.22,NO LOAD,7,23:51:01,2149.76
9.67,52.96,5.48,NO LOAD,7,23:51:02,2150.34
11.12,58.73,5.28,NO LOAD,7,23:51:03,2150.92
10.81,64.24,5.94,NO LOAD,7,23:51:03,2151.5
9.94,64.6,6.5,NO LOAD,7,23:51:04,2152.09
10.09,58.87,5.83,NO LOAD,7,23:51:04,2152.67
9.71,63.82,6.58,NO LOAD,7,23:51:05,2153.26
10.83,60.72,5.61,NO LOAD,7,23:51:05,2153.84
10.45,61.89,5.92,NO LOAD,7,23:51:06,2154.43
9.98,64.33,6.45,NO LOAD,7,23:51:07,2155.02
10.2,58.75,5.76,NO LOAD,7,23:51:07,2155.6
10.47,55.27,5.28,NO LOAD,7,23:51:08,2156.19
10.07,50.64,5.03,NO LOAD,7,23:51:08,2156.77
10.02,73.1,7.3,NO LOAD,7,23:51:09,2157.36
9.91,56.78,5.73,NO LOAD,7,23:51:10,2157.94
10.24,62.22,6.07,NO LOAD,7,23:51:10,2158.53
8.42,53.69,6.37,NO LOAD,7,23:51:11,2159.11
10.92,59.91,5.49,NO LOAD,7,23:51:11,2159.69
10.93,55.48,5.08,NO LOAD,7,23:51:12,2160.27
9.62,59.1,6.15,NO LOAD,7,23:51:12,2160.86
9.82,54.38,5.54,NO LOAD,7,23:51:13,2161.45
10.25,73.54,7.17,NO LOAD,7,23:51:14,2162.03
9.66,53.04,5.49,NO LOAD,7,23:51:14,2162.61
10.04,52.82,5.26,NO LOAD,7,23:51:15,2163.19
10.91,54.75,5.02,NO LOAD,7,23:51:15,2163.78
11.05,66.76,6.04,NO LOAD,7,23:51:16,2164.36
9.65,58.44,6.05,NO LOAD,7,23:51:17,2164.95
8.7,50.07,5.76,NO LOAD,7,23:51:17,2165.53
10.74,65.86,6.13,NO LOAD,7,23:51:18,2166.12
10.84,62.63,5.78,NO LOAD,7,23:51:18,2166.7
9.47,53.48,5.65,NO LOAD,7,23:51:19,2167.29
11.08,56.49,5.1,NO LOAD,7,23:51:19,2167.87
10.25,66.55,6.49,NO LOAD,7,23:51:20,2168.46
9.87,51.72,5.24,NO LOAD,7,23:51:21,2169.04
10.42,58.35,5.6,NO LOAD,7,23:51:21,2169.62
10.46,58.3,5.57,NO LOAD,7,23:51:22,2170.21
9.71,51.16,5.27,NO LOAD,7,23:51:22,2170.8
10.17,60.26,5.93,NO LOAD,7,23:51:23,2171.38
10.43,63.89,6.12,NO LOAD,7,23:51:24,2171.96
10.25,53.07,5.18,NO LOAD,7,23:51:24,2172.55
9.83,50.66,5.15,NO LOAD,7,23:51:25,2173.13
9.91,61.34,6.19,NO LOAD,7,23:51:25,2173.71
10.27,48.13,4.69,NO LOAD,7,23:51:26,2174.3
9.76,61.89,6.34,NO LOAD,7,23:51:27,2174.88
10.8,62.98,5.83,NO LOAD,7,23:51:27,2175.46
10.13,62.82,6.2,NO LOAD,7,23:51:28,2176.05
9.93,62.0,6.25,NO LOAD,7,23:51:28,2176.64
9.49,58.29,6.14,NO LOAD,7,23:51:29,2177.22
10.43,55.84,5.36,NO LOAD,7,23:51:29,2177.8
10.24,51.55,5.03,NO LOAD,7,23:51:30,2178.39
10.85,60.25,5.55,NO LOAD,7,23:51:31,2178.97
9.21,50.59,5.49,NO LOAD,7,23:51:31,2179.56
10.19,51.86,5.09,NO LOAD,7,23:51:32,2180.14
9.58,61.23,6.39,NO LOAD,7,23:51:32,2180.72
9.41,77.42,8.23,NO LOAD,7,23:51:33,2181.31
10.83,55.19,5.09,NO LOAD,7,23:51:34,2181.89
10.81,63.42,5.87,NO LOAD,7,23:51:34,2182.48
11.01,56.73,5.15,NO LOAD,7,23:51:35,2183.06
9.95,73.0,7.33,NO LOAD,7,23:51:35,2183.65
11.18,54.13,4.84,NO LOAD,7,23:51:36,2184.23
10.42,64.33,6.17,NO LOAD,7,23:51:36,2184.82
9.97,63.5,6.37,NO LOAD,7,23:51:37,2185.4
10.63,61.7,5.8,NO LOAD,7,23:51:38,2185.99
10.22,62.38,6.1,NO LOAD,7,23:51:38,2186.57
10.0,55.4,5.54,NO LOAD,7,23:51:39,2187.15
9.6,49.92,5.2,NO LOAD,7,23:51:39,2187.74
9.84,69.62,7.08,NO LOAD,7,23:51:40,2188.32
10.18,48.92,4.8,NO LOAD,7,23:51:41,2188.91
9.73,57.76,5.93,NO LOAD,7,23:51:41,2189.49
9.83,49.14,5.0,NO LOAD,7,23:51:42,2190.07
10.81,66.31,6.14,NO LOAD,7,23:51:42,2190.66
9.11,52.79,5.8,NO LOAD,7,23:51:43,2191.24
10.59,65.91,6.22,NO LOAD,7,23:51:43,2191.83
10.04,52.71,5.25,NO LOAD,7,23:51:44,2192.41
10.3,77.1,7.49,NO LOAD,7,23:51:45,2193.0
9.79,49.43,5.05,NO LOAD,7,23:51:45,2193.58
10.17,63.17,6.21,NO LOAD,7,23:51:46,2194.16
10.72,55.31,5.16,NO LOAD,7,23:51:46,2194.74
9.62,56.35,5.86,NO LOAD,7,23:51:47,2195.33
10.81,62.97,5.82,NO LOAD,7,23:51:48,2195.92
10.38,60.31,5.81,NO LOAD,7,23:51:48,2196.5
11.01,60.06,5.46,NO LOAD,7,23:51:49,2197.08
10.36,66.05,6.38,NO LOAD,7,23:51:49,2197.67
10.9,53.5,4.91,NO LOAD,7,23:51:50,2198.26
10.85,61.87,5.7,NO LOAD,7,23:51:50,2198.84
