NO LOAD			Charger			Bulb
8.52, 53.69, 6.30			10.07, 62.28, 6.18			12.92, 68.99, 5.34
8.49, 55.29, 6.51			10.75, 58.52, 5.44			14.26, 63.68, 4.46
8.12, 58.57, 7.21			12.38, 59.54, 4.81			12.98, 67.47, 5.20
8.40, 49.46, 5.89			13.64, 67.74, 4.97			12.62, 58.91, 4.67
8.47, 53.11, 6.27			12.31, 63.30, 5.14			13.57, 68.61, 5.06
8.39, 51.91, 6.19			13.34, 74.16, 5.56			13.21, 66.84, 5.06
8.04, 43.49, 5.41			13.04, 59.52, 4.56			12.69, 61.63, 4.86
8.58, 50.52, 5.89			12.59, 69.67, 5.53			12.72, 68.57, 5.39
8.52, 47.10, 5.53			13.17, 56.08, 4.26			12.75, 70.39, 5.52
7.85, 50.37, 6.42			12.82, 62.53, 4.88			13.57, 64.05, 4.72
8.33, 51.66, 6.20			13.67, 70.30, 5.14			13.84, 74.57, 5.39
8.66, 53.98, 6.23			13.41, 68.23, 5.09			12.73, 75.87, 5.96
8.29, 56.82, 6.85			12.27, 67.37, 5.49			12.86, 70.28, 5.47
7.83, 50.55, 6.46			12.53, 72.94, 5.82			13.15, 64.38, 4.90
8.08, 52.31, 6.47			12.06, 53.82, 4.46			13.03, 61.75, 4.74
7.99, 56.23, 7.04			13.58, 62.60, 4.61			14.46, 89.69, 6.20
7.93, 47.78, 6.03			13.00, 65.58, 5.05			12.53, 69.34, 5.53
8.57, 49.71, 5.80			13.49, 73.27, 5.43			11.85, 63.78, 5.38
7.45, 51.04, 6.85			12.93, 62.53, 4.84			13.72, 72.74, 5.30
8.03, 53.89, 6.71			13.13, 64.60, 4.92			14.26, 69.68, 4.89
8.18, 49.77, 6.08			11.98, 63.27, 5.28			12.59, 65.41, 5.20
8.51, 56.57, 6.65			12.67, 58.69, 4.63			12.48, 61.88, 4.96
8.43, 52.26, 6.20			14.30, 76.88, 5.38			14.13, 66.85, 4.73
8.17, 50.08, 6.13			13.40, 71.56, 5.34			12.32, 51.20, 4.15
7.72, 47.08, 6.10			12.74, 63.67, 5.00			13.41, 65.96, 4.92
8.06, 58.18, 7.22			12.41, 59.02, 4.76			14.02, 70.76, 5.05
8.66, 53.90, 6.23			12.88, 62.65, 4.86			13.61, 65.64, 4.82
7.69, 52.97, 6.89			12.96, 56.10, 4.33			13.45, 68.32, 5.08
8.44, 76.39, 9.06			13.03, 63.63, 4.88			12.93, 63.08, 4.88
8.02, 54.03, 6.74			12.43, 66.26, 5.33			13.09, 58.35, 4.46
8.39, 75.25, 8.97			13.39, 76.39, 5.70			13.48, 62.72, 4.65
8.14, 54.13, 6.65			12.52, 58.15, 4.64			12.60, 73.78, 5.85
8.02, 50.91, 6.34			13.11, 66.83, 5.10			13.01, 71.47, 5.50
7.89, 54.09, 6.86			13.35, 69.85, 5.23			13.45, 71.12, 5.29
8.01, 44.04, 5.50			12.90, 55.94, 4.34			13.06, 68.45, 5.24
8.65, 55.19, 6.38			12.74, 58.31, 4.58			13.48, 62.35, 4.62
8.16, 52.42, 6.43			12.74, 62.46, 4.90			12.87, 62.20, 4.83
7.88, 46.89, 5.95			12.81, 62.10, 4.85			12.99, 52.71, 4.06
8.64, 56.61, 6.55			13.82, 62.51, 4.52			14.22, 70.92, 4.99
7.51, 49.53, 6.60			13.43, 59.09, 4.40			12.37, 58.29, 4.71
8.10, 54.98, 6.79			13.56, 60.22, 4.44			13.26, 65.99, 4.98
8.43, 51.30, 6.09			12.51, 56.73, 4.54			12.66, 52.28, 4.13
8.58, 55.91, 6.51			12.50, 52.90, 4.23			12.57, 56.62, 4.50
9.02, 55.42, 6.14			13.05, 70.84, 5.43			13.91, 64.97, 4.67
8.45, 52.52, 6.21			12.82, 57.62, 4.49			12.85, 71.11, 5.53
8.33, 51.91, 6.23			13.03, 58.60, 4.50			13.19, 73.34, 5.56
8.23, 47.45, 5.77			12.21, 65.64, 5.38			12.88, 73.46, 5.70
8.07, 47.10, 5.84			12.23, 55.32, 4.52			14.06, 68.73, 4.89
8.26, 54.80, 6.64			12.16, 70.02, 5.76			14.27, 58.86, 4.12
8.02, 58.14, 7.25			13.29, 68.03, 5.12			13.35, 61.85, 4.63
8.24, 51.14, 6.20			13.44, 59.77, 4.45			14.25, 73.52, 5.16
8.72, 52.90, 6.07			13.16, 57.66, 4.38			12.71, 62.14, 4.89
8.42, 49.14, 5.84			12.57, 71.42, 5.68			12.88, 61.94, 4.81
8.46, 49.97, 5.91			13.03, 61.61, 4.73			13.75, 63.73, 4.63
8.47, 55.01, 6.49			11.66, 57.54, 4.93			13.48, 65.15, 4.83
8.54, 53.07, 6.21			11.96, 64.16, 5.36			13.95, 69.46, 4.98
8.44, 55.38, 6.56			11.37, 65.14, 5.73			13.37, 65.97, 4.94
8.58, 68.41, 7.97			10.36, 61.62, 5.95			12.93, 66.66, 5.16
7.99, 51.17, 6.40			11.55, 51.62, 4.47			13.79, 73.11, 5.30
8.16, 52.59, 6.44			12.89, 61.39, 4.76			13.08, 72.13, 5.51
8.20, 48.69, 5.94			10.58, 52.11, 4.92			13.67, 64.21, 4.70
8.50, 48.28, 5.68			11.18, 62.37, 5.58			13.41, 68.20, 5.08
8.62, 48.47, 5.63			10.71, 58.93, 5.50			13.89, 65.08, 4.69
8.24, 50.86, 6.17			13.12, 62.81, 4.79			12.55, 65.91, 5.25
7.74, 48.83, 6.31			12.38, 62.78, 5.07			13.17, 62.78, 4.77
8.43, 50.56, 6.00			12.95, 59.85, 4.62			13.08, 63.26, 4.84
8.18, 47.66, 5.83			12.41, 68.64, 5.53			12.60, 52.14, 4.14
8.35, 47.75, 5.72			12.67, 54.88, 4.33			13.32, 58.74, 4.41
8.14, 52.41, 6.44			12.48, 61.65, 4.94			12.68, 57.11, 4.51
8.03, 45.24, 5.64			13.13, 59.37, 4.52			12.85, 67.82, 5.28
8.46, 55.53, 6.57			12.79, 62.15, 4.86			12.32, 50.41, 4.09
8.81, 57.75, 6.56			12.28, 66.77, 5.44			15.33, 68.53, 4.47
8.32, 63.17, 7.59			12.61, 52.46, 4.16			13.34, 68.73, 5.15
7.94, 50.59, 6.37			12.57, 62.91, 5.01			13.08, 67.39, 5.15
8.56, 50.42, 5.89			12.77, 66.41, 5.20			13.72, 71.82, 5.24
7.52, 45.69, 6.08			12.51, 55.30, 4.42			13.14, 66.21, 5.04
8.79, 52.51, 5.97			12.29, 47.90, 3.90			12.25, 60.37, 4.93
8.23, 56.19, 6.82			12.28, 58.12, 4.73			14.42, 67.54, 4.68
8.39, 53.01, 6.32			12.57, 57.32, 4.56			13.09, 71.27, 5.45
8.38, 49.92, 5.96			13.46, 66.30, 4.93			12.59, 54.04, 4.29
8.10, 64.60, 7.98			12.65, 61.56, 4.87			13.63, 70.87, 5.20
8.23, 52.21, 6.34			12.68, 60.84, 4.80			13.72, 59.80, 4.36
8.93, 59.41, 6.65			12.55, 59.32, 4.73			13.80, 75.29, 5.46
8.91, 52.84, 5.93			11.72, 58.77, 5.01			13.85, 66.88, 4.83
8.10, 54.48, 6.73			13.79, 77.47, 5.62			13.52, 74.54, 5.51
8.04, 52.27, 6.50			13.41, 73.12, 5.45			13.58, 78.56, 5.79
8.29, 52.01, 6.28			12.73, 60.36, 4.74			14.02, 63.06, 4.50
8.17, 50.17, 6.14			12.88, 63.55, 4.93			12.82, 63.66, 4.96
8.06, 48.56, 6.03			12.93, 59.51, 4.60			12.62, 68.52, 5.43
8.66, 55.94, 6.46			12.06, 52.95, 4.39			14.45, 66.68, 4.62
7.97, 50.45, 6.33			12.62, 88.74, 7.03			13.22, 66.47, 5.03
8.28, 50.35, 6.08			12.50, 53.48, 4.28			13.03, 71.29, 5.47
8.50, 58.50, 6.89			12.57, 60.86, 4.84			13.39, 64.88, 4.84
8.44, 54.47, 6.45			13.07, 64.05, 4.90			12.45, 71.45, 5.74
8.60, 52.57, 6.12			12.48, 60.38, 4.84			12.50, 57.05, 4.56
8.08, 51.12, 6.32			11.73, 60.27, 5.14			13.13, 75.88, 5.78
8.02, 47.58, 5.93			12.50, 72.49, 5.80			13.33, 66.93, 5.02
8.23, 47.11, 5.72			11.89, 44.55, 3.75			14.02, 66.06, 4.71
8.46, 54.37, 6.43			12.52, 58.71, 4.69			13.33, 66.70, 5.00
8.37, 49.78, 5.95			12.38, 56.78, 4.58			12.79, 61.80, 4.83
8.76, 59.34, 6.78			12.46, 63.75, 5.12			13.47, 61.95, 4.60
8.71, 58.67, 6.73			11.94, 64.21, 5.38			13.72, 76.28, 5.56
8.55, 49.99, 5.84			12.56, 61.01, 4.86			12.75, 59.60, 4.67
8.42, 49.61, 5.89			13.25, 61.97, 4.68			13.01, 59.12, 4.55
7.92, 55.86, 7.06			12.09, 75.81, 6.27			12.61, 63.33, 5.02
8.44, 57.62, 6.82			11.71, 47.56, 4.06			14.00, 62.59, 4.47
8.22, 53.29, 6.48			12.82, 57.84, 4.51			13.92, 65.82, 4.73
8.10, 51.77, 6.39			12.53, 65.46, 5.22			13.34, 71.69, 5.37
8.14, 52.72, 6.47			11.92, 60.88, 5.11			13.08, 57.57, 4.40
8.07, 47.84, 5.93			12.53, 74.21, 5.92			13.23, 57.06, 4.31
9.00, 57.50, 6.39			12.57, 64.04, 5.10			12.76, 59.00, 4.63
7.56, 53.79, 7.12			12.84, 59.51, 4.63			13.75, 66.32, 4.82
7.96, 49.16, 6.18			13.02, 75.40, 5.79			12.97, 60.45, 4.66
8.47, 49.81, 5.88			13.34, 67.81, 5.08			12.73, 59.35, 4.66
8.34, 55.30, 6.63			13.10, 62.33, 4.76			13.44, 65.36, 4.86
8.68, 49.67, 5.72			12.99, 63.41, 4.88			13.21, 64.03, 4.85
8.57, 53.55, 6.25			12.33, 53.97, 4.38			13.42, 71.66, 5.34
8.51, 54.45, 6.40			12.44, 73.62, 5.92			13.17, 65.89, 5.00
8.25, 53.45, 6.48			13.08, 63.37, 4.85			12.41, 56.60, 4.56
8.06, 52.73, 6.54			12.85, 57.67, 4.49			13.84, 72.30, 5.22
7.46, 51.02, 6.84			12.75, 72.55, 5.69			12.58, 74.00, 5.88
8.22, 52.30, 6.36			12.36, 62.79, 5.08			12.32, 69.15, 5.61
8.78, 52.54, 5.98			11.87, 53.61, 4.52			13.14, 54.70, 4.16
8.29, 54.43, 6.57			12.90, 72.47, 5.62			12.92, 53.33, 4.13
8.20, 45.71, 5.58			12.85, 69.91, 5.44			13.07, 58.48, 4.48
8.48, 56.04, 6.61			13.15, 62.26, 4.74			13.56, 58.44, 4.31
7.98, 50.75, 6.36			12.26, 60.38, 4.93			12.08, 65.79, 5.45
8.01, 49.80, 6.21			12.37, 57.46, 4.64			12.73, 70.47, 5.54
8.78, 55.87, 6.37			12.90, 58.41, 4.53			13.64, 73.27, 5.37
8.71, 55.84, 6.41			12.78, 60.92, 4.77			13.42, 60.60, 4.51
7.78, 53.74, 6.91			12.79, 59.09, 4.62			13.08, 69.16, 5.29
8.68, 51.33, 5.91			12.54, 59.98, 4.78			13.90, 63.98, 4.60
8.75, 55.76, 6.38			13.01, 72.93, 5.61			12.57, 60.06, 4.78
7.72, 46.03, 5.96			13.06, 59.43, 4.55			12.92, 83.49, 6.46
8.36, 48.66, 5.82			13.40, 67.91, 5.07			14.29, 64.63, 4.52
8.02, 44.77, 5.58			12.58, 56.12, 4.46			13.37, 65.47, 4.90
8.52, 55.93, 6.57			12.61, 66.04, 5.24			13.65, 62.33, 4.57
8.13, 51.56, 6.34			13.22, 66.80, 5.05			12.38, 53.22, 4.30
9.03, 55.75, 6.17			12.13, 53.77, 4.43			13.23, 57.00, 4.31
8.69, 47.91, 5.51			12.08, 64.48, 5.34			13.34, 64.80, 4.86
8.52, 47.81, 5.61			11.86, 53.04, 4.47			14.05, 73.34, 5.22
8.20, 46.87, 5.72			12.54, 60.95, 4.86			13.95, 62.52, 4.48
9.04, 54.11, 5.98			13.49, 70.89, 5.26			12.77, 60.18, 4.71
8.30, 47.86, 5.76			12.34, 65.54, 5.31			12.28, 68.02, 5.54
8.64, 51.88, 6.00			12.31, 56.74, 4.61			13.63, 64.45, 4.73
7.56, 47.23, 6.25			12.69, 63.18, 4.98			12.62, 58.22, 4.61
8.54, 51.57, 6.04			12.53, 54.56, 4.35			13.01, 62.58, 4.81
7.93, 60.83, 7.67			12.14, 55.02, 4.53			14.12, 71.57, 5.07
8.49, 52.90, 6.23			12.84, 58.10, 4.53			13.09, 63.88, 4.88
8.73, 50.19, 5.75			12.25, 57.63, 4.70			13.42, 63.66, 4.74
8.65, 51.73, 5.98			12.69, 56.59, 4.46			12.56, 60.07, 4.78
8.01, 48.74, 6.08			11.39, 60.21, 5.29			13.09, 62.66, 4.79
8.48, 54.96, 6.48			11.43, 58.25, 5.10			14.39, 102.18, 7.10
8.98, 56.75, 6.32			11.53, 58.04, 5.03			12.76, 63.65, 4.99
8.51, 57.54, 6.76			11.76, 57.56, 4.90			12.15, 57.85, 4.76
8.66, 52.45, 6.05			13.12, 59.40, 4.53			12.06, 61.11, 5.07
8.01, 51.18, 6.39			10.97, 67.34, 6.14			12.78, 66.35, 5.19
8.48, 54.12, 6.39			11.87, 61.10, 5.15			13.12, 63.92, 4.87
8.57, 46.97, 5.48			12.59, 69.95, 5.55			11.99, 64.46, 5.38
9.40, 54.83, 5.83			11.95, 56.64, 4.74			13.41, 74.07, 5.52
8.16, 52.37, 6.42			12.06, 54.58, 4.52			13.51, 66.74, 4.94
8.37, 47.33, 5.65			12.49, 68.51, 5.48			12.86, 72.29, 5.62
8.82, 49.07, 5.56			12.25, 60.16, 4.91			14.12, 67.15, 4.76
8.21, 48.01, 5.85			11.86, 68.07, 5.74			13.24, 64.24, 4.85
7.72, 55.06, 7.13			11.38, 59.03, 5.19			14.15, 80.89, 5.72
8.95, 60.42, 6.75			12.19, 54.52, 4.47			13.63, 68.20, 5.00
8.47, 46.79, 5.52			11.94, 60.30, 5.05			12.88, 64.53, 5.01
8.47, 49.64, 5.86			12.33, 65.92, 5.35			13.06, 58.63, 4.49
9.05, 49.46, 5.47			11.68, 52.01, 4.45			13.32, 68.19, 5.12
8.01, 53.39, 6.67			11.03, 54.92, 4.98			12.03, 55.44, 4.61
9.09, 56.79, 6.25			11.43, 51.32, 4.49			13.72, 78.45, 5.72
8.60, 49.04, 5.70			11.46, 54.08, 4.72			11.77, 61.33, 5.21
8.14, 46.79, 5.75			11.89, 58.49, 4.92			13.35, 66.78, 5.00
8.48, 52.48, 6.19			12.02, 55.73, 4.64			13.41, 62.48, 4.66
7.89, 43.59, 5.53			12.03, 55.05, 4.58			14.33, 68.98, 4.82
7.80, 50.53, 6.48			11.73, 56.43, 4.81			14.04, 67.23, 4.79
8.29, 57.13, 6.89			12.25, 63.59, 5.19			14.04, 66.60, 4.74
8.71, 51.89, 5.96			11.87, 54.20, 4.57			12.97, 64.94, 5.01
8.09, 49.13, 6.08			11.76, 59.53, 5.06			12.60, 64.57, 5.13
8.38, 50.86, 6.07			11.57, 57.57, 4.98			12.62, 71.71, 5.68
8.08, 56.19, 6.95			11.72, 59.49, 5.08			13.80, 64.60, 4.68
8.86, 50.85, 5.74			11.99, 53.05, 4.42			13.82, 68.83, 4.98
8.92, 53.56, 6.00			12.36, 57.07, 4.62			13.34, 58.88, 4.41
8.60, 51.83, 6.03			12.64, 56.47, 4.47			13.20, 68.55, 5.19
8.59, 42.22, 4.92			12.62, 58.25, 4.62			12.90, 67.17, 5.21
8.58, 53.61, 6.25			10.99, 61.33, 5.58			12.91, 70.43, 5.45
8.15, 49.26, 6.04			11.39, 52.52, 4.61			12.64, 71.54, 5.66
8.57, 54.51, 6.36			12.17, 62.65, 5.15			13.19, 65.47, 4.96
8.30, 51.11, 6.16			11.69, 53.80, 4.60			13.36, 68.83, 5.15
8.10, 50.47, 6.23			11.79, 60.41, 5.12			14.24, 78.76, 5.53
7.60, 45.97, 6.05			12.00, 63.05, 5.25			13.34, 66.42, 4.98
8.32, 55.64, 6.69			11.19, 48.41, 4.33			13.68, 73.93, 5.41
8.12, 46.32, 5.71			11.09, 54.18, 4.89			13.22, 68.17, 5.16
8.18, 57.16, 6.99			12.31, 55.67, 4.52			13.75, 69.62, 5.06
8.57, 52.88, 6.17			11.71, 51.18, 4.37			12.61, 53.34, 4.23
8.33, 48.97, 5.88			11.93, 57.95, 4.86			13.94, 68.03, 4.88
8.30, 44.36, 5.35			11.76, 57.66, 4.90			13.62, 66.71, 4.90
8.91, 52.38, 5.88			12.66, 73.60, 5.81			13.24, 68.66, 5.19
8.99, 53.46, 5.95			11.26, 57.35, 5.09			13.16, 71.55, 5.43
7.76, 39.91, 5.14			12.09, 60.09, 4.97			12.93, 62.51, 4.83
8.06, 50.21, 6.23			11.70, 53.48, 4.57			12.54, 53.67, 4.28
8.10, 51.95, 6.41			11.86, 67.49, 5.69			12.93, 77.14, 5.96
7.72, 52.57, 6.81			11.89, 56.01, 4.71			12.82, 64.55, 5.03
8.21, 50.14, 6.11			12.13, 58.98, 4.86			14.12, 69.73, 4.94
8.41, 55.52, 6.60			11.90, 54.53, 4.58			12.86, 67.87, 5.28
8.17, 49.48, 6.06			11.24, 53.17, 4.73			12.51, 57.76, 4.62
8.74, 44.55, 5.09			12.25, 65.07, 5.31			12.97, 60.43, 4.66
8.08, 51.71, 6.40			12.33, 58.19, 4.72			13.40, 64.39, 4.80
8.41, 54.05, 6.43			11.99, 58.74, 4.90			13.52, 65.11, 4.82
8.35, 50.59, 6.06			11.89, 56.06, 4.71			13.11, 63.89, 4.87
8.07, 45.38, 5.62			11.57, 52.41, 4.53			12.52, 56.82, 4.54
8.65, 50.14, 5.80			11.70, 60.00, 5.13			13.04, 73.34, 5.63
7.71, 52.59, 6.82			12.06, 52.06, 4.31			12.20, 66.02, 5.41
7.76, 52.34, 6.74			11.14, 50.60, 4.54			12.91, 60.62, 4.70
9.14, 53.68, 5.87			11.62, 57.24, 4.93			12.36, 63.28, 5.12
8.91, 56.53, 6.34			11.16, 44.08, 3.95			13.72, 63.37, 4.62
8.52, 55.62, 6.53			11.02, 46.32, 4.20			13.62, 61.19, 4.49
8.52, 46.29, 5.43			11.04, 58.39, 5.29			12.55, 63.50, 5.06
8.37, 47.70, 5.70			11.08, 62.02, 5.60			12.71, 76.08, 5.98
8.17, 44.61, 5.46			11.65, 55.56, 4.77			13.42, 65.48, 4.88
8.63, 51.24, 5.93			10.55, 55.08, 5.22			12.20, 63.36, 5.19
7.40, 43.43, 5.87			10.96, 58.75, 5.36			12.94, 65.10, 5.03
8.40, 51.91, 6.18			11.35, 65.52, 5.77			12.90, 72.21, 5.60
7.99, 43.05, 5.39			9.98, 51.64, 5.17			14.01, 66.05, 4.72
8.55, 50.14, 5.86			11.58, 63.80, 5.51			12.69, 60.76, 4.79
9.26, 61.28, 6.62			11.02, 54.05, 4.91			13.74, 76.56, 5.57
9.38, 56.72, 6.05			10.81, 52.44, 4.85			13.81, 77.68, 5.63
7.84, 48.71, 6.21			11.87, 56.11, 4.73			14.13, 67.87, 4.80
8.17, 50.70, 6.20			11.70, 67.38, 5.76			12.80, 53.53, 4.18
7.84, 44.67, 5.70			10.43, 52.40, 5.02			13.41, 66.45, 4.96
8.34, 51.00, 6.12			11.25, 63.68, 5.66			13.05, 72.72, 5.57
9.08, 51.07, 5.62			10.36, 53.86, 5.20			13.45, 63.40, 4.71
8.16, 48.52, 5.95			11.10, 65.67, 5.92			12.66, 62.54, 4.94
8.05, 58.82, 7.30			12.04, 55.57, 4.62			14.11, 68.14, 4.83
8.82, 46.94, 5.32			10.37, 61.81, 5.96			13.66, 67.23, 4.92
7.95, 52.07, 6.55			11.13, 56.43, 5.07			13.39, 66.07, 4.93
8.58, 48.03, 5.60			11.20, 57.36, 5.12			13.22, 66.58, 5.04
7.86, 47.26, 6.01			10.35, 52.84, 5.10			12.91, 67.93, 5.26
8.77, 52.69, 6.01			11.12, 71.51, 6.43			14.92, 75.82, 5.08
9.09, 48.76, 5.36			10.61, 58.27, 5.49			13.60, 72.93, 5.36
8.93, 56.32, 6.31			11.35, 55.66, 4.90			13.51, 66.65, 4.93
7.78, 44.90, 5.77			11.17, 60.62, 5.43			12.83, 66.47, 5.18
8.19, 51.66, 6.30			12.01, 63.14, 5.26			12.69, 71.02, 5.60
8.84, 48.09, 5.44			10.88, 56.57, 5.20			13.56, 63.13, 4.66
7.53, 53.53, 7.11			10.29, 57.49, 5.59			13.35, 69.00, 5.17
8.69, 64.89, 7.47			10.76, 66.04, 6.13			13.73, 64.12, 4.67
8.27, 45.73, 5.53			10.99, 56.33, 5.13			11.81, 59.86, 5.07
7.75, 53.19, 6.86			9.72, 52.17, 5.37			12.47, 61.19, 4.91
7.89, 49.46, 6.27			11.46, 59.55, 5.19			13.12, 66.22, 5.05
8.04, 43.45, 5.40			9.37, 48.00, 5.12			12.79, 61.39, 4.80
8.69, 54.47, 6.27			10.84, 55.13, 5.08			13.37, 68.87, 5.15
8.06, 44.04, 5.46			10.74, 59.92, 5.58			12.33, 71.25, 5.78
8.40, 54.28, 6.46			9.63, 55.32, 5.74			13.19, 64.51, 4.89
8.25, 50.94, 6.17			10.04, 54.14, 5.39			13.64, 68.78, 5.04
8.06, 44.69, 5.54			10.19, 60.91, 5.98			11.94, 69.63, 5.83
7.93, 56.72, 7.15			10.17, 50.26, 4.94			13.30, 70.86, 5.33
8.52, 55.14, 6.47			10.04, 54.78, 5.46			12.46, 58.02, 4.65
8.16, 52.12, 6.39			10.28, 47.96, 4.67			12.92, 61.65, 4.77
8.69, 51.06, 5.88			9.87, 45.05, 4.57			13.94, 67.32, 4.83
8.69, 54.13, 6.23			9.73, 53.57, 5.51			13.64, 65.53, 4.80
8.54, 51.07, 5.98			10.16, 49.72, 4.89			12.39, 64.81, 5.23
8.69, 55.73, 6.41			10.26, 55.38, 5.40			13.37, 60.56, 4.53
7.60, 40.99, 5.40			9.80, 58.81, 6.00			13.11, 69.50, 5.30
8.80, 56.84, 6.46			10.47, 74.77, 7.14			12.86, 68.54, 5.33
8.03, 52.35, 6.52			10.52, 56.89, 5.41			13.70, 68.52, 5.00
7.80, 46.08, 5.91			10.37, 61.38, 5.92			12.56, 70.02, 5.57
8.82, 50.03, 5.67			9.65, 52.17, 5.41			13.46, 64.52, 4.79
7.72, 53.28, 6.90			10.13, 48.40, 4.78			12.67, 66.08, 5.22
8.78, 55.74, 6.35			9.33, 46.09, 4.94			13.33, 69.29, 5.20
8.29, 47.85, 5.77			10.16, 72.06, 7.09			13.43, 66.44, 4.95
8.38, 50.24, 6.00			10.14, 53.52, 5.28			13.04, 60.62, 4.65
8.99, 55.64, 6.19			11.02, 68.01, 6.17			13.62, 70.45, 5.17
8.34, 57.76, 6.92			10.76, 51.89, 4.83			12.74, 67.30, 5.28
7.57, 39.02, 5.16			9.51, 46.43, 4.88			12.39, 58.55, 4.72
7.54, 44.84, 5.95			10.35, 57.33, 5.54			14.41, 64.38, 4.47
8.48, 58.33, 6.88			10.50, 58.32, 5.55			13.22, 62.17, 4.70
7.97, 47.17, 5.92			10.89, 52.73, 4.84			13.76, 66.41, 4.83
7.98, 45.18, 5.66			10.26, 53.33, 5.20			12.77, 54.06, 4.23
8.64, 55.86, 6.47			10.25, 55.31, 5.40			12.19, 57.01, 4.67
8.67, 48.66, 5.62			10.23, 57.94, 5.67			13.22, 62.20, 4.71
7.99, 50.02, 6.26			10.24, 54.87, 5.36			13.34, 76.69, 5.75
8.89, 52.81, 5.94			10.49, 50.55, 4.82			12.55, 59.86, 4.77
8.15, 55.84, 6.85			9.44, 51.11, 5.41			13.31, 66.78, 5.02
8.76, 49.15, 5.61			10.95, 50.91, 4.65			12.58, 53.61, 4.26
7.76, 44.32, 5.71			10.68, 49.77, 4.66			13.14, 69.01, 5.25
8.16, 52.18, 6.39			9.99, 45.33, 4.54			13.26, 70.66, 5.33
8.77, 49.08, 5.60			10.40, 48.22, 4.64			13.86, 73.78, 5.32
8.32, 49.31, 5.93			11.58, 76.39, 6.59			12.88, 61.39, 4.77
8.54, 62.11, 7.28			9.78, 53.45, 5.46			13.81, 64.49, 4.67
8.34, 52.99, 6.35			10.66, 54.34, 5.10			13.64, 67.09, 4.92
8.54, 57.77, 6.77			10.58, 71.86, 6.79			12.38, 56.48, 4.56
8.12, 46.54, 5.73			10.19, 51.57, 5.06			13.64, 64.82, 4.75
8.24, 47.80, 5.80			10.79, 52.22, 4.84			12.82, 69.71, 5.44
7.52, 42.88, 5.70			10.21, 48.69, 4.77			12.29, 65.84, 5.36
7.42, 52.97, 7.14			10.25, 55.81, 5.44			12.69, 60.62, 4.78
8.52, 50.08, 5.88			10.37, 56.81, 5.48			12.48, 57.35, 4.60
8.47, 53.75, 6.35			10.71, 62.65, 5.85			12.64, 64.68, 5.12
8.72, 49.75, 5.71			10.92, 53.47, 4.90			13.84, 63.00, 4.55
8.99, 57.19, 6.36			10.93, 51.81, 4.74			14.25, 67.46, 4.73
8.12, 55.25, 6.80			10.93, 57.20, 5.24			12.97, 58.34, 4.50
9.55, 51.03, 5.34			11.12, 61.07, 5.49			13.35, 62.40, 4.67
7.66, 47.55, 6.21			11.55, 56.36, 4.88			12.87, 69.07, 5.37
8.84, 57.35, 6.48			11.06, 55.28, 5.00			13.38, 61.68, 4.61
7.71, 45.04, 5.84			10.84, 59.32, 5.47			13.79, 83.21, 6.03
7.72, 51.48, 6.67			11.73, 71.67, 6.11			12.86, 70.12, 5.45
7.85, 47.31, 6.02			10.84, 55.04, 5.08			13.43, 60.68, 4.52
8.70, 51.74, 5.95			10.57, 48.81, 4.62			13.08, 63.65, 4.87
8.70, 45.83, 5.27			10.10, 44.66, 4.42			13.00, 67.45, 5.19
7.82, 50.07, 6.40			10.48, 52.25, 4.98			13.50, 75.90, 5.62
8.27, 57.44, 6.94			10.97, 54.29, 4.95			12.40, 53.33, 4.30
8.70, 57.09, 6.56			11.48, 61.45, 5.35			14.09, 68.95, 4.89
8.83, 58.79, 6.66			11.04, 47.05, 4.26			13.16, 69.77, 5.30
7.96, 51.80, 6.51			11.26, 57.89, 5.14			13.54, 65.69, 4.85
7.45, 53.27, 7.15			11.50, 58.00, 5.04			13.60, 89.83, 6.61
8.03, 50.46, 6.28			11.07, 62.95, 5.69			12.99, 70.51, 5.43
8.00, 48.08, 6.01			11.93, 55.48, 4.65			13.25, 66.99, 5.05
8.64, 58.38, 6.76			11.83, 57.88, 4.89			13.01, 67.02, 5.15
8.70, 50.59, 5.81			11.50, 60.34, 5.25			12.31, 85.13, 6.91
8.47, 51.83, 6.12			11.55, 60.60, 5.24			11.90, 54.85, 4.61
8.55, 51.83, 6.06			12.08, 71.31, 5.90			13.08, 68.40, 5.23
8.33, 48.68, 5.84			11.80, 55.17, 4.68			12.77, 76.58, 6.00
8.55, 58.14, 6.80			12.30, 51.96, 4.23			12.81, 55.93, 4.37
7.80, 51.37, 6.59			11.45, 60.36, 5.27			13.49, 62.51, 4.63
8.73, 50.72, 5.81			12.50, 66.78, 5.34			13.68, 56.90, 4.16
8.55, 52.78, 6.17			11.46, 57.83, 5.04			14.19, 68.11, 4.80
8.10, 57.13, 7.06			11.28, 59.81, 5.30			12.79, 62.02, 4.85
7.36, 59.71, 8.11			10.94, 57.86, 5.29			12.66, 53.45, 4.22
8.70, 53.52, 6.15			11.37, 59.38, 5.22			13.03, 68.84, 5.28
7.62, 46.58, 6.12			12.01, 59.02, 4.91			13.63, 61.55, 4.51
8.41, 50.94, 6.06			11.49, 51.23, 4.46			12.71, 59.97, 4.72
7.75, 43.32, 5.59			11.57, 56.64, 4.90			13.44, 58.93, 4.39
8.07, 48.83, 6.05			12.70, 60.78, 4.79			13.54, 68.83, 5.08
9.18, 52.79, 5.75			11.39, 55.22, 4.85			13.34, 67.10, 5.03
8.89, 51.85, 5.83			11.42, 59.16, 5.18			13.47, 72.42, 5.38
9.08, 51.19, 5.64			11.63, 56.98, 4.90			12.80, 56.72, 4.43
8.31, 47.41, 5.70			11.06, 64.20, 5.80			12.37, 64.56, 5.22
9.02, 47.96, 5.32			12.00, 66.74, 5.56			12.34, 55.08, 4.46
8.72, 51.55, 5.91			10.65, 48.02, 4.51			12.73, 66.42, 5.22
7.44, 46.98, 6.31			12.03, 53.91, 4.48			13.21, 66.29, 5.02
8.26, 47.62, 5.77			11.16, 56.09, 5.03			13.65, 90.85, 6.65
8.32, 50.85, 6.11			11.65, 62.84, 5.39			13.26, 80.07, 6.04
8.37, 57.85, 6.91			10.92, 66.29, 6.07			13.16, 62.63, 4.76
8.76, 54.98, 6.28			11.28, 64.24, 5.70			13.08, 63.95, 4.89
8.49, 49.91, 5.88			10.95, 50.79, 4.64			12.80, 69.94, 5.47
7.99, 56.62, 7.09			12.08, 64.01, 5.30			13.51, 71.43, 5.29
8.06, 50.69, 6.29			11.55, 59.99, 5.19			13.21, 71.09, 5.38
9.00, 50.78, 5.64			11.24, 61.37, 5.46			13.79, 69.91, 5.07
7.41, 37.53, 5.06			12.13, 58.07, 4.79			13.20, 84.14, 6.37
8.40, 47.03, 5.60			12.34, 60.31, 4.89			12.57, 60.90, 4.85
8.94, 55.48, 6.21			11.85, 58.86, 4.97			13.03, 63.70, 4.89
8.30, 65.80, 7.93			11.15, 52.23, 4.68			11.50, 54.32, 4.72
8.28, 52.91, 6.39			11.75, 53.66, 4.57			12.88, 68.84, 5.34
7.47, 57.29, 7.67			11.72, 60.48, 5.16			12.21, 66.45, 5.44
8.06, 48.70, 6.04			10.73, 54.47, 5.08			12.61, 59.56, 4.72
8.14, 55.99, 6.88			11.92, 56.96, 4.78			12.72, 59.78, 4.70
8.39, 51.48, 6.14			11.40, 59.34, 5.20			13.50, 68.01, 5.04
9.12, 53.78, 5.90			11.71, 60.71, 5.19			14.18, 66.58, 4.69
8.57, 52.43, 6.11			12.13, 58.52, 4.82			12.81, 61.83, 4.83
9.02, 52.92, 5.87			11.46, 55.54, 4.85			13.61, 68.46, 5.03
9.20, 54.95, 5.97			11.48, 65.11, 5.67			11.13, 54.93, 4.94
8.24, 44.66, 5.42			11.63, 60.83, 5.23			11.39, 55.22, 4.85
6.90, 45.74, 6.63			10.92, 57.06, 5.22			10.92, 59.16, 5.42
8.37, 52.94, 6.33			10.93, 51.18, 4.68			13.14, 72.64, 5.53
8.18, 53.91, 6.59			10.86, 62.80, 5.78			10.66, 57.15, 5.36
8.33, 48.93, 5.87			11.62, 53.02, 4.56			11.87, 58.63, 4.94
8.42, 52.61, 6.25			12.20, 58.23, 4.77			12.86, 64.33, 5.00
9.14, 45.58, 4.98			11.19, 56.83, 5.08			12.77, 67.58, 5.29
8.42, 50.05, 5.94			11.97, 60.88, 5.08			12.74, 71.07, 5.58
8.35, 54.10, 6.48			11.83, 59.27, 5.01			13.26, 78.30, 5.91
8.24, 53.14, 6.45			11.40, 51.24, 4.49			13.48, 68.97, 5.12
8.38, 52.35, 6.24			10.53, 47.76, 4.53			12.40, 52.88, 4.27
7.85, 52.12, 6.64			12.24, 61.17, 5.00			12.61, 60.05, 4.76
8.68, 58.80, 6.77			11.79, 68.37, 5.80			13.00, 62.01, 4.77
8.31, 50.47, 6.08			11.03, 54.30, 4.92			12.77, 62.62, 4.90
8.68, 53.33, 6.14			11.30, 57.03, 5.05			13.43, 59.67, 4.44
8.39, 50.27, 5.99			11.39, 61.12, 5.37			12.49, 49.35, 3.95
9.03, 48.89, 5.42			11.49, 57.11, 4.97			12.43, 61.16, 4.92
8.15, 48.17, 5.91			11.88, 59.24, 4.99			12.31, 66.12, 5.37
8.84, 54.40, 6.15			11.11, 64.36, 5.80			13.73, 60.35, 4.40
8.74, 52.74, 6.03			12.59, 59.46, 4.72			13.13, 58.23, 4.43
8.37, 52.12, 6.23			11.66, 59.19, 5.08			13.40, 67.62, 5.05
8.03, 47.47, 5.91			11.89, 58.41, 4.91			12.69, 71.54, 5.64
7.75, 48.71, 6.28			12.32, 54.80, 4.45			12.30, 59.19, 4.81
7.63, 47.82, 6.27			11.71, 65.18, 5.57			14.14, 68.84, 4.87
7.10, 44.50, 6.27			11.73, 48.90, 4.17			12.87, 63.83, 4.96
8.72, 48.91, 5.61			11.57, 52.51, 4.54			14.09, 67.64, 4.80
8.34, 57.76, 6.93			10.66, 54.30, 5.09			13.36, 64.94, 4.86
8.69, 52.93, 6.09			11.67, 59.79, 5.12			13.11, 59.12, 4.51
7.96, 53.13, 6.67			11.40, 53.63, 4.70			12.41, 60.31, 4.86
9.28, 51.26, 5.52			11.45, 57.87, 5.05			12.34, 66.38, 5.38
8.96, 50.69, 5.65			11.51, 62.78, 5.45			13.57, 69.09, 5.09
8.39, 51.26, 6.11			11.91, 63.07, 5.30			12.54, 66.66, 5.32
8.25, 63.05, 7.65			11.94, 57.70, 4.83			14.30, 68.49, 4.79
8.28, 51.29, 6.19			11.59, 57.60, 4.97			13.45, 58.12, 4.32
8.02, 49.83, 6.21			12.17, 68.61, 5.64			13.85, 64.62, 4.67
8.44, 50.97, 6.04			11.62, 56.84, 4.89			12.19, 68.03, 5.58
8.44, 58.09, 6.88			12.00, 62.08, 5.17			13.64, 69.37, 5.09
8.15, 52.18, 6.41			12.00, 60.33, 5.03			12.93, 61.28, 4.74
7.76, 48.10, 6.20			11.78, 65.08, 5.52			13.16, 70.95, 5.39
7.95, 49.84, 6.27			11.19, 54.20, 4.84			13.04, 64.88, 4.97
8.72, 54.55, 6.25			11.81, 55.81, 4.73			12.09, 56.91, 4.71
8.25, 54.70, 6.63			10.78, 57.48, 5.33			12.46, 65.58, 5.26
8.14, 47.67, 5.85			10.59, 49.76, 4.70			13.42, 65.12, 4.85
8.96, 55.06, 6.14			11.19, 51.49, 4.60			12.45, 55.74, 4.48
7.27, 51.19, 7.04			10.83, 45.07, 4.16			13.27, 58.54, 4.41
8.49, 50.15, 5.91			10.55, 45.00, 4.26			13.39, 64.23, 4.80
7.92, 45.17, 5.70			11.69, 95.12, 8.14			12.27, 68.81, 5.61
7.78, 55.64, 7.16			10.84, 51.02, 4.71			12.97, 61.80, 4.77
8.51, 46.83, 5.50			10.90, 54.05, 4.96			12.46, 76.36, 6.13
7.19, 45.32, 6.31			10.96, 53.57, 4.89			12.47, 61.53, 4.93
8.11, 55.47, 6.84			10.99, 58.91, 5.36			13.47, 59.91, 4.45
7.80, 50.61, 6.49			11.51, 54.51, 4.73			12.72, 64.32, 5.06
8.18, 51.91, 6.35			11.68, 59.87, 5.12			13.16, 60.80, 4.62
7.92, 47.82, 6.03			10.89, 58.29, 5.35			12.01, 59.87, 4.99
7.69, 39.54, 5.14			11.23, 59.51, 5.30			12.87, 68.65, 5.33
6.57, 39.47, 6.01			11.33, 50.86, 4.49			12.69, 61.34, 4.83
6.00, 37.70, 6.28			10.48, 52.57, 5.02			13.74, 66.73, 4.86
5.99, 43.17, 7.20			10.92, 57.68, 5.28			12.16, 50.56, 4.16
5.92, 32.27, 5.45			10.98, 52.62, 4.79			13.09, 60.05, 4.59
5.26, 30.54, 5.80			11.24, 43.37, 3.86			13.21, 59.36, 4.49
5.15, 29.55, 5.74			11.18, 47.86, 4.28			12.78, 62.57, 4.89
5.66, 39.74, 7.02			10.73, 53.18, 4.96			12.26, 61.96, 5.05
5.56, 32.72, 5.89			11.17, 49.01, 4.39			13.11, 63.93, 4.88
5.89, 37.09, 6.30			11.29, 53.06, 4.70			12.63, 69.75, 5.52
6.22, 34.34, 5.52			11.07, 51.55, 4.66			12.68, 59.75, 4.71
6.37, 48.60, 7.63			11.95, 57.00, 4.77			12.96, 65.08, 5.02
9.03, 54.31, 6.01			11.87, 51.23, 4.32			12.77, 56.34, 4.41
8.65, 47.75, 5.52			11.02, 59.28, 5.38			13.49, 62.03, 4.60
8.97, 91.23, 10.17			10.99, 53.49, 4.87			13.09, 67.38, 5.15
8.84, 59.40, 6.72			10.25, 55.62, 5.43			12.99, 64.48, 4.96
8.74, 53.49, 6.12			11.08, 52.26, 4.72			13.34, 62.40, 4.68
8.55, 46.19, 5.40			10.90, 55.16, 5.06			13.53, 64.02, 4.73
8.95, 74.76, 8.35			11.21, 50.47, 4.50			13.45, 62.19, 4.62
8.68, 56.13, 6.47			10.92, 77.98, 7.14			13.05, 55.61, 4.26
8.58, 52.06, 6.07			10.80, 50.79, 4.70			13.17, 66.94, 5.08
8.88, 57.34, 6.46			10.96, 53.32, 4.87			12.49, 69.52, 5.57
8.46, 52.95, 6.26			11.22, 54.16, 4.83			12.80, 54.18, 4.23
8.94, 62.96, 7.04			11.23, 53.29, 4.74			13.36, 62.90, 4.71
8.71, 53.05, 6.09			11.14, 45.71, 4.10			13.25, 61.44, 4.64
8.89, 56.28, 6.33			11.34, 54.52, 4.81			13.27, 64.90, 4.89
8.15, 48.78, 5.98			10.78, 51.11, 4.74			12.58, 60.19, 4.79
8.86, 55.06, 6.22			11.48, 58.68, 5.11			13.21, 58.93, 4.46
8.27, 43.28, 5.23			10.97, 62.78, 5.72			11.81, 64.50, 5.46
8.29, 45.64, 5.51			10.73, 61.12, 5.70			12.26, 62.38, 5.09
8.03, 53.06, 6.61			11.91, 69.73, 5.86			13.57, 71.61, 5.28
8.10, 49.43, 6.10			11.65, 54.46, 4.68			12.55, 65.06, 5.18
7.57, 43.56, 5.75			11.24, 55.67, 4.95			12.26, 57.15, 4.66
8.95, 58.88, 6.58			11.06, 66.19, 5.98			11.92, 62.43, 5.24
19.31, 68.40, 3.54			11.09, 51.55, 4.65			11.81, 58.67, 4.97
8.74, 48.15, 5.51			11.34, 55.33, 4.88			12.17, 55.95, 4.60
6.59, 43.84, 6.65			11.33, 52.18, 4.61			12.55, 80.92, 6.45
6.37, 46.79, 7.35			11.19, 68.97, 6.17			12.36, 63.48, 5.13
6.34, 71.64, 11.29			10.89, 61.91, 5.68			11.90, 60.13, 5.05
6.16, 32.38, 5.26			11.44, 50.93, 4.45			12.12, 54.73, 4.52
6.33, 38.41, 6.07			11.09, 57.47, 5.18			11.79, 62.57, 5.31
6.28, 36.52, 5.82			11.26, 52.70, 4.68			12.26, 66.58, 5.43
6.34, 42.83, 6.76			10.94, 54.44, 4.97			12.08, 56.94, 4.71
8.38, 48.95, 5.84			10.80, 55.56, 5.15			11.92, 66.70, 5.60
6.72, 42.05, 6.26			11.17, 63.68, 5.70			12.31, 59.33, 4.82
10.24, 57.54, 5.62			11.01, 50.99, 4.63			12.57, 65.90, 5.24
9.02, 56.52, 6.26			10.98, 49.04, 4.47			13.03, 65.63, 5.04
9.26, 49.81, 5.38			11.35, 46.17, 4.07			11.45, 73.93, 6.46
7.58, 47.70, 6.29			10.98, 58.99, 5.37			12.95, 79.12, 6.11
7.27, 49.55, 6.81			10.98, 66.41, 6.05			12.25, 62.51, 5.10
7.02, 48.70, 6.94			10.90, 58.17, 5.34			12.83, 66.34, 5.17
6.85, 48.04, 7.01			11.46, 63.95, 5.58			12.72, 63.56, 5.00
6.84, 52.31, 7.64			10.60, 47.09, 4.44			11.58, 63.98, 5.52
8.44, 65.05, 7.71			9.99, 54.29, 5.43			12.72, 65.27, 5.13
10.76, 60.12, 5.59			11.45, 56.12, 4.90			12.87, 68.47, 5.32
9.26, 51.45, 5.56			11.67, 60.68, 5.20			11.95, 61.90, 5.18
8.79, 51.20, 5.82			10.95, 58.26, 5.32			12.57, 60.71, 4.83
9.41, 56.40, 5.99			10.92, 47.09, 4.31			12.63, 59.81, 4.73
8.39, 52.02, 6.20			10.95, 60.38, 5.51			12.84, 75.30, 5.87
8.63, 50.68, 5.87			11.72, 52.28, 4.46			12.11, 62.56, 5.17
8.91, 52.57, 5.90			11.05, 60.22, 5.45			12.29, 69.22, 5.63
9.71, 52.66, 5.42			11.16, 55.17, 4.94			12.48, 67.10, 5.38
9.13, 54.30, 5.95			11.27, 53.16, 4.72			12.03, 54.09, 4.50
8.98, 55.12, 6.14			11.05, 54.81, 4.96			12.22, 64.27, 5.26
8.27, 53.19, 6.44			10.65, 48.05, 4.51			12.52, 58.23, 4.65
7.89, 42.13, 5.34			11.03, 44.89, 4.07			12.60, 59.82, 4.75
7.96, 45.23, 5.68			10.93, 81.95, 7.50			12.79, 61.38, 4.80
8.67, 52.79, 6.09			11.33, 53.59, 4.73			12.40, 64.51, 5.20
8.37, 49.77, 5.95			10.75, 49.07, 4.57			12.85, 62.09, 4.83
8.87, 56.59, 6.38			11.48, 56.12, 4.89			13.78, 74.68, 5.42
8.40, 48.28, 5.75			10.84, 46.96, 4.33			12.64, 57.33, 4.53
9.42, 52.39, 5.56			10.02, 53.36, 5.32			12.62, 58.79, 4.66
9.53, 57.78, 6.06			11.24, 51.16, 4.55			12.67, 71.90, 5.67
8.52, 53.82, 6.31			11.35, 58.94, 5.19			12.43, 53.51, 4.30
8.97, 54.35, 6.06			10.95, 45.29, 4.14			13.76, 63.70, 4.63
7.63, 48.25, 6.32			12.11, 66.01, 5.45			13.48, 65.65, 4.87
8.49, 54.41, 6.41			11.64, 52.93, 4.55			12.42, 65.92, 5.31
7.79, 40.98, 5.26			11.49, 57.27, 4.98			12.57, 63.29, 5.04
8.59, 52.76, 6.14			11.66, 55.45, 4.76			11.95, 69.90, 5.85
8.34, 49.14, 5.89			11.80, 59.62, 5.05			13.09, 62.94, 4.81
9.22, 55.92, 6.06			12.11, 57.12, 4.72			12.61, 64.07, 5.08
8.85, 49.72, 5.62			11.92, 63.01, 5.28			13.07, 54.95, 4.20
7.95, 54.02, 6.79			11.39, 54.58, 4.79			11.26, 51.91, 4.61
8.93, 53.85, 6.03			11.18, 63.20, 5.65			12.77, 63.28, 4.96
8.49, 52.37, 6.17			12.44, 57.63, 4.63			12.22, 66.48, 5.44
8.75, 49.38, 5.64			11.46, 58.60, 5.11			12.68, 68.10, 5.37
9.13, 53.74, 5.89			11.65, 57.97, 4.98			12.41, 51.79, 4.17
8.14, 50.20, 6.17			11.29, 64.57, 5.72			12.94, 65.72, 5.08
9.11, 56.78, 6.23			10.87, 55.62, 5.11			14.01, 80.24, 5.73
8.95, 51.76, 5.78			11.61, 69.91, 6.02			12.85, 63.57, 4.95
8.11, 54.16, 6.68			11.95, 55.70, 4.66			12.78, 64.27, 5.03
9.32, 50.56, 5.42			12.71, 58.82, 4.63			12.49, 66.69, 5.34
8.58, 47.56, 5.54			11.52, 64.27, 5.58			12.54, 59.73, 4.77
9.07, 50.05, 5.52			11.68, 55.90, 4.78			12.57, 69.28, 5.51
7.92, 45.76, 5.78			11.23, 56.72, 5.05			13.10, 70.90, 5.41
8.80, 52.85, 6.01			11.47, 58.15, 5.07			12.42, 58.53, 4.71
9.11, 52.62, 5.78			12.22, 64.46, 5.28			13.39, 65.80, 4.91
9.05, 50.49, 5.58			11.46, 52.89, 4.62			12.66, 63.78, 5.04
9.17, 54.05, 5.89			11.14, 58.92, 5.29			12.13, 58.91, 4.86
8.74, 50.14, 5.74			11.69, 56.72, 4.85			12.94, 68.86, 5.32
8.43, 50.04, 5.94			11.38, 55.42, 4.87			13.21, 63.26, 4.79
8.15, 50.07, 6.14			12.11, 59.31, 4.90			12.09, 62.71, 5.18
9.09, 48.90, 5.38			12.25, 58.42, 4.77			13.37, 60.27, 4.51
9.45, 49.12, 5.20			10.95, 60.69, 5.54			12.69, 53.61, 4.22
9.21, 49.34, 5.35			10.96, 55.58, 5.07			13.51, 66.73, 4.94
8.90, 54.13, 6.09			10.58, 57.30, 5.41			12.24, 57.02, 4.66
9.30, 55.07, 5.92			11.74, 63.05, 5.37			13.72, 69.12, 5.04
8.34, 38.56, 4.62			11.61, 60.69, 5.23			12.68, 58.65, 4.63
9.36, 51.01, 5.45			12.05, 56.14, 4.66			13.38, 70.82, 5.29
8.91, 52.95, 5.94			11.06, 61.22, 5.54			13.71, 62.27, 4.54
9.76, 54.31, 5.56			11.89, 58.19, 4.90			12.84, 68.86, 5.36
9.54, 52.99, 5.55			10.82, 53.39, 4.94			12.77, 62.08, 4.86
9.20, 51.12, 5.56			10.73, 49.06, 4.57			12.74, 52.94, 4.16
8.59, 47.31, 5.51			11.15, 51.58, 4.62			13.51, 70.41, 5.21
9.11, 52.11, 5.72			10.71, 44.17, 4.12			12.87, 58.58, 4.55
9.13, 52.55, 5.76			10.65, 46.02, 4.32			12.30, 60.42, 4.91
9.72, 51.16, 5.26			10.87, 55.05, 5.06			13.00, 69.62, 5.36
9.60, 50.11, 5.22			11.27, 51.93, 4.61			13.26, 68.70, 5.18
9.38, 61.77, 6.58			10.75, 48.16, 4.48			12.31, 64.14, 5.21
8.70, 51.59, 5.93			10.57, 51.64, 4.89			13.33, 60.96, 4.57
8.77, 49.90, 5.69			11.28, 55.66, 4.94			11.95, 55.82, 4.67
9.59, 50.04, 5.22			10.58, 49.08, 4.64			11.41, 57.13, 5.01
9.11, 64.96, 7.13			10.83, 47.98, 4.43			12.66, 60.47, 4.78
10.08, 59.79, 5.93			10.72, 59.75, 5.58			13.35, 62.28, 4.66
9.76, 52.96, 5.42			11.40, 56.44, 4.95			13.08, 67.74, 5.18
8.92, 53.88, 6.04			10.88, 62.07, 5.70			12.31, 63.23, 5.14
9.03, 46.38, 5.14			10.44, 56.87, 5.45			13.61, 62.39, 4.59
9.32, 55.02, 5.91			10.51, 54.87, 5.22			12.50, 66.00, 5.28
8.54, 48.92, 5.73			10.59, 47.22, 4.46			12.48, 52.93, 4.24
8.20, 53.48, 6.52			11.24, 59.18, 5.26			12.50, 73.71, 5.89
9.06, 50.74, 5.60			10.10, 58.56, 5.80			13.01, 61.05, 4.69
9.00, 48.57, 5.40			11.00, 51.56, 4.69			12.00, 70.79, 5.90
8.36, 47.83, 5.72			10.94, 59.41, 5.43			12.04, 65.34, 5.43
9.58, 53.17, 5.55			10.34, 47.24, 4.57			13.98, 75.12, 5.37
9.29, 50.27, 5.41			10.46, 45.43, 4.34			13.00, 57.93, 4.45
9.32, 48.03, 5.15			10.16, 59.48, 5.85			11.90, 64.54, 5.42
8.80, 46.91, 5.33			11.16, 48.77, 4.37			12.44, 59.63, 4.79
8.55, 51.66, 6.04			11.05, 58.66, 5.31			11.96, 58.78, 4.91
9.15, 52.82, 5.77			11.34, 55.07, 4.86			12.13, 58.97, 4.86
9.17, 52.35, 5.71			11.44, 67.62, 5.91			11.36, 64.13, 5.65
9.15, 54.54, 5.96			10.78, 50.56, 4.69			11.88, 61.07, 5.14
8.97, 50.74, 5.66			11.35, 49.93, 4.40			12.45, 78.05, 6.27
8.41, 49.20, 5.85			11.28, 57.34, 5.09			11.99, 59.30, 4.95
9.05, 50.61, 5.59			11.53, 67.53, 5.86			11.35, 57.99, 5.11
9.72, 49.20, 5.06			11.77, 55.56, 4.72			11.97, 57.80, 4.83
9.27, 54.99, 5.93			11.34, 53.12, 4.69			11.59, 63.41, 5.47
8.93, 52.35, 5.86			11.30, 55.84, 4.94			12.15, 65.91, 5.42
8.65, 52.23, 6.04			11.62, 57.57, 4.96			12.22, 65.52, 5.36
9.21, 52.03, 5.65			11.31, 49.15, 4.35			11.53, 67.33, 5.84
9.22, 53.41, 5.80			11.63, 58.82, 5.06			12.77, 57.38, 4.49
8.46, 45.19, 5.34			12.17, 57.69, 4.74			12.34, 69.31, 5.62
9.70, 50.74, 5.23			13.18, 70.95, 5.38			11.85, 55.15, 4.65
8.75, 59.69, 6.82			11.99, 76.81, 6.40			11.32, 60.55, 5.35
8.95, 44.40, 4.96			12.35, 70.74, 5.73			12.41, 61.86, 4.98
9.08, 53.67, 5.91			11.25, 56.77, 5.04			11.86, 60.06, 5.06
9.85, 56.40, 5.73			12.44, 58.67, 4.72			11.70, 56.77, 4.85
9.52, 55.43, 5.82			12.98, 59.12, 4.56			11.90, 60.58, 5.09
9.42, 52.06, 5.52			11.71, 55.10, 4.71			12.54, 62.97, 5.02
9.27, 51.39, 5.54			12.37, 55.12, 4.46			11.43, 53.15, 4.65
8.95, 54.08, 6.04			11.22, 57.33, 5.11			12.15, 69.01, 5.68
9.45, 64.19, 6.79			11.90, 62.31, 5.24			12.08, 58.78, 4.86
9.02, 52.90, 5.86			12.61, 70.66, 5.61			12.43, 64.62, 5.20
8.07, 51.84, 6.43			10.59, 53.78, 5.08			12.58, 73.17, 5.82
9.71, 49.10, 5.06			11.61, 65.10, 5.61			12.15, 66.53, 5.48
8.79, 50.46, 5.74			12.30, 91.34, 7.43			11.65, 55.64, 4.78
8.97, 55.18, 6.15			11.76, 58.76, 4.99			12.51, 54.57, 4.36
9.58, 55.60, 5.80			11.44, 52.64, 4.60			11.74, 57.96, 4.94
8.70, 47.51, 5.46			11.70, 61.67, 5.27			11.64, 54.01, 4.64
8.97, 51.08, 5.69			12.29, 52.93, 4.31			12.60, 64.83, 5.15
9.09, 50.64, 5.57			11.81, 63.89, 5.41			11.72, 60.70, 5.18
9.05, 49.91, 5.52			11.87, 68.38, 5.76			12.46, 59.90, 4.81
8.37, 54.22, 6.48			11.76, 55.05, 4.68			12.49, 62.98, 5.04
9.58, 53.30, 5.57			11.58, 57.59, 4.97			12.11, 58.11, 4.80
9.15, 49.65, 5.43			11.77, 75.12, 6.38			11.75, 61.96, 5.27
8.55, 53.12, 6.21			11.79, 63.49, 5.38			11.97, 66.94, 5.59
8.85, 54.88, 6.20			11.73, 50.81, 4.33			12.26, 63.73, 5.20
8.47, 47.29, 5.59			11.43, 52.92, 4.63			11.90, 59.66, 5.01
9.00, 52.65, 5.85			11.65, 56.05, 4.81			11.47, 58.69, 5.12
8.72, 46.26, 5.30			11.61, 57.72, 4.97			11.49, 57.54, 5.01
8.07, 52.85, 6.55			11.38, 65.83, 5.78			11.67, 62.64, 5.37
9.28, 49.82, 5.37			11.74, 60.99, 5.19			11.90, 60.61, 5.09
8.47, 45.40, 5.36			11.91, 67.34, 5.66			11.24, 63.44, 5.64
9.03, 48.77, 5.40			12.06, 58.84, 4.88			12.36, 56.12, 4.54
8.95, 50.52, 5.65			11.39, 53.90, 4.73			12.55, 57.98, 4.62
8.83, 53.80, 6.09			11.57, 57.10, 4.94			12.39, 66.42, 5.36
8.84, 47.76, 5.40			12.93, 68.95, 5.33			13.21, 70.25, 5.32
8.52, 51.75, 6.08			11.65, 57.01, 4.89			12.60, 57.32, 4.55
9.39, 51.78, 5.51			11.72, 56.20, 4.80			11.90, 62.03, 5.21
8.39, 57.56, 6.86			12.46, 55.72, 4.47			12.31, 66.12, 5.37
8.41, 45.31, 5.39			11.79, 51.34, 4.35			12.04, 58.57, 4.87
9.02, 54.33, 6.02			11.12, 51.07, 4.59			12.75, 63.14, 4.95
8.30, 51.95, 6.26			11.88, 59.36, 4.99			13.62, 82.34, 6.04
9.21, 46.62, 5.06			12.17, 70.48, 5.79			12.45, 54.99, 4.42
9.69, 55.02, 5.68			11.38, 48.69, 4.28			13.69, 75.38, 5.51
8.74, 49.48, 5.66			11.50, 52.29, 4.55			13.61, 69.08, 5.07
8.62, 53.89, 6.25			12.03, 56.45, 4.69			13.28, 67.04, 5.05
8.32, 47.09, 5.66			12.09, 58.96, 4.87			13.21, 77.16, 5.84
8.54, 51.37, 6.01			11.98, 55.89, 4.67			12.41, 63.99, 5.16
9.04, 52.65, 5.82			11.95, 51.17, 4.28			12.36, 53.06, 4.29
8.28, 40.67, 4.91			12.50, 65.24, 5.22			12.67, 58.77, 4.64
8.87, 44.46, 5.01			11.82, 68.63, 5.81			13.09, 64.12, 4.90
9.20, 52.03, 5.65			12.46, 61.41, 4.93			13.90, 62.72, 4.51
9.04, 52.14, 5.77			11.81, 57.46, 4.86			12.67, 57.56, 4.54
8.45, 48.55, 5.74			11.27, 57.11, 5.07			12.90, 54.78, 4.25
8.96, 53.56, 5.97			11.89, 64.18, 5.40			13.25, 63.83, 4.82
8.93, 53.81, 6.02			11.31, 55.71, 4.93			13.62, 62.10, 4.56
8.07, 47.88, 5.93			10.86, 53.77, 4.95			13.35, 76.77, 5.75
8.72, 50.56, 5.80			12.16, 57.57, 4.73			13.32, 61.78, 4.64
8.69, 51.86, 5.96			11.84, 70.80, 5.98			12.22, 52.86, 4.33
8.94, 55.60, 6.22			11.84, 60.15, 5.08			12.07, 59.57, 4.94
8.43, 50.58, 6.00			11.02, 59.21, 5.37			13.13, 67.31, 5.13
9.04, 51.13, 5.66			11.52, 55.82, 4.85			14.06, 67.70, 4.82
9.09, 52.08, 5.73			11.20, 53.71, 4.79			12.57, 66.55, 5.30
8.32, 53.70, 6.45			12.15, 47.36, 3.90			14.04, 75.68, 5.39
8.84, 55.08, 6.23			11.86, 58.17, 4.91			12.95, 66.43, 5.13
9.38, 56.53, 6.03			11.91, 49.13, 4.13			13.12, 61.83, 4.71
9.19, 54.33, 5.91			11.71, 49.83, 4.26			13.56, 63.10, 4.65
8.85, 50.81, 5.74			11.52, 53.83, 4.67			13.35, 69.05, 5.17
8.92, 68.36, 7.67			11.94, 57.28, 4.80			13.29, 61.85, 4.65
8.67, 50.49, 5.82			10.77, 51.83, 4.81			13.32, 66.70, 5.01
8.41, 50.43, 5.99			11.98, 61.33, 5.12			12.95, 66.05, 5.10
8.96, 52.88, 5.90			11.46, 56.35, 4.92			12.66, 59.51, 4.70
9.10, 49.01, 5.39			10.80, 41.83, 3.87			12.55, 57.85, 4.61
9.27, 52.72, 5.69			10.80, 53.98, 5.00			13.47, 71.80, 5.33
8.56, 52.89, 6.18			11.21, 58.42, 5.21			13.46, 60.01, 4.46
8.95, 53.54, 5.98			11.15, 52.98, 4.75			12.68, 61.83, 4.87
9.66, 58.00, 6.00			10.99, 56.24, 5.12			12.95, 67.68, 5.23
8.79, 49.56, 5.64			12.45, 53.97, 4.34			13.55, 71.86, 5.30
8.73, 55.03, 6.30			11.62, 64.02, 5.51			12.50, 61.63, 4.93
8.13, 54.03, 6.64			12.81, 59.37, 4.64			12.65, 68.84, 5.44
9.86, 53.47, 5.42			11.96, 68.94, 5.76			13.50, 69.21, 5.13
8.25, 47.72, 5.79			12.08, 65.27, 5.40			13.29, 65.14, 4.90
7.91, 55.65, 7.04			12.26, 59.36, 4.84			13.27, 63.58, 4.79
8.71, 51.15, 5.87			12.39, 58.57, 4.73			13.35, 59.33, 4.44
8.98, 55.58, 6.19			11.83, 58.21, 4.92			12.38, 55.81, 4.51
8.58, 51.28, 5.98			11.29, 56.98, 5.04			13.04, 59.87, 4.59
8.52, 41.07, 4.82			12.13, 73.29, 6.04			13.78, 65.54, 4.76
9.16, 49.70, 5.43			12.07, 57.86, 4.79			12.91, 58.82, 4.56
8.24, 49.22, 5.97			11.79, 59.61, 5.06			12.33, 62.14, 5.04
8.30, 55.58, 6.70			11.99, 58.33, 4.86			13.08, 63.23, 4.84
8.91, 51.16, 5.74			11.62, 56.98, 4.90			13.03, 56.86, 4.36
8.49, 51.03, 6.01			12.55, 66.63, 5.31			12.67, 60.99, 4.81
8.59, 49.43, 5.76			10.87, 48.96, 4.50			12.63, 66.92, 5.30
8.07, 39.61, 4.91			10.78, 59.09, 5.48			12.62, 60.94, 4.83
8.65, 58.24, 6.73			11.16, 54.53, 4.89			12.82, 55.70, 4.35
8.44, 52.80, 6.25			10.70, 55.88, 5.22			12.66, 59.54, 4.70
9.32, 53.54, 5.74			12.56, 55.58, 4.43			13.51, 60.51, 4.48
9.62, 53.82, 5.59			11.37, 58.04, 5.10			13.99, 66.20, 4.73
8.33, 54.91, 6.59			11.22, 63.11, 5.63			13.68, 70.11, 5.13
9.55, 53.99, 5.66			12.34, 58.07, 4.71			13.44, 66.64, 4.96
8.39, 57.77, 6.89			11.61, 62.99, 5.43			12.64, 56.21, 4.45
8.27, 51.81, 6.27			12.21, 63.52, 5.20			13.41, 66.55, 4.96
8.68, 53.43, 6.16			11.50, 58.48, 5.08			12.29, 62.90, 5.12
9.06, 53.14, 5.87			10.18, 38.70, 3.80			13.17, 67.99, 5.16
7.98, 41.97, 5.26			11.67, 56.89, 4.87			13.85, 66.64, 4.81
9.37, 52.14, 5.57			11.19, 53.90, 4.82			12.76, 58.21, 4.56
9.04, 51.15, 5.66			11.46, 64.10, 5.60			12.74, 69.79, 5.48
8.51, 50.42, 5.92			11.47, 59.55, 5.19			12.85, 66.97, 5.21
9.00, 52.08, 5.79			10.81, 57.37, 5.31			13.27, 68.69, 5.18
8.76, 50.06, 5.71			11.04, 59.99, 5.43			11.92, 63.29, 5.31
9.06, 54.89, 6.06			11.89, 60.65, 5.10			13.44, 61.94, 4.61
8.93, 51.90, 5.81			11.86, 61.79, 5.21			13.09, 66.28, 5.06
8.47, 54.00, 6.37			11.25, 57.25, 5.09			14.08, 68.58, 4.87
8.79, 55.16, 6.27			11.27, 61.01, 5.41			13.52, 66.55, 4.92
8.51, 48.59, 5.71			11.28, 53.87, 4.77			13.78, 70.59, 5.12
8.98, 53.23, 5.93			11.41, 49.43, 4.33			12.28, 65.08, 5.30
8.35, 49.90, 5.98			11.18, 58.33, 5.22			13.15, 56.51, 4.30
8.79, 55.93, 6.36			11.52, 60.74, 5.27			12.99, 60.60, 4.66
8.51, 53.71, 6.31			12.31, 66.09, 5.37			13.67, 60.12, 4.40
9.93, 51.51, 5.19			11.55, 56.37, 4.88			12.40, 67.03, 5.40
9.18, 54.60, 5.95			11.62, 61.03, 5.25			13.18, 63.02, 4.78
8.83, 50.36, 5.70			11.56, 58.49, 5.06			13.59, 75.69, 5.57
8.96, 69.30, 7.73			11.19, 58.73, 5.25			12.87, 57.99, 4.51
8.63, 55.10, 6.38			11.95, 56.71, 4.75			12.52, 69.95, 5.59
8.44, 51.49, 6.10			11.45, 51.60, 4.51			13.19, 71.20, 5.40
8.46, 52.63, 6.22			11.16, 51.73, 4.64			13.03, 59.37, 4.56
8.46, 47.81, 5.65			11.30, 58.09, 5.14			13.42, 66.95, 4.99
8.72, 42.22, 4.84			10.85, 54.37, 5.01			13.48, 68.33, 5.07
8.58, 44.95, 5.24			11.09, 48.83, 4.40			13.45, 72.18, 5.37
8.08, 49.46, 6.12			11.20, 57.82, 5.16			13.00, 67.96, 5.23
8.78, 70.02, 7.98			12.07, 53.75, 4.45			13.26, 67.89, 5.12
9.90, 69.42, 7.01			11.52, 52.96, 4.60			12.96, 63.54, 4.90
8.54, 50.23, 5.88			11.34, 58.00, 5.11			13.69, 64.34, 4.70
8.53, 46.68, 5.47			11.86, 66.45, 5.60			13.67, 62.16, 4.55
8.14, 38.43, 4.72			11.68, 56.78, 4.86			12.58, 64.62, 5.14
8.16, 57.90, 7.09			11.50, 58.69, 5.11			11.88, 61.53, 5.18
9.24, 55.15, 5.97			11.28, 54.14, 4.80			13.27, 57.79, 4.35
9.18, 53.28, 5.80			11.60, 60.81, 5.24			12.61, 62.16, 4.93
9.31, 51.34, 5.51			11.39, 62.93, 5.53			12.43, 62.54, 5.03
9.39, 52.04, 5.54			11.74, 60.01, 5.11			13.00, 70.73, 5.44
8.39, 47.84, 5.70			11.04, 56.70, 5.14			12.93, 63.70, 4.93
8.85, 45.04, 5.09			11.75, 63.17, 5.38			12.65, 70.16, 5.54
9.16, 53.70, 5.86			11.88, 57.03, 4.80			12.70, 62.31, 4.91
9.10, 53.18, 5.85			10.77, 57.49, 5.34			11.89, 66.47, 5.59
8.48, 66.74, 7.87			10.89, 52.81, 4.85			12.72, 53.35, 4.19
8.68, 47.30, 5.45			12.69, 69.46, 5.48			13.18, 58.79, 4.46
9.10, 51.28, 5.63			11.26, 55.23, 4.90			12.67, 65.19, 5.15
8.61, 55.09, 6.40			12.64, 60.77, 4.81			12.76, 65.57, 5.14
8.44, 41.60, 4.93			11.82, 58.27, 4.93			12.90, 65.49, 5.08
8.28, 46.12, 5.57			11.43, 61.80, 5.40			12.80, 58.83, 4.60
8.36, 62.40, 7.47			12.45, 66.25, 5.32			13.04, 68.49, 5.25
9.03, 49.89, 5.52			11.58, 56.79, 4.90			13.27, 61.16, 4.61
8.51, 50.74, 5.96			11.99, 56.96, 4.75			12.63, 57.11, 4.52
8.68, 53.73, 6.19			11.59, 61.46, 5.30			12.91, 66.35, 5.14
8.58, 53.28, 6.21			11.13, 58.76, 5.28			13.06, 67.00, 5.13
8.49, 48.04, 5.66			11.64, 58.77, 5.05			12.36, 67.19, 5.44
8.39, 52.94, 6.31			11.40, 62.37, 5.47			13.74, 80.47, 5.86
8.07, 48.54, 6.02			10.91, 58.19, 5.33			13.13, 59.38, 4.52
7.95, 54.87, 6.90			11.85, 58.97, 4.98			12.45, 58.99, 4.74
9.00, 53.56, 5.95			11.26, 57.26, 5.09			13.24, 68.88, 5.20
8.21, 50.81, 6.19			11.65, 55.79, 4.79			13.01, 61.48, 4.73
9.88, 53.07, 5.37			11.79, 57.66, 4.89			13.06, 61.27, 4.69
8.38, 49.10, 5.86			11.51, 59.61, 5.18			13.05, 64.55, 4.95
8.95, 52.16, 5.83			11.34, 56.57, 4.99			13.71, 73.29, 5.34
9.61, 54.27, 5.65			11.58, 57.69, 4.98			13.90, 60.36, 4.34
8.90, 49.38, 5.55			11.55, 65.65, 5.68			12.56, 61.47, 4.89
8.65, 51.73, 5.98			12.45, 58.89, 4.73			13.16, 59.53, 4.52
8.13, 53.60, 6.59			11.72, 58.55, 5.00			13.05, 65.81, 5.04
8.23, 48.68, 5.92			12.14, 59.66, 4.91			13.15, 60.19, 4.58
8.67, 52.88, 6.10			11.39, 59.64, 5.24			12.51, 69.45, 5.55
8.64, 43.40, 5.03			11.23, 62.49, 5.57			12.17, 52.34, 4.30
8.22, 61.80, 7.52			11.49, 38.88, 3.38			13.13, 65.90, 5.02
8.77, 51.82, 5.91			11.34, 60.07, 5.30			12.64, 68.72, 5.44
9.47, 52.36, 5.53			11.49, 58.41, 5.08			12.86, 75.18, 5.85
8.91, 51.73, 5.81			11.59, 56.05, 4.83			12.49, 67.13, 5.38
8.87, 52.78, 5.95			11.82, 58.99, 4.99			12.88, 58.61, 4.55
8.67, 61.31, 7.07			11.29, 53.88, 4.77			13.16, 69.02, 5.24
8.53, 51.19, 6.00			11.86, 59.72, 5.04			13.10, 61.85, 4.72
9.07, 49.29, 5.43			12.16, 62.49, 5.14			13.31, 70.38, 5.29
8.39, 51.48, 6.14			11.73, 54.47, 4.65			13.71, 60.37, 4.40
8.89, 51.89, 5.84			11.42, 59.19, 5.19			13.45, 85.64, 6.37
8.81, 52.33, 5.94			11.78, 59.30, 5.03			12.69, 65.13, 5.13
9.60, 52.22, 5.44			12.45, 68.01, 5.46			13.04, 69.41, 5.32
8.96, 56.58, 6.31			11.89, 70.97, 5.97			12.68, 84.59, 6.67
9.12, 53.02, 5.81			11.39, 56.81, 4.99			13.27, 69.29, 5.22
9.55, 52.84, 5.53			11.84, 58.42, 4.93			13.21, 62.92, 4.76
8.83, 49.23, 5.57			11.48, 57.42, 5.00			12.98, 57.34, 4.42
8.85, 52.79, 5.97			12.02, 59.13, 4.92			13.44, 67.98, 5.06
8.75, 51.38, 5.87			11.87, 54.34, 4.58			13.40, 69.78, 5.21
9.06, 53.46, 5.90			11.35, 49.93, 4.40			12.42, 71.77, 5.78
8.33, 50.47, 6.06			11.48, 58.29, 5.08			12.91, 69.32, 5.37
8.51, 53.56, 6.29			11.55, 56.28, 4.87			12.99, 60.38, 4.65
8.90, 53.22, 5.98			12.46, 67.08, 5.38			13.72, 74.07, 5.40
9.00, 51.65, 5.74			11.85, 60.15, 5.08			12.58, 63.69, 5.06
8.75, 52.80, 6.03			11.47, 58.21, 5.08			13.64, 64.95, 4.76
8.64, 51.78, 5.99			12.15, 59.79, 4.92			13.41, 60.54, 4.51
9.04, 52.87, 5.85			11.40, 49.89, 4.38			12.62, 66.24, 5.25
8.84, 69.36, 7.85			11.83, 62.34, 5.27			12.66, 66.01, 5.21
8.87, 47.95, 5.40			11.31, 53.43, 4.72			13.26, 61.12, 4.61
8.86, 47.47, 5.36			11.24, 48.15, 4.29			13.02, 64.69, 4.97
8.58, 52.58, 6.13			10.78, 45.45, 4.22			12.47, 59.90, 4.80
8.60, 49.65, 5.78			11.52, 57.71, 5.01			13.55, 65.04, 4.80
8.73, 52.56, 6.02			11.71, 60.39, 5.16			13.56, 67.41, 4.97
9.63, 52.44, 5.45			11.72, 62.47, 5.33			12.46, 64.44, 5.17
9.14, 51.45, 5.63			12.16, 57.70, 4.75			12.35, 65.92, 5.34
8.35, 49.92, 5.98			11.09, 58.20, 5.25			13.66, 66.41, 4.86
9.01, 51.99, 5.77			12.08, 70.23, 5.81			13.63, 62.61, 4.59
8.05, 52.89, 6.57			11.87, 57.37, 4.83			14.01, 70.11, 5.00
8.20, 52.98, 6.46			11.76, 52.06, 4.43			13.27, 65.25, 4.92
9.06, 51.38, 5.67			12.43, 71.04, 5.71			12.25, 53.72, 4.39
8.13, 55.40, 6.82			11.80, 52.51, 4.45			14.11, 86.14, 6.10
8.67, 54.90, 6.33			11.76, 64.61, 5.50			12.47, 55.62, 4.46
7.85, 45.62, 5.81			11.54, 59.45, 5.15			13.07, 64.29, 4.92
8.57, 58.22, 6.79			11.04, 60.55, 5.48			13.25, 65.16, 4.92
7.98, 47.78, 5.99			12.14, 59.16, 4.87			13.48, 67.11, 4.98
8.77, 50.30, 5.73			11.24, 58.53, 5.20			12.50, 60.94, 4.88
9.89, 53.89, 5.45			11.56, 59.29, 5.13			13.20, 76.49, 5.80
8.90, 55.03, 6.18			12.00, 53.49, 4.46			12.46, 66.69, 5.35
8.62, 53.90, 6.26			11.54, 60.45, 5.24			12.89, 54.15, 4.20
8.21, 53.96, 6.58			11.76, 57.65, 4.90			12.42, 66.79, 5.38
9.01, 60.72, 6.74			11.74, 58.10, 4.95			11.16, 40.75, 3.65
7.87, 51.65, 6.56			11.22, 53.94, 4.81			13.44, 61.17, 4.55
8.85, 52.38, 5.92			11.35, 50.18, 4.42			13.26, 69.82, 5.27
8.66, 51.84, 5.99			11.42, 52.29, 4.58			13.37, 67.00, 5.01
8.79, 60.87, 6.92			11.41, 58.97, 5.17			12.91, 65.84, 5.10
8.72, 47.45, 5.44			11.40, 58.18, 5.10			13.90, 67.11, 4.83
9.38, 51.62, 5.50			11.30, 49.13, 4.35			12.16, 63.97, 5.26
8.94, 52.19, 5.84			11.44, 54.00, 4.72			14.15, 65.11, 4.60
8.82, 53.90, 6.11			11.72, 50.80, 4.33			12.98, 62.68, 4.83
9.28, 51.35, 5.53			12.90, 67.23, 5.21			12.98, 64.22, 4.95
8.75, 52.80, 6.03			11.95, 60.99, 5.10			13.85, 65.33, 4.72
9.98, 69.73, 6.99			11.13, 49.02, 4.40			11.64, 57.11, 4.91
8.85, 48.65, 5.50			12.42, 55.44, 4.46			13.34, 61.97, 4.65
9.31, 52.84, 5.67			11.47, 50.55, 4.41			13.28, 63.46, 4.78
8.70, 46.18, 5.31			11.33, 63.06, 5.56			12.76, 72.99, 5.72
9.02, 53.48, 5.93			10.58, 53.13, 5.02			12.08, 62.00, 5.13
7.82, 40.40, 5.16			11.75, 53.99, 4.59			14.00, 69.11, 4.94
9.01, 50.34, 5.59			11.93, 57.11, 4.79			12.48, 68.24, 5.47
9.32, 54.17, 5.81			11.58, 59.88, 5.17			13.45, 59.56, 4.43
8.73, 43.36, 4.97			12.39, 56.87, 4.59			13.32, 62.69, 4.71
8.73, 44.54, 5.10			11.39, 62.09, 5.45			13.85, 76.90, 5.55
9.05, 51.73, 5.72			12.43, 57.90, 4.66			13.46, 71.56, 5.32
8.19, 50.70, 6.19			11.42, 56.04, 4.91			13.31, 70.56, 5.30
9.19, 52.57, 5.72			11.10, 66.01, 5.95			12.84, 58.81, 4.58
8.93, 56.76, 6.35			12.83, 64.10, 5.00			12.65, 72.21, 5.71
8.18, 56.75, 6.94			11.79, 59.41, 5.04			13.52, 65.52, 4.85
8.85, 52.56, 5.94			11.78, 47.67, 4.05			12.56, 69.44, 5.53
9.48, 50.80, 5.36			11.63, 56.60, 4.87			13.00, 60.63, 4.66
8.68, 49.95, 5.75			11.11, 58.75, 5.29			12.27, 52.11, 4.25
7.14, 42.79, 6.00			12.57, 59.61, 4.74			12.99, 59.89, 4.61
8.73, 45.79, 5.25			11.15, 56.05, 5.03			12.17, 60.96, 5.01
8.56, 49.89, 5.83			12.22, 59.19, 4.84			12.43, 52.80, 4.25
7.76, 46.79, 6.03			11.98, 59.88, 5.00			13.39, 59.95, 4.48
9.17, 51.45, 5.61			11.64, 50.48, 4.34			13.20, 65.00, 4.92
9.52, 52.73, 5.54			11.33, 53.90, 4.76			12.74, 63.94, 5.02
8.80, 47.91, 5.45			11.24, 57.21, 5.09			13.58, 64.33, 4.74
7.91, 56.12, 7.10			10.97, 56.73, 5.17			13.67, 81.49, 5.96
9.47, 48.52, 5.12			11.58, 65.84, 5.68			12.54, 57.71, 4.60
8.86, 56.73, 6.40			12.00, 53.12, 4.43			12.91, 61.75, 4.78
8.48, 51.46, 6.07			11.39, 62.20, 5.46			12.65, 58.53, 4.63
8.54, 52.98, 6.21			10.95, 58.27, 5.32			12.66, 53.19, 4.20
9.86, 51.09, 5.18			11.72, 62.81, 5.36			13.00, 58.24, 4.48
7.97, 52.90, 6.63			11.56, 49.88, 4.31			13.41, 71.33, 5.32
8.79, 52.01, 5.92			11.73, 57.71, 4.92			12.33, 57.59, 4.67
7.82, 43.67, 5.58			11.32, 54.33, 4.80			12.93, 66.37, 5.13
9.30, 70.27, 7.55			11.05, 59.99, 5.43			12.36, 56.15, 4.54
8.27, 49.16, 5.94			11.81, 60.63, 5.13			14.29, 68.49, 4.79
8.18, 44.83, 5.48			11.11, 58.42, 5.26			12.85, 62.02, 4.83
9.31, 54.36, 5.84			11.45, 53.85, 4.70			13.49, 64.50, 4.78
7.71, 45.87, 5.95			11.68, 57.83, 4.95			13.69, 67.72, 4.95
8.84, 48.87, 5.53			10.39, 63.12, 6.08			12.45, 58.51, 4.70
8.51, 50.85, 5.98			11.99, 53.12, 4.43			12.67, 66.94, 5.29
8.81, 53.50, 6.08			10.92, 56.59, 5.18			12.42, 58.46, 4.71
8.03, 45.02, 5.60			11.06, 55.18, 4.99			13.95, 62.74, 4.50
9.13, 50.34, 5.52			11.73, 62.32, 5.31			13.36, 67.33, 5.04
8.79, 53.15, 6.05			9.89, 54.71, 5.53			13.67, 71.16, 5.20
9.57, 51.91, 5.43			11.19, 59.40, 5.31			11.92, 60.04, 5.04
8.30, 50.13, 6.04			11.32, 60.39, 5.34			14.38, 76.58, 5.33
9.14, 52.59, 5.76			11.49, 60.44, 5.26			12.56, 56.81, 4.52
8.13, 47.62, 5.86			12.17, 60.66, 4.98			13.97, 67.11, 4.80
8.76, 51.35, 5.86			10.86, 58.22, 5.36			13.26, 56.84, 4.29
8.55, 47.85, 5.59			10.37, 54.89, 5.29			13.86, 68.66, 4.96
8.29, 45.62, 5.50			11.39, 61.28, 5.38			13.66, 66.28, 4.85
8.69, 53.06, 6.10			10.92, 58.39, 5.35			12.37, 57.63, 4.66
8.16, 52.08, 6.38			10.86, 58.59, 5.40			12.25, 58.58, 4.78
9.10, 50.63, 5.56			10.85, 61.14, 5.63			12.17, 60.45, 4.97
8.22, 48.12, 5.85			10.60, 57.05, 5.38			11.97, 70.88, 5.92
9.02, 57.20, 6.34			10.98, 61.84, 5.63			12.30, 55.95, 4.55
8.21, 54.90, 6.69			10.96, 55.44, 5.06			11.87, 66.87, 5.64
8.81, 48.41, 5.49			11.35, 59.59, 5.25			12.44, 59.89, 4.81
9.02, 48.73, 5.40			10.57, 64.77, 6.13			12.70, 65.68, 5.17
9.32, 49.96, 5.36			11.39, 67.03, 5.89			12.01, 66.19, 5.51
8.49, 41.53, 4.89			11.30, 54.00, 4.78			11.56, 61.53, 5.32
9.24, 54.14, 5.86			10.68, 62.78, 5.88			12.26, 66.42, 5.42
9.02, 51.83, 5.74			10.52, 57.49, 5.46			12.87, 61.04, 4.74
9.24, 52.57, 5.69			10.82, 57.42, 5.31			12.33, 64.14, 5.20
8.61, 47.36, 5.50			11.61, 74.02, 6.37			12.38, 53.38, 4.31
8.52, 52.28, 6.14			10.72, 58.90, 5.49			12.51, 59.70, 4.77
8.89, 52.42, 5.90			11.07, 62.81, 5.67			12.12, 65.17, 5.38
8.35, 53.12, 6.36			11.41, 58.12, 5.09			12.45, 56.03, 4.50
8.58, 51.25, 5.98			10.76, 58.64, 5.45			11.84, 59.94, 5.06
8.12, 42.40, 5.23			11.16, 59.37, 5.32			13.47, 67.36, 5.00
9.22, 49.74, 5.39			10.57, 63.70, 6.03			11.78, 51.98, 4.41
9.71, 54.80, 5.64			10.55, 54.01, 5.12			11.91, 56.11, 4.71
8.71, 49.41, 5.68			11.27, 59.38, 5.27			11.27, 54.08, 4.80
8.23, 50.52, 6.14			9.91, 58.89, 5.95			12.61, 58.03, 4.60
8.86, 54.40, 6.14			10.51, 56.93, 5.42			12.15, 54.78, 4.51
8.79, 57.36, 6.52			10.08, 48.52, 4.81			11.96, 59.19, 4.95
8.70, 45.51, 5.23			10.25, 59.08, 5.77			13.15, 58.31, 4.43
9.01, 47.68, 5.29			11.04, 59.35, 5.38			11.51, 47.91, 4.16
9.27, 47.02, 5.07			10.34, 59.85, 5.79			12.33, 61.36, 4.98
8.59, 53.04, 6.17			10.78, 57.92, 5.37			11.65, 68.62, 5.89
8.75, 42.99, 4.92			11.65, 56.66, 4.86			12.22, 62.10, 5.08
8.56, 45.20, 5.28			10.78, 58.46, 5.42			11.50, 54.54, 4.74
9.02, 46.56, 5.16			11.31, 57.30, 5.07			12.41, 69.56, 5.61
8.84, 55.45, 6.27			10.15, 58.76, 5.79			11.94, 62.53, 5.24
8.09, 39.14, 4.84			10.19, 54.85, 5.38			12.48, 62.23, 4.99
9.44, 52.39, 5.55			10.96, 58.19, 5.31			11.51, 70.90, 6.16
9.73, 56.88, 5.84			10.21, 49.79, 4.88			13.07, 63.19, 4.84
8.64, 51.59, 5.97			10.09, 60.65, 6.01			11.47, 59.24, 5.16
8.68, 53.49, 6.16			10.68, 55.39, 5.19			11.82, 59.89, 5.07
8.50, 41.89, 4.93			10.42, 57.87, 5.56			11.54, 45.43, 3.94
8.26, 52.79, 6.39			11.38, 55.21, 4.85			12.13, 64.97, 5.36
8.32, 41.89, 5.03			9.03, 50.93, 5.64			11.86, 58.15, 4.90
8.40, 41.39, 4.93			12.20, 63.91, 5.24			11.84, 58.83, 4.97
8.54, 49.03, 5.74			11.21, 58.82, 5.25			12.00, 60.15, 5.01
8.17, 53.89, 6.59			12.08, 61.81, 5.12			12.00, 58.30, 4.86
8.68, 52.95, 6.10			11.92, 60.31, 5.06			12.24, 59.20, 4.84
8.10, 51.47, 6.36			11.74, 48.91, 4.17			11.84, 73.51, 6.21
9.30, 53.19, 5.72			11.88, 68.39, 5.76			12.44, 59.18, 4.76
8.19, 40.39, 4.93			11.52, 58.69, 5.09			11.92, 53.77, 4.51
8.28, 51.75, 6.25			12.57, 68.45, 5.45			11.48, 62.89, 5.48
8.70, 49.84, 5.73			11.51, 53.09, 4.61			11.38, 59.96, 5.27
9.46, 55.80, 5.90			12.05, 56.89, 4.72
8.80, 51.84, 5.89			12.17, 60.51, 4.97			SET 2 - after set 6 of no load
9.19, 56.97, 6.20			11.78, 67.84, 5.76			10.75, 60.19, 5.60
8.33, 54.00, 6.48			10.59, 58.21, 5.49			11.98, 62.80, 5.24
8.26, 52.14, 6.31			12.50, 63.99, 5.12			13.26, 69.54, 5.24
9.31, 54.29, 5.83			11.74, 57.89, 4.93			13.66, 59.38, 4.35
8.18, 50.52, 6.18			11.23, 48.93, 4.36			14.19, 87.73, 6.18
8.38, 43.87, 5.23			11.46, 72.69, 6.34			14.32, 73.92, 5.16
8.66, 55.31, 6.38			12.12, 57.70, 4.76			14.80, 78.12, 5.28
8.70, 50.57, 5.81			11.93, 53.48, 4.48			14.48, 69.71, 4.81
9.31, 58.39, 6.27			11.28, 58.19, 5.16			13.84, 60.05, 4.34
9.29, 53.88, 5.80			11.86, 56.41, 4.76			15.15, 86.47, 5.71
8.79, 48.61, 5.53			11.68, 56.79, 4.86			15.03, 73.72, 4.90
8.48, 50.99, 6.01			11.76, 67.01, 5.70			14.88, 83.53, 5.61
9.00, 55.55, 6.17			11.34, 57.63, 5.08			14.59, 70.57, 4.84
8.80, 53.60, 6.09			11.36, 54.08, 4.76			15.26, 67.03, 4.39
8.71, 52.51, 6.03			11.77, 59.21, 5.03			14.62, 71.24, 4.87
8.86, 55.62, 6.28			12.09, 80.10, 6.62			14.42, 70.66, 4.90
9.63, 57.30, 5.95			12.08, 56.03, 4.64			15.04, 65.82, 4.38
7.78, 40.96, 5.27			11.71, 55.52, 4.74			15.55, 80.38, 5.17
9.23, 48.78, 5.29			11.40, 51.02, 4.48			14.07, 71.48, 5.08
8.66, 43.24, 4.99			11.97, 53.21, 4.45			14.51, 69.96, 4.82
8.13, 55.70, 6.85			11.95, 62.95, 5.27			14.22, 63.81, 4.49
9.22, 53.38, 5.79			12.61, 62.70, 4.97			14.03, 67.17, 4.79
9.39, 51.68, 5.51			11.98, 57.63, 4.81			14.33, 53.04, 3.70
8.61, 52.95, 6.15			11.96, 60.10, 5.03			15.23, 74.55, 4.90
8.67, 53.70, 6.19			11.47, 57.59, 5.02			15.71, 103.97, 6.62
8.43, 47.56, 5.64			11.65, 65.01, 5.58			13.33, 70.81, 5.31
8.82, 53.74, 6.10			10.98, 50.09, 4.56			14.68, 105.89, 7.21
9.37, 54.83, 5.85			12.41, 64.39, 5.19			15.52, 84.72, 5.46
9.35, 53.80, 5.75			11.26, 59.35, 5.27			14.43, 69.04, 4.78
8.24, 53.86, 6.54			11.81, 59.60, 5.05			14.52, 90.91, 6.26
8.77, 50.91, 5.81			11.28, 64.20, 5.69			14.33, 71.69, 5.00
9.02, 55.11, 6.11			12.00, 60.30, 5.02			14.44, 83.35, 5.77
8.48, 43.86, 5.17			12.07, 59.15, 4.90			16.33, 92.80, 5.68
8.31, 44.50, 5.35			11.53, 58.68, 5.09			13.57, 77.01, 5.68
8.51, 44.94, 5.28			11.66, 57.96, 4.97			14.11, 71.57, 5.07
8.00, 30.92, 3.86			11.37, 49.30, 4.34			14.43, 62.03, 4.30
9.32, 56.06, 6.01			12.24, 59.26, 4.84			14.37, 69.56, 4.84
8.57, 41.55, 4.85			11.19, 59.07, 5.28			13.98, 63.19, 4.52
9.02, 43.57, 4.83			11.08, 54.41, 4.91			14.20, 71.04, 5.00
8.52, 54.87, 6.44			11.74, 57.85, 4.93			14.45, 115.96, 8.02
9.01, 50.47, 5.61			11.54, 54.10, 4.69			13.71, 68.81, 5.02
8.59, 53.06, 6.18			11.35, 67.71, 5.97			13.96, 81.29, 5.82
8.30, 53.56, 6.46			11.90, 62.91, 5.29			14.02, 58.03, 4.14
8.28, 51.86, 6.26			12.46, 66.73, 5.36			13.98, 73.90, 5.29
8.18, 51.77, 6.33			11.39, 61.21, 5.37			14.33, 79.90, 5.58
8.11, 49.74, 6.13			11.14, 56.41, 5.06			14.95, 60.70, 4.06
8.63, 53.08, 6.15			11.59, 57.61, 4.97			13.11, 64.72, 4.94
8.61, 55.47, 6.44			11.70, 56.28, 4.81			14.38, 58.95, 4.10
8.59, 52.11, 6.07			12.43, 57.31, 4.61			13.89, 65.53, 4.72
9.53, 53.70, 5.64			11.34, 54.52, 4.81			15.44, 88.45, 5.73
8.54, 52.98, 6.20			11.30, 49.12, 4.35			14.65, 92.12, 6.29
8.23, 45.62, 5.54			12.34, 57.52, 4.66			14.76, 71.15, 4.82
8.86, 53.10, 5.99			11.32, 53.66, 4.74			13.42, 59.87, 4.46
8.86, 49.49, 5.59			12.02, 57.01, 4.74			14.97, 70.06, 4.68
8.90, 55.28, 6.21			11.66, 48.94, 4.20			15.48, 66.53, 4.30
8.70, 52.27, 6.01			11.62, 55.63, 4.79			14.52, 62.84, 4.33
9.17, 53.98, 5.89			11.13, 56.07, 5.04			14.15, 51.67, 3.65
8.60, 52.85, 6.15			11.35, 58.61, 5.17			15.65, 62.63, 4.00
8.15, 45.53, 5.59			12.21, 58.84, 4.82			15.17, 72.93, 4.81
8.35, 52.20, 6.25			11.45, 56.96, 4.97			15.63, 128.05, 8.19
8.97, 52.79, 5.88			11.79, 57.43, 4.87			14.74, 67.15, 4.56
8.49, 67.97, 8.01			11.71, 48.62, 4.15			14.73, 84.21, 5.72
9.44, 53.97, 5.71			11.89, 54.54, 4.59			14.81, 62.70, 4.23
9.25, 52.18, 5.64			12.54, 56.76, 4.52			14.33, 65.44, 4.57
8.63, 55.29, 6.41			11.34, 47.24, 4.17			14.22, 107.46, 7.56
8.96, 51.99, 5.80			12.63, 57.70, 4.57			15.23, 66.55, 4.37
9.11, 53.52, 5.88			12.03, 55.76, 4.64			15.26, 65.44, 4.29
8.68, 48.13, 5.54			12.13, 62.07, 5.12			14.08, 61.85, 4.39
9.25, 52.56, 5.68			11.85, 60.12, 5.07			14.61, 81.14, 5.55
9.38, 57.96, 6.18			12.34, 65.18, 5.28			15.40, 76.02, 4.94
8.59, 47.14, 5.49			11.79, 61.52, 5.22			14.76, 67.58, 4.58
8.48, 56.04, 6.61			11.43, 53.05, 4.64			14.36, 67.23, 4.68
8.92, 56.40, 6.32			11.39, 53.87, 4.73			14.84, 70.88, 4.78
8.76, 54.59, 6.23			11.01, 54.00, 4.91			14.16, 69.57, 4.91
8.80, 50.57, 5.74			11.46, 57.03, 4.97			14.29, 67.60, 4.73
8.80, 52.01, 5.91			12.12, 54.73, 4.52			15.41, 70.48, 4.57
9.01, 51.62, 5.73			11.34, 51.17, 4.51			13.99, 68.51, 4.90
8.84, 50.95, 5.76			11.64, 58.15, 5.00			14.39, 63.54, 4.41
8.60, 50.55, 5.88			11.02, 55.68, 5.05			15.05, 68.12, 4.53
8.76, 51.20, 5.85			11.46, 56.96, 4.97			13.46, 50.99, 3.79
8.94, 59.63, 6.67			12.13, 56.58, 4.66			14.67, 65.89, 4.49
8.04, 41.73, 5.19			11.48, 53.20, 4.63			15.54, 72.21, 4.65
8.59, 51.05, 5.94			11.90, 58.02, 4.88			14.56, 69.61, 4.78
8.07, 53.96, 6.68			11.96, 55.65, 4.65			15.02, 67.39, 4.49
8.02, 49.03, 6.11			12.05, 67.27, 5.58			16.12, 75.04, 4.66
9.11, 50.88, 5.58			11.75, 60.09, 5.11			16.00, 76.29, 4.77
9.14, 53.85, 5.89			11.32, 67.09, 5.93			15.19, 76.37, 5.03
8.84, 51.01, 5.77			11.56, 60.91, 5.27			13.99, 62.19, 4.45
8.80, 49.07, 5.57			10.89, 53.85, 4.95			15.35, 79.89, 5.21
8.46, 54.23, 6.41			12.14, 60.73, 5.00			14.49, 91.12, 6.29
9.75, 53.91, 5.53			11.43, 59.28, 5.18			14.53, 65.70, 4.52
9.82, 54.77, 5.58			10.84, 57.92, 5.34			14.84, 81.11, 5.47
8.26, 54.69, 6.62			12.11, 58.63, 4.84			15.11, 59.44, 3.93
8.32, 46.00, 5.53			11.06, 53.89, 4.87			15.42, 70.90, 4.60
8.53, 41.67, 4.89			10.72, 52.39, 4.89			14.62, 65.36, 4.47
8.93, 50.57, 5.66			11.84, 51.99, 4.39			14.96, 100.46, 6.72
8.66, 47.36, 5.47			12.04, 65.99, 5.48			14.92, 68.18, 4.57
8.82, 45.66, 5.18			11.53, 68.44, 5.94			14.98, 64.10, 4.28
9.25, 56.90, 6.15			11.16, 45.43, 4.07			13.98, 55.30, 3.95
8.49, 59.78, 7.04			11.35, 58.45, 5.15			15.04, 73.27, 4.87
8.19, 38.54, 4.71			12.30, 58.93, 4.79			14.63, 60.36, 4.13
8.27, 53.51, 6.47			11.66, 67.89, 5.82			13.63, 56.98, 4.18
9.01, 51.91, 5.76			12.15, 61.52, 5.06			14.83, 73.25, 4.94
9.58, 52.99, 5.53			11.63, 51.85, 4.46			14.34, 63.30, 4.41
8.29, 50.31, 6.07			11.76, 67.21, 5.71			14.98, 69.92, 4.67
8.44, 52.07, 6.17			12.16, 57.30, 4.71			14.77, 66.14, 4.48
8.79, 49.15, 5.59			12.25, 51.38, 4.19			15.60, 76.15, 4.88
8.07, 50.48, 6.26			11.49, 57.81, 5.03			14.54, 69.02, 4.75
9.25, 55.68, 6.02			11.23, 53.61, 4.77			14.04, 77.12, 5.49
8.88, 50.62, 5.70			12.14, 58.16, 4.79			15.15, 72.17, 4.76
8.93, 47.32, 5.30			11.43, 51.48, 4.50			14.11, 81.83, 5.80
9.51, 52.85, 5.56			11.92, 56.97, 4.78			14.11, 67.83, 4.81
9.38, 47.13, 5.03			12.05, 58.61, 4.87			15.25, 67.01, 4.39
8.91, 52.06, 5.85			12.36, 65.16, 5.27			15.00, 65.06, 4.34
9.70, 55.17, 5.69			11.17, 56.52, 5.06			14.24, 69.82, 4.90
8.68, 54.30, 6.26			11.58, 55.62, 4.80			14.74, 63.91, 4.34
8.75, 47.55, 5.43			11.48, 57.83, 5.04			14.02, 52.60, 3.75
9.54, 52.65, 5.52			12.36, 54.94, 4.45			14.64, 69.22, 4.73
8.49, 49.75, 5.86			11.86, 63.10, 5.32			14.86, 75.01, 5.05
8.78, 49.38, 5.62			11.39, 59.56, 5.23			15.79, 91.06, 5.77
8.96, 54.81, 6.12			11.31, 45.62, 4.03			14.65, 62.04, 4.24
9.11, 58.92, 6.47			11.38, 53.45, 4.70			15.33, 83.45, 5.44
8.90, 48.55, 5.46			11.69, 67.18, 5.75			14.26, 64.91, 4.55
8.53, 46.71, 5.48			11.80, 64.45, 5.46			14.62, 61.54, 4.21
10.61, 57.13, 5.38			11.58, 53.99, 4.66			15.14, 73.37, 4.85
10.68, 58.48, 5.48			11.67, 56.72, 4.86			15.01, 68.21, 4.54
9.96, 57.99, 5.82			12.17, 59.83, 4.92			14.35, 58.14, 4.05
10.39, 56.81, 5.47			11.23, 51.22, 4.56			14.65, 74.18, 5.06
9.94, 51.07, 5.14			11.13, 56.01, 5.03			14.00, 112.08, 8.01
10.66, 56.10, 5.26			11.31, 60.24, 5.33			13.70, 68.83, 5.03
10.95, 56.39, 5.15			10.77, 50.59, 4.70			15.13, 64.46, 4.26
10.80, 60.41, 5.59			12.58, 70.16, 5.58			13.87, 86.28, 6.22
10.71, 57.56, 5.38			12.14, 58.76, 4.84			14.80, 93.75, 6.33
9.83, 58.50, 5.95			11.97, 52.08, 4.35			13.82, 70.75, 5.12
10.89, 52.13, 4.79			12.39, 67.61, 5.46			13.96, 100.86, 7.22
11.43, 66.62, 5.83			12.22, 49.83, 4.08			13.75, 66.41, 4.83
10.23, 56.30, 5.50			11.10, 65.37, 5.89			13.98, 63.11, 4.51
10.37, 57.46, 5.54			12.13, 65.18, 5.38			13.80, 73.04, 5.29
10.60, 63.06, 5.95			11.91, 61.70, 5.18			13.31, 58.95, 4.43
10.40, 58.83, 5.65			11.48, 57.12, 4.98			15.26, 71.66, 4.70
10.92, 64.48, 5.90			11.77, 63.89, 5.43			13.67, 62.41, 4.56
10.21, 49.30, 4.83			11.74, 46.47, 3.96			13.79, 59.28, 4.30
11.07, 60.93, 5.50			12.12, 59.07, 4.87			13.97, 67.09, 4.80
10.18, 55.62, 5.46			11.39, 46.87, 4.12			13.85, 75.13, 5.42
10.81, 57.61, 5.33						13.98, 73.15, 5.23
10.10, 58.28, 5.77			SET 2			13.48, 68.62, 5.09
10.27, 60.40, 5.88			9.27, 59.95, 6.47			14.15, 69.99, 4.95
11.16, 57.89, 5.19			9.40, 52.04, 5.53			14.20, 55.21, 3.89
11.00, 61.96, 5.63			10.04, 56.50, 5.63			14.37, 67.70, 4.71
11.48, 62.03, 5.40			11.02, 57.41, 5.21			13.39, 77.64, 5.80
10.38, 58.22, 5.61			12.40, 60.68, 4.89			14.27, 60.77, 4.26
9.99, 55.64, 5.57			12.17, 54.93, 4.51			15.04, 64.40, 4.28
10.77, 57.32, 5.32			12.00, 64.65, 5.39			13.42, 54.17, 4.04
11.58, 70.08, 6.05			11.41, 59.34, 5.20			14.00, 65.46, 4.67
11.41, 60.01, 5.26			12.10, 57.57, 4.76			13.95, 76.78, 5.50
10.76, 60.91, 5.66			14.28, 85.84, 6.01			14.03, 57.62, 4.11
11.18, 56.87, 5.09			12.75, 61.85, 4.85			13.82, 65.88, 4.77
10.66, 61.70, 5.79			14.10, 61.82, 4.39			14.95, 106.18, 7.10
9.63, 58.58, 6.08			12.83, 58.38, 4.55			15.05, 110.91, 7.37
10.37, 56.57, 5.45			11.79, 57.86, 4.91			14.59, 62.06, 4.25
11.61, 58.58, 5.04			12.76, 94.63, 7.42			14.70, 99.22, 6.75
11.07, 59.79, 5.40			11.73, 53.30, 4.54			14.54, 78.31, 5.39
13.07, 70.35, 5.38			11.42, 56.39, 4.94			14.79, 56.87, 3.84
12.33, 82.17, 6.67			11.82, 61.04, 5.16			14.84, 68.23, 4.60
10.64, 62.81, 5.90			12.30, 55.56, 4.52			14.44, 73.90, 5.12
12.60, 65.56, 5.20			11.79, 58.93, 5.00			14.33, 90.85, 6.34
10.54, 61.12, 5.80			11.67, 58.80, 5.04			14.25, 76.78, 5.39
11.61, 58.72, 5.06			11.68, 61.01, 5.22			14.21, 70.48, 4.96
10.74, 59.58, 5.55			11.72, 46.13, 3.94			15.57, 93.94, 6.04
11.59, 64.74, 5.59			11.76, 53.54, 4.55			14.13, 53.15, 3.76
10.93, 50.78, 4.64			11.02, 56.58, 5.13			14.86, 65.84, 4.43
9.96, 58.72, 5.89			11.96, 55.54, 4.65			15.22, 72.59, 4.77
11.28, 78.96, 7.00			11.51, 50.40, 4.38			14.87, 76.41, 5.14
10.27, 56.79, 5.53			12.03, 56.00, 4.65			14.75, 76.01, 5.15
10.52, 56.55, 5.38			11.43, 53.12, 4.65			14.87, 77.65, 5.22
11.06, 56.39, 5.10			11.81, 75.22, 6.37			13.24, 63.09, 4.76
11.36, 60.94, 5.36			11.35, 56.12, 4.95			14.85, 67.30, 4.53
11.02, 57.13, 5.18			11.21, 48.63, 4.34			14.56, 79.19, 5.44
10.68, 58.52, 5.48			11.46, 54.52, 4.76			13.88, 60.89, 4.39
10.96, 59.21, 5.40			11.08, 65.42, 5.91			15.83, 70.62, 4.46
10.49, 56.31, 5.37			11.36, 46.17, 4.07			15.51, 68.09, 4.39
10.45, 57.36, 5.49			11.96, 76.42, 6.39			15.32, 69.15, 4.51
10.19, 57.92, 5.68			12.34, 71.66, 5.81			14.99, 73.21, 4.89
9.40, 56.46, 6.01			11.70, 54.37, 4.65			14.99, 79.29, 5.29
10.33, 56.09, 5.43			11.65, 53.62, 4.60			13.66, 52.70, 3.86
10.19, 55.86, 5.48			11.17, 59.04, 5.28			15.65, 70.32, 4.49
10.67, 66.76, 6.26			11.17, 57.08, 5.11			14.83, 119.61, 8.06
10.06, 57.54, 5.72			12.20, 58.08, 4.76			14.85, 73.19, 4.93
10.42, 60.97, 5.85			11.36, 56.22, 4.95			15.39, 67.22, 4.37
10.46, 74.14, 7.09			12.46, 59.88, 4.81			16.13, 94.53, 5.86
10.49, 56.99, 5.44			12.87, 61.60, 4.78			15.77, 98.28, 6.23
9.66, 46.57, 4.82			13.04, 60.73, 4.66			14.77, 73.86, 5.00
10.25, 64.02, 6.25			12.05, 59.97, 4.98			13.74, 63.85, 4.65
9.33, 54.76, 5.87			12.50, 54.94, 4.40			15.41, 74.73, 4.85
9.88, 55.05, 5.57			13.17, 75.59, 5.74			15.28, 84.31, 5.52
10.60, 56.19, 5.30			11.99, 60.17, 5.02			13.81, 64.04, 4.64
9.99, 56.83, 5.69			12.65, 64.32, 5.08			15.10, 70.21, 4.65
10.23, 55.11, 5.38			11.84, 57.11, 4.82			14.11, 62.92, 4.46
10.88, 60.02, 5.52			11.94, 61.05, 5.11			14.57, 66.52, 4.56
9.99, 57.70, 5.77			11.23, 51.68, 4.60			14.94, 71.68, 4.80
10.21, 45.70, 4.48			12.92, 60.83, 4.71			15.74, 80.96, 5.14
9.98, 57.17, 5.73			11.48, 67.32, 5.87			14.39, 59.72, 4.15
9.85, 53.05, 5.38			11.99, 70.16, 5.85			15.04, 76.84, 5.11
10.58, 50.53, 4.78			11.75, 59.60, 5.07			15.01, 89.33, 5.95
9.19, 53.35, 5.80			12.20, 61.11, 5.01			13.97, 66.06, 4.73
9.42, 49.50, 5.25			12.25, 63.52, 5.19			14.72, 65.69, 4.46
10.04, 54.82, 5.46			11.06, 57.82, 5.23			14.76, 60.82, 4.12
10.41, 54.99, 5.28			11.67, 57.62, 4.94			14.51, 79.95, 5.51
10.00, 57.83, 5.78			11.02, 55.85, 5.07			14.42, 80.30, 5.57
10.14, 55.55, 5.48			12.52, 62.47, 4.99			15.39, 70.29, 4.57
10.05, 53.77, 5.35			11.65, 58.40, 5.01			15.76, 79.46, 5.04
9.99, 48.84, 4.89			11.29, 55.84, 4.95			14.45, 65.56, 4.54
9.73, 55.54, 5.71			11.49, 58.25, 5.07			14.50, 66.82, 4.61
9.13, 55.76, 6.10			10.84, 58.99, 5.44			13.75, 58.49, 4.26
9.05, 52.35, 5.79			11.28, 46.98, 4.16			15.01, 70.20, 4.68
10.20, 55.62, 5.45			11.33, 49.76, 4.39			14.23, 56.07, 3.94
9.50, 56.39, 5.94			12.03, 68.99, 5.74			14.86, 72.47, 4.88
9.12, 50.23, 5.51			11.77, 56.98, 4.84			13.97, 57.73, 4.13
9.45, 53.21, 5.63			12.05, 61.12, 5.07			14.46, 73.00, 5.05
9.24, 50.78, 5.50			11.79, 61.46, 5.21			15.33, 72.41, 4.72
9.84, 55.90, 5.68			11.45, 49.30, 4.31			15.42, 73.48, 4.77
8.91, 49.93, 5.60			11.30, 59.72, 5.28			15.00, 66.78, 4.45
9.19, 49.20, 5.35			12.00, 57.02, 4.75			14.03, 69.99, 4.99
9.40, 57.26, 6.09			11.89, 49.68, 4.18			14.51, 57.12, 3.94
9.39, 52.95, 5.64			11.62, 60.18, 5.18			14.77, 68.49, 4.64
8.68, 52.01, 5.99			11.73, 59.66, 5.09			14.54, 68.56, 4.71
			11.99, 57.85, 4.82			14.96, 72.62, 4.85
9.34, 54.52, 5.84			11.30, 60.41, 5.35			16.60, 96.97, 5.84
9.83, 59.42, 6.05			11.47, 58.56, 5.11			15.10, 77.66, 5.14
9.21, 57.38, 6.23			11.54, 64.27, 5.57			15.66, 103.57, 6.61
8.75, 46.43, 5.31			11.73, 72.49, 6.18			15.29, 92.24, 6.03
10.49, 59.47, 5.67			11.41, 61.18, 5.36			16.08, 76.99, 4.79
10.37, 56.45, 5.44			11.47, 61.96, 5.40			14.95, 77.36, 5.17
9.32, 52.34, 5.61			12.20, 58.65, 4.81			14.09, 70.15, 4.98
10.22, 65.58, 6.42			12.43, 73.40, 5.91			14.92, 115.01, 7.71
9.51, 49.69, 5.23			12.05, 62.78, 5.21			16.05, 100.08, 6.23
8.94, 52.76, 5.90			12.10, 58.70, 4.85			14.70, 62.78, 4.27
9.13, 49.64, 5.44			11.80, 55.95, 4.74			15.19, 79.07, 5.21
9.91, 49.85, 5.03			11.76, 57.07, 4.85			14.13, 64.87, 4.59
11.10, 65.07, 5.86			11.33, 56.71, 5.00			14.50, 72.47, 5.00
9.81, 57.29, 5.84			12.30, 58.71, 4.77			15.37, 78.62, 5.11
9.21, 52.23, 5.67			11.81, 60.28, 5.10			14.23, 68.81, 4.84
9.68, 56.88, 5.88			10.85, 51.31, 4.73			15.44, 64.17, 4.16
9.61, 51.47, 5.36			11.71, 54.96, 4.69			15.14, 62.46, 4.12
9.32, 56.79, 6.09			10.61, 54.10, 5.10			15.60, 80.44, 5.16
10.32, 56.37, 5.46			10.73, 53.85, 5.02			14.70, 68.96, 4.69
9.39, 57.67, 6.14			11.95, 58.05, 4.86			15.10, 66.58, 4.41
9.73, 53.66, 5.52			11.64, 61.29, 5.26			15.02, 87.49, 5.82
9.62, 57.13, 5.94			10.93, 54.30, 4.97			14.50, 65.26, 4.50
10.01, 53.75, 5.37			12.29, 59.54, 4.84			14.62, 98.66, 6.75
10.23, 56.03, 5.48			11.51, 53.79, 4.67			14.59, 71.66, 4.91
10.11, 55.90, 5.53			11.05, 54.30, 4.91			14.77, 69.56, 4.71
10.27, 55.68, 5.42			11.81, 60.07, 5.08			15.20, 86.87, 5.71
9.90, 55.86, 5.64			11.31, 76.55, 6.77			15.01, 95.11, 6.34
9.42, 49.91, 5.30			12.17, 58.41, 4.80			16.00, 78.24, 4.89
9.11, 56.75, 6.23			12.28, 66.24, 5.39			14.43, 64.66, 4.48
			11.15, 61.66, 5.53			15.21, 72.62, 4.77
SET 2			11.88, 61.21, 5.15			14.87, 63.57, 4.28
9.65, 55.11, 5.71			11.57, 73.20, 6.32			14.43, 69.95, 4.85
10.37, 53.15, 5.12			12.21, 54.73, 4.48			14.01, 66.39, 4.74
10.19, 55.46, 5.44			10.78, 52.71, 4.89			14.12, 65.62, 4.65
10.17, 43.60, 4.29			11.08, 58.41, 5.27
10.13, 56.09, 5.54			11.54, 52.16, 4.52			SET 4- After set 8 of no load
10.13, 57.88, 5.72			12.13, 70.08, 5.77			After I turned on bulb
9.27, 47.83, 5.16			11.63, 61.49, 5.29			14.53, 120.63, 8.30
10.32, 51.16, 4.96			12.10, 59.43, 4.91			15.86, 112.78, 7.11
9.69, 59.38, 6.13			11.69, 53.60, 4.58			13.54, 59.09, 4.36
10.09, 59.49, 5.90			11.82, 48.70, 4.12			15.12, 71.71, 4.74
9.83, 54.23, 5.51			11.85, 58.61, 4.95			15.71, 97.48, 6.20
10.26, 58.38, 5.69			12.53, 67.06, 5.35			15.05, 102.42, 6.80
10.29, 51.61, 5.01			11.57, 45.91, 3.97			16.29, 104.14, 6.39
9.50, 51.78, 5.45			12.20, 57.21, 4.69			15.72, 128.56, 8.18
10.66, 56.12, 5.26			12.38, 54.70, 4.42			16.84, 181.97, 10.81
10.28, 52.09, 5.07			12.49, 70.58, 5.65			14.66, 67.02, 4.57
11.02, 57.81, 5.25			12.88, 64.03, 4.97			15.67, 131.86, 8.41
10.24, 56.36, 5.50			12.72, 70.51, 5.54			15.66, 85.11, 5.43
11.24, 58.03, 5.16			12.54, 59.34, 4.73			14.75, 87.34, 5.92
10.12, 56.41, 5.57			12.62, 57.54, 4.56			14.95, 96.99, 6.49
9.81, 60.95, 6.21			12.51, 62.61, 5.00			14.20, 62.21, 4.38
10.50, 52.23, 4.98			13.56, 58.27, 4.30			14.47, 62.34, 4.31
10.14, 52.26, 5.15			12.77, 65.83, 5.16			16.10, 144.08, 8.95
10.18, 57.72, 5.67			12.53, 56.57, 4.51			16.29, 85.58, 5.25
10.85, 74.69, 6.89			12.34, 57.55, 4.66			15.23, 67.32, 4.42
10.82, 76.85, 7.10			13.58, 73.38, 5.40			14.68, 67.98, 4.63
9.69, 55.13, 5.69			13.19, 73.02, 5.54			15.30, 94.87, 6.20
10.03, 51.26, 5.11			11.94, 59.79, 5.01			15.64, 85.90, 5.49
11.61, 58.28, 5.02			11.32, 56.56, 4.99			15.28, 76.36, 5.00
9.96, 55.95, 5.62			12.31, 55.97, 4.55			14.73, 58.92, 4.00
11.10, 58.60, 5.28			12.15, 54.87, 4.52			14.36, 78.59, 5.47
10.55, 57.07, 5.41			12.28, 56.05, 4.57			15.14, 92.14, 6.09
10.33, 52.70, 5.10			11.85, 57.28, 4.83			16.63, 188.14, 11.32
11.28, 56.77, 5.03			12.02, 57.98, 4.82			14.38, 75.29, 5.24
9.94, 60.32, 6.07			13.13, 68.31, 5.20			14.36, 61.85, 4.31
10.45, 53.61, 5.13			11.88, 56.05, 4.72			15.56, 97.27, 6.25
9.52, 53.87, 5.66			12.04, 54.29, 4.51			15.42, 85.65, 5.55
11.91, 55.77, 4.68			12.44, 58.65, 4.72			13.97, 77.94, 5.58
9.90, 59.00, 5.96			11.78, 54.82, 4.65			16.03, 118.54, 7.39
10.76, 57.76, 5.37			11.72, 54.28, 4.63			13.80, 61.94, 4.49
10.31, 56.11, 5.44			12.88, 77.61, 6.02			15.06, 66.96, 4.45
9.42, 49.34, 5.24			13.13, 66.67, 5.08			15.15, 76.80, 5.07
10.53, 54.07, 5.14			12.10, 61.59, 5.09			16.24, 114.60, 7.06
10.83, 54.87, 5.07			11.96, 63.12, 5.28			15.10, 142.99, 9.47
10.17, 55.36, 5.44			12.24, 56.45, 4.61			15.48, 107.77, 6.96
10.09, 47.74, 4.73			11.92, 56.86, 4.77			15.17, 63.48, 4.18
11.48, 71.80, 6.26			11.72, 65.89, 5.62			15.17, 144.92, 9.55
11.24, 58.07, 5.17			11.69, 61.19, 5.24			14.43, 76.81, 5.32
10.53, 56.61, 5.38			11.90, 70.91, 5.96			14.74, 78.48, 5.32
11.41, 59.90, 5.25						14.99, 89.34, 5.96
10.52, 54.62, 5.19			SET 3- Just after set 5 of no load			14.90, 67.13, 4.51
10.56, 60.80, 5.76			9.88, 54.96, 5.56			14.51, 78.45, 5.41
11.23, 54.55, 4.86			10.08, 57.06, 5.66			14.26, 73.89, 5.18
10.84, 60.37, 5.57			12.90, 55.77, 4.32			15.91, 152.75, 9.60
12.06, 62.38, 5.17			13.01, 63.56, 4.88			14.16, 65.62, 4.64
10.50, 59.82, 5.70			12.94, 56.79, 4.39			14.12, 95.78, 6.78
10.73, 51.80, 4.83			13.99, 65.09, 4.65			16.53, 183.40, 11.10
10.39, 58.42, 5.63			13.81, 61.76, 4.47			15.75, 89.74, 5.70
9.99, 55.42, 5.55			12.41, 52.62, 4.24			15.10, 63.21, 4.19
10.91, 60.70, 5.56			13.24, 63.06, 4.76			14.33, 112.05, 7.82
10.90, 60.22, 5.53			11.97, 54.15, 4.52			15.32, 91.73, 5.99
10.52, 62.75, 5.97			13.57, 70.85, 5.22			15.23, 96.88, 6.36
10.37, 54.96, 5.30			12.87, 66.45, 5.16			15.07, 68.32, 4.53
10.40, 62.60, 6.02			12.36, 58.85, 4.76			16.40, 142.79, 8.71
10.92, 59.49, 5.45			13.12, 80.28, 6.12			14.75, 83.23, 5.64
10.90, 62.17, 5.70			12.04, 63.69, 5.29			15.59, 111.69, 7.16
9.71, 58.52, 6.03			13.04, 55.62, 4.27			14.72, 76.03, 5.17
10.22, 56.64, 5.54			12.37, 56.15, 4.54			14.72, 76.84, 5.22
10.74, 59.71, 5.56			13.08, 58.37, 4.46			15.78, 90.20, 5.72
9.80, 51.58, 5.26			13.40, 61.68, 4.60			14.16, 80.46, 5.68
10.24, 63.27, 6.18			13.34, 59.41, 4.45			14.16, 84.48, 5.97
10.34, 57.43, 5.55			13.48, 70.16, 5.20			14.70, 67.42, 4.59
10.00, 60.35, 6.03			13.96, 105.49, 7.56			14.57, 94.94, 6.52
10.54, 61.06, 5.79			12.92, 90.34, 6.99			14.97, 93.63, 6.25
9.91, 56.46, 5.70			12.72, 59.52, 4.68			15.41, 96.65, 6.27
10.12, 55.83, 5.51			12.75, 66.43, 5.21			13.89, 67.41, 4.85
11.14, 54.52, 4.90			13.04, 73.12, 5.61			14.38, 79.68, 5.54
10.74, 59.34, 5.52			12.51, 85.42, 6.83			14.25, 59.82, 4.20
9.74, 56.17, 5.77			13.44, 68.15, 5.07			13.06, 81.59, 6.25
11.29, 60.53, 5.36			13.17, 79.04, 6.00			15.44, 99.36, 6.44
10.50, 53.73, 5.12			12.31, 53.83, 4.37			15.51, 136.77, 8.82
11.32, 55.35, 4.89			13.01, 60.28, 4.63			14.80, 119.22, 8.05
11.21, 60.81, 5.43			13.21, 64.67, 4.90			14.22, 61.89, 4.35
10.64, 56.53, 5.31			12.52, 66.08, 5.28			14.17, 74.67, 5.27
10.24, 55.37, 5.41			11.84, 61.38, 5.18			14.57, 68.88, 4.73
9.95, 51.95, 5.22			13.13, 72.79, 5.54			14.46, 71.41, 4.94
10.31, 58.72, 5.69			13.89, 64.63, 4.65			15.09, 126.55, 8.38
9.10, 53.99, 5.94			13.51, 74.95, 5.55			14.33, 64.42, 4.50
10.48, 59.10, 5.64			13.60, 69.00, 5.07			14.28, 66.26, 4.64
10.20, 51.49, 5.05			13.29, 67.78, 5.10			14.85, 108.28, 7.29
8.76, 51.83, 5.92			12.90, 77.74, 6.03			13.98, 66.56, 4.76
10.27, 55.25, 5.38			13.20, 123.23, 9.34			14.66, 80.34, 5.48
10.17, 55.74, 5.48			12.72, 55.62, 4.37			13.67, 65.09, 4.76
10.09, 53.26, 5.28			12.21, 63.87, 5.23			14.37, 122.04, 8.49
8.65, 54.80, 6.33			12.60, 60.58, 4.81			14.52, 59.77, 4.12
10.69, 54.27, 5.08			12.80, 62.27, 4.86			14.19, 60.56, 4.27
9.26, 51.67, 5.58			12.28, 55.09, 4.49			14.13, 112.63, 7.97
9.69, 48.18, 4.97			12.79, 62.05, 4.85			14.76, 75.84, 5.14
9.63, 48.37, 5.02			13.54, 88.90, 6.57			15.05, 93.65, 6.22
9.78, 63.58, 6.50			12.68, 58.94, 4.65			14.76, 68.08, 4.61
9.56, 50.69, 5.30			13.31, 61.34, 4.61			14.68, 96.68, 6.59
9.33, 51.60, 5.53			12.23, 53.82, 4.40			13.66, 82.98, 6.08
9.74, 52.06, 5.34			12.47, 54.79, 4.39			14.65, 65.16, 4.45
10.20, 57.51, 5.64			13.51, 63.63, 4.71			14.51, 58.25, 4.01
9.46, 51.52, 5.45			12.75, 58.99, 4.63			14.12, 64.38, 4.56
10.34, 53.19, 5.14			13.01, 64.26, 4.94			14.28, 75.43, 5.28
10.23, 53.29, 5.21			11.08, 51.40, 4.64			15.19, 99.44, 6.55
10.20, 57.83, 5.67			11.61, 62.69, 5.40			14.15, 92.35, 6.53
8.91, 47.88, 5.37			11.93, 70.83, 5.94			14.65, 64.20, 4.38
8.98, 55.06, 6.13			12.17, 60.32, 4.96			14.40, 60.28, 4.19
9.75, 45.32, 4.65			12.45, 62.91, 5.05			14.19, 70.48, 4.97
9.75, 54.18, 5.56			12.31, 58.51, 4.75
10.27, 50.91, 4.96			10.96, 60.23, 5.49
9.09, 46.01, 5.06			11.20, 61.40, 5.48
10.71, 55.81, 5.21			11.62, 57.54, 4.95
10.26, 56.93, 5.55			12.45, 55.86, 4.49
9.80, 57.26, 5.84			12.28, 57.64, 4.69
9.69, 52.51, 5.42			13.10, 74.81, 5.71
10.04, 57.98, 5.77			12.60, 64.30, 5.10
9.72, 52.16, 5.36			13.15, 76.86, 5.85
10.04, 57.57, 5.73			12.01, 58.00, 4.83
9.33, 51.23, 5.49			12.63, 53.54, 4.24
9.73, 59.66, 6.13			12.00, 59.44, 4.95
10.42, 49.32, 4.73			11.91, 67.42, 5.66
9.57, 50.12, 5.24			12.57, 69.83, 5.56
9.90, 54.05, 5.46			12.64, 65.89, 5.21
10.64, 94.08, 8.84			11.45, 62.52, 5.46
9.42, 54.71, 5.81			12.14, 64.77, 5.33
10.15, 55.12, 5.43			12.41, 67.43, 5.43
10.14, 57.22, 5.65			12.13, 60.27, 4.97
10.20, 53.21, 5.22			14.15, 113.17, 8.00
8.79, 53.83, 6.13			13.56, 66.60, 4.91
9.96, 54.12, 5.43			12.37, 64.47, 5.21
9.38, 52.05, 5.55			12.83, 53.85, 4.20
9.42, 52.76, 5.60			12.15, 61.03, 5.02
8.71, 52.23, 5.99			12.64, 68.03, 5.38
8.72, 50.47, 5.79			12.49, 63.28, 5.07
9.59, 51.20, 5.34			13.14, 74.23, 5.65
9.16, 52.20, 5.70			12.32, 59.64, 4.84
9.68, 60.99, 6.30			13.29, 64.89, 4.88
8.84, 50.33, 5.69			12.26, 64.51, 5.26
8.89, 54.67, 6.15			12.55, 62.19, 4.96
9.15, 56.05, 6.13			13.15, 68.98, 5.25
8.85, 48.53, 5.48			12.17, 67.19, 5.52
10.29, 53.34, 5.18			12.76, 61.92, 4.85
9.06, 54.22, 5.98			13.16, 58.43, 4.44
10.25, 53.39, 5.21			12.29, 47.09, 3.83
8.80, 52.38, 5.95			13.31, 76.03, 5.71
9.03, 54.28, 6.01			11.84, 50.51, 4.26
9.25, 48.43, 5.23			12.96, 61.59, 4.75
10.42, 53.15, 5.10			12.70, 79.70, 6.28
9.42, 54.63, 5.80			11.62, 65.71, 5.65
8.56, 58.08, 6.78			12.10, 57.16, 4.72
9.38, 51.21, 5.46			12.64, 53.62, 4.24
9.22, 50.84, 5.52			13.80, 60.51, 4.39
10.03, 47.83, 4.77			12.41, 61.28, 4.94
10.05, 50.92, 5.07			13.06, 58.43, 4.47
9.53, 53.86, 5.65			13.33, 74.28, 5.57
10.24, 63.72, 6.22			12.65, 64.09, 5.07
9.52, 54.52, 5.73			13.13, 85.85, 6.54
9.11, 55.51, 6.09			12.99, 52.60, 4.05
8.83, 54.10, 6.13			12.20, 82.06, 6.72
8.99, 47.27, 5.26			12.86, 65.59, 5.10
10.30, 54.97, 5.34			12.18, 84.87, 6.97
10.29, 46.76, 4.54			13.38, 64.21, 4.80
9.61, 49.76, 5.18			12.27, 57.61, 4.69
9.92, 54.87, 5.53			11.86, 58.34, 4.92
10.05, 57.15, 5.69			11.65, 55.03, 4.72
10.16, 52.37, 5.15			12.07, 59.19, 4.91
9.71, 58.56, 6.03			12.42, 58.84, 4.74
9.81, 59.26, 6.04			12.28, 60.08, 4.89
9.29, 53.52, 5.76			12.12, 62.65, 5.17
9.46, 63.77, 6.74			12.31, 50.50, 4.10
9.95, 59.49, 5.98			12.36, 61.34, 4.96
9.57, 57.00, 5.95			13.52, 67.59, 5.00
10.14, 52.16, 5.15			12.12, 59.20, 4.88
9.89, 46.50, 4.70			13.15, 62.12, 4.72
8.83, 47.41, 5.37			12.38, 62.51, 5.05
10.70, 56.96, 5.32			13.21, 59.22, 4.48
10.59, 91.59, 8.65			12.72, 107.53, 8.45
9.34, 50.13, 5.37			12.21, 55.70, 4.56
10.63, 58.83, 5.53			12.09, 88.31, 7.31
10.59, 52.74, 4.98			13.01, 58.45, 4.49
10.14, 52.78, 5.21			12.13, 63.55, 5.24
9.41, 42.57, 4.53			12.54, 62.03, 4.95
9.97, 52.85, 5.30			11.82, 51.85, 4.39
9.88, 60.63, 6.14			11.67, 59.67, 5.11
10.72, 59.52, 5.55			11.43, 62.46, 5.47
9.54, 42.31, 4.43			12.37, 51.03, 4.13
9.98, 54.03, 5.41			13.08, 70.59, 5.40
10.93, 57.21, 5.23			12.52, 62.73, 5.01
9.54, 61.26, 6.42			12.46, 56.01, 4.50
11.48, 57.35, 5.00			11.55, 63.46, 5.49
9.41, 52.19, 5.55			13.26, 67.17, 5.06
9.86, 53.88, 5.47			12.20, 49.08, 4.02
9.62, 59.86, 6.22			12.39, 59.05, 4.76
9.13, 48.12, 5.27			11.62, 71.67, 6.17
10.17, 52.83, 5.20			12.85, 72.67, 5.66
9.54, 51.18, 5.36			12.48, 47.79, 3.83
9.93, 56.09, 5.65			12.30, 62.68, 5.10
10.09, 59.78, 5.92			12.49, 59.87, 4.79
9.66, 50.17, 5.19			12.36, 63.67, 5.15
8.96, 48.11, 5.37			12.99, 82.57, 6.35
10.57, 51.68, 4.89			11.91, 64.62, 5.43
10.32, 53.19, 5.15			13.04, 64.06, 4.91
10.00, 58.14, 5.81			12.36, 59.56, 4.82
9.50, 63.00, 6.63			12.71, 69.02, 5.43
9.43, 53.46, 5.67			11.82, 47.95, 4.06
10.68, 53.05, 4.97			12.69, 58.59, 4.62
9.17, 44.53, 4.86			12.18, 69.96, 5.74
9.84, 48.98, 4.98			12.66, 73.62, 5.82
10.40, 48.98, 4.71			12.75, 55.03, 4.32
9.61, 50.93, 5.30			12.26, 58.67, 4.79
9.92, 54.73, 5.52			13.55, 70.35, 5.19
9.14, 49.71, 5.44			12.73, 69.93, 5.49
10.12, 51.28, 5.07			11.79, 50.84, 4.31
8.68, 56.73, 6.54			11.37, 48.40, 4.26
9.51, 46.86, 4.93			12.64, 58.35, 4.62
10.25, 58.01, 5.66			12.23, 55.42, 4.53
9.56, 72.51, 7.58			12.82, 61.61, 4.80
10.00, 49.73, 4.97			11.67, 62.19, 5.33
9.63, 56.98, 5.92			12.18, 73.69, 6.05
9.62, 54.12, 5.63			12.09, 63.27, 5.23
9.97, 53.12, 5.33			12.10, 59.77, 4.94
9.52, 51.08, 5.37			12.08, 57.81, 4.79
10.98, 64.20, 5.85			12.07, 49.04, 4.06
9.36, 57.43, 6.14			12.45, 71.06, 5.71
11.50, 62.30, 5.42			12.23, 60.40, 4.94
9.37, 47.88, 5.11			12.34, 63.80, 5.17
9.33, 45.14, 4.84			12.44, 63.51, 5.11
10.12, 55.45, 5.48			12.17, 57.38, 4.71
9.33, 47.24, 5.06			11.50, 66.12, 5.75
10.37, 57.49, 5.54			12.00, 56.35, 4.70
10.09, 49.82, 4.94			12.63, 54.62, 4.33
9.98, 50.15, 5.03			11.82, 50.58, 4.28
9.54, 52.50, 5.50			13.48, 59.17, 4.39
10.25, 51.23, 5.00			12.24, 61.05, 4.99
10.35, 49.45, 4.78			12.01, 64.78, 5.39
10.97, 66.12, 6.03			11.84, 61.82, 5.22
10.36, 58.85, 5.68			12.69, 83.39, 6.57
9.84, 53.84, 5.47			12.64, 58.92, 4.66
9.15, 41.54, 4.54			12.86, 86.49, 6.73
9.91, 55.56, 5.60			12.19, 67.34, 5.52
9.59, 47.91, 5.00			12.90, 61.09, 4.73
9.77, 51.91, 5.31			11.61, 73.64, 6.34
9.42, 58.42, 6.20			12.90, 65.98, 5.11
9.48, 58.16, 6.13			12.67, 52.81, 4.17
10.43, 61.38, 5.89			12.34, 62.38, 5.06
9.81, 53.24, 5.43			12.93, 58.94, 4.56
10.81, 57.22, 5.29			12.38, 58.18, 4.70
9.69, 57.19, 5.90			12.47, 59.50, 4.77
11.19, 57.62, 5.15			13.28, 79.63, 6.00
10.72, 62.62, 5.84			12.09, 59.53, 4.92
11.06, 56.31, 5.09			12.53, 65.80, 5.25
10.08, 57.82, 5.73			12.17, 59.31, 4.87
11.17, 57.93, 5.19			12.11, 67.35, 5.56
11.35, 57.71, 5.09			12.44, 62.61, 5.03
10.47, 52.67, 5.03			11.95, 68.46, 5.73
10.13, 55.94, 5.52			12.15, 53.55, 4.41
10.71, 57.89, 5.40			12.31, 62.86, 5.11
10.44, 57.71, 5.53			13.13, 59.95, 4.57
10.63, 55.81, 5.25			12.33, 53.47, 4.34
11.37, 55.93, 4.92			11.22, 52.30, 4.66
11.08, 57.57, 5.20			12.79, 79.03, 6.18
9.46, 57.97, 6.13			13.33, 60.12, 4.51
11.33, 60.89, 5.37			12.47, 67.28, 5.40
11.05, 59.56, 5.39			12.42, 55.90, 4.50
10.93, 59.60, 5.45			13.17, 66.26, 5.03
10.81, 58.70, 5.43			12.38, 59.73, 4.83
10.56, 57.01, 5.40			11.06, 58.22, 5.26
11.14, 60.07, 5.39			12.15, 53.72, 4.42
10.04, 68.74, 6.85			11.51, 59.62, 5.18
10.33, 53.22, 5.15			12.41, 82.76, 6.67
11.14, 52.59, 4.72			11.98, 61.23, 5.11
10.56, 56.70, 5.37			12.03, 51.26, 4.26
9.94, 53.55, 5.38			11.30, 58.15, 5.15
11.08, 59.78, 5.40			10.78, 54.43, 5.05
10.63, 63.55, 5.98			11.61, 55.47, 4.78
10.45, 61.78, 5.91			12.16, 50.33, 4.14
10.52, 54.88, 5.22			11.29, 51.65, 4.58
11.44, 54.61, 4.77			12.04, 44.40, 3.69
10.45, 54.69, 5.24			11.48, 53.91, 4.70
10.46, 61.10, 5.84			12.06, 75.74, 6.28
9.76, 55.86, 5.73			11.64, 52.29, 4.49
11.47, 62.04, 5.41			11.78, 54.33, 4.61
11.40, 58.82, 5.16			12.30, 53.56, 4.35
11.05, 57.24, 5.18			12.12, 67.46, 5.56
10.75, 59.48, 5.53			11.74, 62.65, 5.33
10.26, 52.60, 5.13			11.83, 82.31, 6.95
10.67, 61.16, 5.73			11.35, 51.37, 4.53
9.90, 53.24, 5.38			12.02, 56.64, 4.71
11.13, 60.79, 5.46			11.33, 53.23, 4.70
10.29, 57.69, 5.61			11.79, 55.86, 4.74
10.91, 63.31, 5.80			12.33, 59.84, 4.85
10.87, 52.31, 4.81			11.97, 59.46, 4.97
10.45, 51.33, 4.91			11.98, 71.50, 5.97
10.09, 52.64, 5.22			12.97, 60.28, 4.65
10.74, 57.03, 5.31			11.92, 54.09, 4.54
10.43, 56.79, 5.45			11.57, 49.77, 4.30
10.61, 55.33, 5.21			12.44, 52.74, 4.24
10.94, 59.83, 5.47			11.84, 55.35, 4.67
10.62, 63.70, 6.00			12.53, 55.25, 4.41
10.94, 59.35, 5.43			12.26, 56.98, 4.65
11.25, 55.97, 4.98			12.75, 56.87, 4.46
11.18, 63.39, 5.67			12.13, 62.70, 5.17
10.98, 57.81, 5.27			12.55, 61.81, 4.92
10.47, 60.03, 5.73			12.52, 58.44, 4.67
10.54, 54.24, 5.15			12.31, 63.71, 5.17
11.16, 57.94, 5.19			11.61, 48.94, 4.21
10.29, 59.64, 5.79			11.54, 51.59, 4.47
10.53, 57.70, 5.48			12.99, 80.80, 6.22
10.70, 61.43, 5.74			12.49, 55.23, 4.42
10.31, 55.39, 5.37			11.24, 45.28, 4.03
10.49, 58.90, 5.61			10.80, 59.62, 5.52
9.88, 75.89, 7.68			11.64, 64.58, 5.55
10.05, 54.63, 5.44			12.36, 60.76, 4.92
10.67, 56.38, 5.28			11.99, 53.03, 4.42
10.21, 59.53, 5.83			11.92, 65.65, 5.51
10.16, 62.63, 6.17			12.20, 45.11, 3.70
10.25, 60.41, 5.90			11.94, 51.04, 4.27
10.62, 60.73, 5.72			11.76, 69.70, 5.93
10.73, 57.12, 5.32			11.98, 72.71, 6.07
10.76, 51.76, 4.81			12.76, 62.74, 4.92
10.29, 54.35, 5.28			12.02, 51.93, 4.32
11.67, 62.15, 5.33			11.77, 48.92, 4.16
10.27, 51.97, 5.06			12.35, 62.99, 5.10
9.06, 51.32, 5.67			12.02, 55.74, 4.64
7.90, 45.07, 5.70			11.60, 51.08, 4.40
8.68, 56.32, 6.49			12.50, 69.06, 5.53
7.82, 53.69, 6.87			12.58, 54.67, 4.35
7.89, 43.52, 5.51			11.37, 54.56, 4.80
10.58, 52.14, 4.93			12.10, 69.97, 5.78
10.01, 53.93, 5.39			12.54, 56.73, 4.53
10.69, 56.35, 5.27			11.87, 58.65, 4.94
10.49, 62.63, 5.97			12.76, 57.00, 4.47
10.96, 49.66, 4.53			11.54, 58.96, 5.11
10.78, 51.68, 4.79			11.18, 83.83, 7.50
10.63, 60.38, 5.68			11.64, 84.29, 7.24
10.59, 52.92, 5.00			10.77, 49.09, 4.56
10.52, 56.99, 5.42			11.61, 50.56, 4.35
11.33, 53.36, 4.71			10.81, 53.22, 4.93
10.05, 45.55, 4.53			11.13, 53.29, 4.79
10.55, 56.12, 5.32			11.48, 51.95, 4.52
9.64, 55.12, 5.72			12.05, 51.35, 4.26
10.07, 55.24, 5.49			11.20, 56.03, 5.00
10.66, 50.22, 4.71			11.75, 87.62, 7.46
10.98, 63.48, 5.78			11.71, 51.01, 4.36
10.69, 52.08, 4.87			11.41, 52.28, 4.58
11.12, 75.23, 6.76			10.82, 55.35, 5.11
11.05, 57.14, 5.17			11.56, 56.35, 4.88
9.96, 58.71, 5.90			10.48, 54.04, 5.16
9.11, 56.29, 6.18			11.76, 53.45, 4.55
10.29, 59.96, 5.83			12.03, 73.36, 6.10
11.11, 59.72, 5.38			12.01, 56.55, 4.71
11.03, 55.63, 5.04			11.50, 53.88, 4.69
10.79, 56.23, 5.21			11.68, 54.16, 4.64
10.63, 59.63, 5.61			11.27, 53.62, 4.76
11.42, 59.82, 5.24			11.75, 69.56, 5.92
10.34, 54.64, 5.29			11.45, 55.79, 4.87
10.39, 56.06, 5.39			11.49, 44.47, 3.87
10.23, 47.01, 4.59			11.84, 50.72, 4.28
11.06, 60.09, 5.43			11.48, 48.29, 4.21
10.30, 59.16, 5.74			10.83, 51.33, 4.74
10.50, 52.96, 5.04			11.89, 61.97, 5.21
11.05, 57.33, 5.19			11.57, 55.93, 4.83
10.74, 58.30, 5.43			11.25, 46.33, 4.12
11.46, 64.23, 5.61			11.03, 53.71, 4.87
10.05, 59.22, 5.89			11.39, 54.08, 4.75
11.19, 63.09, 5.64			11.42, 58.04, 5.08
11.58, 53.55, 4.62			11.79, 74.74, 6.34
10.09, 56.03, 5.55			10.85, 55.54, 5.12
11.18, 55.51, 4.96			11.14, 55.50, 4.98
11.24, 53.22, 4.73			11.45, 62.07, 5.42
11.04, 62.08, 5.62			11.49, 59.37, 5.17
10.66, 53.27, 5.00			11.89, 55.65, 4.68
10.64, 55.02, 5.17			10.57, 47.96, 4.54
10.23, 56.91, 5.56			11.68, 57.20, 4.90
10.84, 54.33, 5.01			11.21, 54.46, 4.86
11.17, 59.71, 5.35			12.82, 57.32, 4.47
10.68, 62.29, 5.83			11.70, 89.27, 7.63
10.47, 53.78, 5.13			10.79, 53.67, 4.97
10.21, 57.36, 5.62			11.52, 56.62, 4.91
10.73, 56.56, 5.27			11.00, 58.03, 5.28
9.91, 58.47, 5.90			11.52, 57.92, 5.03
11.38, 56.59, 4.97			11.36, 47.16, 4.15
10.73, 57.60, 5.37			11.44, 66.73, 5.83
10.59, 58.64, 5.54			11.64, 59.03, 5.07
11.16, 58.01, 5.20			11.96, 65.10, 5.44
11.02, 56.34, 5.11			11.14, 49.40, 4.43
10.76, 57.19, 5.32			11.99, 80.07, 6.68
10.60, 58.84, 5.55			11.36, 45.24, 3.98
11.21, 64.84, 5.78			10.62, 60.55, 5.70
10.35, 58.78, 5.68			11.32, 48.90, 4.32
10.16, 55.32, 5.44			12.14, 53.34, 4.39
10.19, 53.21, 5.22			11.52, 55.70, 4.84
11.42, 55.58, 4.87			11.70, 57.35, 4.90
10.47, 54.85, 5.24			11.55, 50.61, 4.38
10.75, 63.01, 5.86			11.57, 51.71, 4.47
10.70, 52.87, 4.94			11.56, 56.11, 4.85
9.84, 52.93, 5.38			11.51, 48.68, 4.23
9.69, 52.52, 5.42			10.43, 48.09, 4.61
10.16, 58.63, 5.77			12.33, 75.07, 6.09
11.21, 63.80, 5.69			10.99, 65.32, 5.94
10.79, 55.62, 5.16			11.40, 54.12, 4.75
10.87, 56.33, 5.18			11.48, 50.47, 4.40
9.66, 42.44, 4.39			11.45, 60.72, 5.30
9.78, 55.91, 5.72			10.79, 53.49, 4.96
10.28, 50.81, 4.94			11.26, 65.18, 5.79
10.64, 60.85, 5.72			11.77, 60.34, 5.12
10.88, 62.57, 5.75			12.33, 55.01, 4.46
10.66, 55.79, 5.23			11.44, 52.13, 4.56
9.71, 51.76, 5.33			12.00, 73.63, 6.14
11.54, 60.12, 5.21			11.77, 58.36, 4.96
11.11, 55.56, 5.00			11.97, 55.02, 4.60
10.81, 59.65, 5.52			11.32, 52.11, 4.60
10.47, 53.27, 5.09			11.32, 52.14, 4.61
10.23, 58.93, 5.76			11.79, 48.78, 4.14
9.91, 53.41, 5.39			11.35, 74.85, 6.59
10.69, 61.54, 5.76			11.38, 49.46, 4.35
10.35, 49.59, 4.79			10.74, 52.82, 4.92
10.55, 58.59, 5.55			11.82, 58.00, 4.91
11.02, 65.19, 5.91			11.86, 56.53, 4.77
10.34, 55.38, 5.36			11.48, 58.96, 5.14
10.90, 56.35, 5.17			11.19, 51.36, 4.59
10.84, 59.07, 5.45			11.65, 55.05, 4.73
10.46, 61.45, 5.87			11.29, 56.56, 5.01
11.14, 54.35, 4.88			12.05, 55.70, 4.62
10.53, 56.38, 5.35			11.25, 55.21, 4.91
11.16, 56.51, 5.07			11.16, 56.67, 5.08
11.00, 61.65, 5.60			12.28, 58.81, 4.79
10.63, 62.67, 5.89			11.13, 50.12, 4.50
10.16, 59.28, 5.84			11.93, 54.83, 4.60
10.05, 53.74, 5.35			12.03, 60.94, 5.06
9.77, 49.06, 5.02			10.98, 47.85, 4.36
10.94, 60.67, 5.54			11.46, 56.54, 4.93
11.04, 60.54, 5.48			11.75, 50.39, 4.29
9.90, 52.98, 5.35			11.56, 57.42, 4.97
10.53, 51.59, 4.90			11.77, 78.23, 6.64
10.47, 55.09, 5.26			12.03, 56.73, 4.71
10.14, 60.49, 5.96			12.05, 55.08, 4.57
10.41, 51.90, 4.98			10.79, 48.79, 4.52
10.80, 61.75, 5.72			11.66, 53.30, 4.57
11.34, 59.53, 5.25			11.57, 52.18, 4.51
9.61, 49.43, 5.15			10.72, 52.96, 4.94
11.85, 56.82, 4.80			12.12, 65.78, 5.43
10.02, 58.37, 5.82			11.48, 53.04, 4.62
10.58, 60.62, 5.73			11.82, 55.22, 4.67
11.18, 55.57, 4.97			11.55, 52.98, 4.59
9.58, 52.10, 5.44			11.24, 76.92, 6.84
11.04, 59.46, 5.39			11.64, 53.53, 4.60
10.56, 55.60, 5.26			11.62, 52.19, 4.49
9.84, 64.54, 6.56			10.89, 55.85, 5.13
9.21, 50.01, 5.43			11.08, 46.68, 4.21
9.85, 57.54, 5.84			12.12, 55.70, 4.60
9.71, 57.45, 5.92			10.53, 42.24, 4.01
9.49, 54.50, 5.74			12.64, 53.64, 4.24
9.12, 48.26, 5.29			11.71, 69.65, 5.95
			11.19, 68.30, 6.10
SET 3 - Reading taken before bulb readings was taken			11.37, 65.83, 5.79
10.64, 57.44, 5.40			11.54, 66.93, 5.80
11.02, 61.90, 5.62			11.34, 56.44, 4.98
11.18, 54.01, 4.83			11.45, 55.06, 4.81
11.28, 62.62, 5.55			11.56, 50.35, 4.36
11.07, 52.46, 4.74			11.74, 52.39, 4.46
11.48, 58.81, 5.12			11.28, 60.47, 5.36
11.05, 59.02, 5.34			11.48, 54.67, 4.76
11.94, 74.52, 6.24			11.89, 76.75, 6.46
12.52, 63.75, 5.09			11.56, 59.18, 5.12
11.95, 94.51, 7.91			10.83, 40.30, 3.72
11.31, 60.80, 5.37			11.23, 51.90, 4.62
12.71, 61.51, 4.84			11.54, 62.12, 5.38
11.55, 52.17, 4.52			11.77, 53.94, 4.59
12.45, 61.62, 4.95			12.18, 53.61, 4.40
11.42, 58.89, 5.16			11.26, 46.19, 4.10
12.38, 81.32, 6.57			12.39, 61.54, 4.97
12.37, 57.53, 4.65			11.98, 57.59, 4.81
12.40, 63.60, 5.13			11.74, 55.29, 4.71
11.82, 56.92, 4.82			12.22, 61.64, 5.04
11.82, 61.76, 5.23			11.87, 58.26, 4.91
11.18, 63.61, 5.69			11.14, 49.36, 4.43
10.61, 51.25, 4.83			12.29, 69.84, 5.68
12.13, 60.56, 4.99			11.64, 65.32, 5.61
11.45, 61.16, 5.34			11.55, 59.57, 5.16
12.23, 68.11, 5.57			11.25, 55.82, 4.96
11.61, 54.32, 4.68			12.97, 60.08, 4.63
12.88, 60.11, 4.67			11.95, 64.66, 5.41
11.71, 59.65, 5.09			11.94, 56.97, 4.77
12.93, 67.62, 5.23			11.72, 62.51, 5.33
11.52, 62.46, 5.42			11.71, 44.37, 3.79
12.04, 65.23, 5.42			11.78, 63.15, 5.36
11.39, 53.73, 4.72			12.15, 56.91, 4.69
12.19, 63.27, 5.19			11.98, 53.88, 4.50
12.93, 75.62, 5.85			12.34, 56.55, 4.58
11.31, 58.30, 5.15			11.89, 58.62, 4.93
11.59, 61.43, 5.30			13.31, 58.42, 4.39
12.20, 61.98, 5.08			11.82, 55.85, 4.73
11.13, 59.52, 5.35			10.86, 60.88, 5.61
11.43, 73.45, 6.43			11.74, 57.11, 4.87
12.45, 60.69, 4.88			12.89, 49.17, 3.82
11.83, 70.60, 5.97			12.71, 63.70, 5.01
12.09, 66.61, 5.51			13.37, 56.69, 4.24
11.28, 59.50, 5.27			13.44, 63.11, 4.70
11.93, 68.77, 5.77			12.09, 74.04, 6.12
12.06, 67.49, 5.60			11.52, 54.15, 4.70
13.22, 65.91, 4.99			13.21, 64.64, 4.89
11.98, 67.42, 5.63			12.00, 57.38, 4.78
12.59, 65.60, 5.21			12.25, 60.71, 4.96
12.01, 64.67, 5.39			12.66, 74.27, 5.86
11.27, 59.40, 5.27			12.38, 50.84, 4.11
11.61, 57.88, 4.98			12.49, 59.41, 4.76
10.91, 62.61, 5.74			12.54, 66.71, 5.32
11.87, 62.67, 5.28			13.07, 68.93, 5.28
11.83, 68.82, 5.82			12.81, 62.35, 4.87
11.40, 63.61, 5.58			12.25, 56.91, 4.65
11.50, 59.38, 5.16			12.90, 56.06, 4.35
12.04, 57.94, 4.81			12.89, 59.41, 4.61
12.97, 65.86, 5.08			12.71, 59.01, 4.64
11.74, 59.15, 5.04			12.35, 54.39, 4.40
12.24, 59.05, 4.83			11.77, 51.94, 4.41
11.30, 59.14, 5.23			12.59, 51.05, 4.05
11.61, 62.59, 5.39			12.88, 58.34, 4.53
13.03, 57.99, 4.45			12.84, 64.34, 5.01
12.32, 62.36, 5.06			12.38, 45.63, 3.69
12.47, 69.33, 5.56			12.78, 71.30, 5.58
11.78, 60.97, 5.18			11.36, 61.88, 5.45
12.16, 59.35, 4.88			12.18, 57.58, 4.73
11.86, 66.70, 5.62			11.97, 66.81, 5.58
11.23, 57.41, 5.11			12.58, 86.82, 6.90
12.63, 74.72, 5.91			11.54, 61.27, 5.31
12.36, 66.29, 5.36			12.36, 55.75, 4.51
11.73, 67.68, 5.77			13.86, 66.46, 4.80
10.63, 63.51, 5.98			11.82, 51.21, 4.33
11.75, 58.40, 4.97			11.93, 58.53, 4.91
10.59, 53.11, 5.01			11.56, 52.46, 4.54
12.82, 61.04, 4.76			12.44, 68.72, 5.52
12.08, 66.18, 5.48			12.13, 68.21, 5.62
11.20, 61.91, 5.53			13.14, 101.30, 7.71
11.67, 62.30, 5.34			12.86, 62.21, 4.84
11.09, 57.41, 5.18			12.73, 60.09, 4.72
11.65, 61.38, 5.27			11.68, 62.84, 5.38
11.33, 60.20, 5.31			11.88, 54.66, 4.60
11.57, 64.68, 5.59			13.03, 73.41, 5.63
11.75, 54.94, 4.68			12.36, 56.02, 4.53
11.60, 64.28, 5.54			12.86, 74.95, 5.83
11.30, 62.51, 5.53			12.41, 68.12, 5.49
11.51, 65.22, 5.67			11.41, 55.59, 4.87
11.52, 61.23, 5.32			13.17, 66.34, 5.04
12.28, 66.07, 5.38			12.82, 61.02, 4.76
12.33, 61.09, 4.95			12.17, 49.23, 4.05
11.68, 57.16, 4.89			12.30, 62.33, 5.07
11.74, 61.77, 5.26			12.20, 65.20, 5.34
11.02, 62.12, 5.63			12.89, 69.54, 5.40
12.18, 60.03, 4.93			11.98, 66.93, 5.59
12.03, 58.48, 4.86			13.00, 57.10, 4.39
12.07, 61.73, 5.11			12.07, 59.74, 4.95
11.68, 56.94, 4.87			11.36, 54.92, 4.83
12.44, 62.36, 5.01			11.71, 60.48, 5.17
11.66, 58.76, 5.04			12.59, 55.37, 4.40
13.07, 62.55, 4.78			12.46, 61.27, 4.92
11.97, 59.39, 4.96			12.15, 71.07, 5.85
11.88, 61.09, 5.14			11.82, 54.99, 4.65
12.13, 65.81, 5.42			12.59, 76.56, 6.08
11.28, 60.63, 5.38			13.48, 66.63, 4.94
11.42, 62.44, 5.47			12.23, 77.21, 6.31
11.56, 59.76, 5.17			12.50, 55.87, 4.47
11.36, 57.79, 5.09			12.14, 59.38, 4.89
12.56, 62.51, 4.97			11.93, 61.53, 5.16
11.88, 66.31, 5.58			12.09, 50.20, 4.15
12.64, 66.70, 5.28			11.98, 58.52, 4.89
11.89, 54.56, 4.59			12.72, 65.91, 5.18
12.59, 63.19, 5.02			11.64, 48.49, 4.17
11.80, 66.02, 5.60			11.40, 55.17, 4.84
12.60, 62.85, 4.99			12.51, 68.77, 5.50
10.90, 63.74, 5.85			12.14, 66.22, 5.45
10.88, 54.61, 5.02			11.88, 62.08, 5.23
10.56, 53.86, 5.10			12.70, 64.36, 5.07
11.01, 71.87, 6.53			12.61, 55.63, 4.41
11.06, 69.11, 6.25			11.67, 53.63, 4.60
10.44, 56.64, 5.43			11.81, 67.29, 5.70
10.97, 59.46, 5.42			11.99, 55.61, 4.64
10.72, 54.50, 5.08			11.14, 60.30, 5.41
10.91, 66.83, 6.12			11.97, 54.24, 4.53
11.38, 57.76, 5.07			12.08, 64.13, 5.31
			11.41, 58.21, 5.10
SET $- After I ejected the power and joined , no load readings			11.95, 51.13, 4.28
11.19, 61.49, 5.50			12.90, 67.40, 5.23
9.61, 58.91, 6.13			11.79, 60.95, 5.17
10.99, 62.69, 5.70			11.96, 54.39, 4.55
11.41, 70.25, 6.16			12.31, 58.01, 4.71
12.71, 76.51, 6.02			11.79, 51.32, 4.35
10.54, 58.61, 5.56			12.36, 69.72, 5.64
12.18, 66.05, 5.42			11.96, 58.89, 4.92
11.08, 61.85, 5.58			12.87, 62.57, 4.86
10.31, 60.32, 5.85			11.27, 44.76, 3.97
12.24, 54.61, 4.46			11.45, 55.14, 4.82
11.02, 61.62, 5.59			12.15, 57.49, 4.73
11.22, 59.90, 5.34			12.01, 53.69, 4.47
11.53, 66.43, 5.76			11.63, 53.52, 4.60
11.55, 66.80, 5.78			11.94, 61.38, 5.14
11.18, 61.77, 5.53			12.12, 55.03, 4.54
10.77, 58.62, 5.44			11.08, 56.41, 5.09
11.71, 76.07, 6.50			11.76, 58.23, 4.95
10.17, 52.94, 5.20			11.00, 60.41, 5.49
11.26, 64.51, 5.73			11.66, 57.57, 4.94
11.00, 57.77, 5.25			12.92, 79.14, 6.13
13.14, 55.76, 4.24			11.93, 63.47, 5.32
10.81, 59.63, 5.52
11.91, 61.99, 5.21			SET 4- After set 6 of no load
11.66, 65.77, 5.64			10.56, 69.19, 6.55
11.54, 55.34, 4.80			11.95, 70.16, 5.87
10.92, 59.11, 5.41			12.13, 57.11, 4.71
11.14, 60.18, 5.40			12.07, 57.98, 4.80
6.58, 32.65, 4.97			12.89, 109.59, 8.50
7.84, 48.09, 6.14			11.73, 57.53, 4.90
8.84, 51.85, 5.87			11.79, 58.55, 4.97
7.38, 42.26, 5.72			12.39, 62.60, 5.05
8.66, 48.86, 5.64			12.85, 64.43, 5.02
7.37, 51.90, 7.04			12.19, 58.84, 4.83
7.89, 49.52, 6.27			12.23, 57.09, 4.67
7.99, 53.70, 6.73			12.39, 65.57, 5.29
8.42, 51.88, 6.16			12.97, 104.71, 8.08
7.42, 50.99, 6.87			11.86, 55.49, 4.68
7.10, 39.03, 5.50			12.36, 71.46, 5.78
7.41, 49.49, 6.68			12.69, 70.79, 5.58
6.98, 44.10, 6.32			11.82, 55.04, 4.66
7.44, 50.37, 6.77			12.41, 57.83, 4.66
8.11, 48.82, 6.02			11.71, 55.11, 4.71
8.25, 52.21, 6.33			12.77, 71.49, 5.60
7.64, 51.10, 6.69			12.98, 70.43, 5.43
8.27, 64.30, 7.77			11.19, 68.56, 6.13
7.59, 44.50, 5.86			12.68, 69.32, 5.47
8.44, 53.28, 6.31			11.65, 64.20, 5.51
8.03, 49.03, 6.11			11.81, 54.51, 4.62
7.36, 38.98, 5.29			12.87, 60.29, 4.68
7.90, 48.72, 6.17			12.51, 65.02, 5.20
7.92, 52.67, 6.65			12.32, 57.02, 4.63
7.84, 50.66, 6.46			12.02, 55.95, 4.65
7.30, 36.62, 5.02			12.45, 62.24, 5.00
6.98, 45.48, 6.51			12.21, 72.63, 5.95
8.49, 51.11, 6.02			11.62, 71.59, 6.16
7.14, 48.11, 6.74			11.89, 58.64, 4.93
7.66, 46.59, 6.08			11.17, 51.36, 4.60
7.83, 50.87, 6.50			11.74, 74.85, 6.38
6.83, 39.29, 5.76			11.70, 55.70, 4.76
7.31, 44.59, 6.10			12.57, 79.72, 6.34
7.98, 42.52, 5.33			13.23, 58.35, 4.41
8.04, 54.46, 6.78			12.34, 65.97, 5.35
8.73, 64.94, 7.44			11.29, 53.33, 4.72
9.60, 50.26, 5.24			13.05, 59.98, 4.60
9.22, 49.98, 5.42			12.42, 54.23, 4.37
8.48, 54.43, 6.42			12.31, 57.12, 4.64
8.65, 46.93, 5.43			11.87, 50.18, 4.23
8.67, 48.09, 5.54			11.63, 59.66, 5.13
8.66, 49.07, 5.66			11.26, 59.80, 5.31
9.50, 51.22, 5.39			11.55, 52.24, 4.52
8.20, 54.35, 6.62			10.68, 40.37, 3.78
8.22, 47.28, 5.75			11.90, 62.26, 5.23
8.27, 50.61, 6.12			12.42, 59.74, 4.81
7.97, 46.20, 5.79			11.85, 62.32, 5.26
8.37, 49.68, 5.94			12.94, 66.15, 5.11
8.67, 54.20, 6.25			12.46, 66.74, 5.35
8.49, 50.59, 5.96			11.83, 65.35, 5.52
8.38, 52.79, 6.30			12.48, 56.69, 4.54
8.22, 49.23, 5.99			12.63, 70.56, 5.59
8.09, 50.02, 6.18			12.38, 71.98, 5.82
9.12, 51.58, 5.66			12.59, 58.83, 4.67
9.18, 52.12, 5.68			12.08, 53.68, 4.44
9.23, 50.54, 5.47			12.37, 58.65, 4.74
7.69, 43.79, 5.69			12.02, 71.92, 5.99
9.07, 44.47, 4.90			12.23, 69.37, 5.67
8.62, 47.78, 5.54			11.46, 56.97, 4.97
8.12, 48.73, 6.00			11.91, 54.69, 4.59
8.93, 49.24, 5.51			11.94, 62.23, 5.21
8.46, 52.17, 6.17			11.45, 63.82, 5.57
8.47, 52.90, 6.24			12.78, 59.74, 4.67
8.10, 51.16, 6.32			12.47, 60.94, 4.89
8.51, 53.79, 6.32			12.63, 77.16, 6.11
7.74, 46.81, 6.05			12.60, 59.24, 4.70
9.09, 50.38, 5.54			12.63, 49.72, 3.94
9.10, 50.82, 5.58			12.65, 66.85, 5.29
8.48, 48.97, 5.77			13.08, 56.91, 4.35
9.22, 53.58, 5.81			12.26, 77.17, 6.29
8.13, 51.08, 6.28			12.73, 102.35, 8.04
8.46, 50.29, 5.94			11.50, 59.32, 5.16
8.59, 52.56, 6.12			12.93, 58.78, 4.54
8.67, 58.51, 6.75			12.58, 60.28, 4.79
7.94, 49.17, 6.19			10.93, 53.92, 4.93
9.22, 51.81, 5.62			11.92, 57.21, 4.80
8.07, 41.91, 5.20			12.20, 55.82, 4.58
8.53, 49.42, 5.80			11.95, 62.62, 5.24
8.59, 50.77, 5.91			11.75, 56.45, 4.80
8.98, 53.17, 5.92			11.99, 56.47, 4.71
8.73, 41.42, 4.75			11.47, 58.68, 5.12
8.95, 50.16, 5.60			12.59, 61.37, 4.87
9.03, 50.84, 5.63			11.89, 74.09, 6.23
8.99, 51.55, 5.74			11.77, 55.65, 4.73
8.12, 46.80, 5.76			11.70, 64.17, 5.49
9.09, 56.34, 6.20			12.90, 58.08, 4.50
9.35, 60.15, 6.43			12.16, 54.08, 4.45
8.24, 45.24, 5.49			11.76, 59.38, 5.05
8.95, 51.90, 5.80			11.96, 51.66, 4.32
8.90, 47.09, 5.29			12.33, 57.62, 4.67
8.14, 45.04, 5.54			12.61, 55.89, 4.43
8.71, 50.87, 5.84			11.57, 62.69, 5.42
7.89, 46.17, 5.85			12.75, 57.94, 4.55
7.93, 51.93, 6.55			12.35, 69.60, 5.63
7.88, 52.24, 6.63			10.96, 45.43, 4.15
8.71, 50.11, 5.75			12.20, 65.52, 5.37
7.55, 45.87, 6.08			12.60, 58.52, 4.65
8.45, 50.44, 5.97			11.95, 55.79, 4.67
8.76, 53.52, 6.11			11.55, 46.15, 4.00
8.35, 51.41, 6.16			12.22, 60.98, 4.99
8.63, 54.20, 6.28			12.58, 62.71, 4.99
9.12, 52.99, 5.81			11.73, 60.66, 5.17
8.58, 50.55, 5.89			12.02, 58.84, 4.90
8.59, 45.08, 5.25			12.35, 60.02, 4.86
8.46, 54.62, 6.46			12.26, 56.98, 4.65
9.18, 50.24, 5.47			11.67, 57.84, 4.96
9.28, 46.19, 4.98			11.70, 53.19, 4.55
9.19, 50.03, 5.45			11.81, 60.24, 5.10
8.73, 50.16, 5.74			10.97, 65.37, 5.96
7.97, 49.01, 6.15			12.99, 62.47, 4.81
8.55, 50.95, 5.96			11.62, 58.29, 5.01
9.31, 52.28, 5.61			11.52, 56.51, 4.91
8.43, 67.10, 7.96			12.46, 66.16, 5.31
9.43, 76.23, 8.09			12.57, 54.17, 4.31
8.32, 51.99, 6.25			12.07, 59.34, 4.92
8.46, 44.41, 5.25			12.00, 56.12, 4.68
8.82, 60.19, 6.82			12.64, 58.62, 4.64
7.40, 45.53, 6.15			11.87, 77.21, 6.50
8.31, 48.63, 5.85			12.60, 65.31, 5.18
7.99, 44.12, 5.52			12.76, 65.88, 5.16
7.95, 51.75, 6.51			11.89, 54.11, 4.55
7.92, 52.11, 6.58			13.42, 103.74, 7.73
8.09, 48.43, 5.99			11.18, 44.10, 3.94
8.59, 51.13, 5.95			12.41, 59.66, 4.81
7.89, 48.51, 6.14			12.07, 54.34, 4.50
7.60, 50.16, 6.60			12.16, 56.51, 4.65
7.88, 57.62, 7.31			12.69, 59.39, 4.68
8.53, 48.48, 5.68			11.72, 55.66, 4.75
7.54, 48.50, 6.44			12.35, 61.35, 4.97
7.85, 49.66, 6.33			12.50, 69.88, 5.59
7.81, 48.34, 6.19			12.16, 61.77, 5.08
8.09, 49.67, 6.14			11.73, 57.34, 4.89
7.47, 45.30, 6.07			11.60, 63.13, 5.44
7.18, 51.03, 7.11			11.25, 59.55, 5.29
7.12, 45.69, 6.42			11.48, 58.82, 5.12
8.25, 52.08, 6.32			11.35, 58.63, 5.17
7.46, 46.26, 6.20			10.88, 50.84, 4.67
8.72, 55.87, 6.41			11.04, 62.67, 5.68
7.84, 39.74, 5.07			11.35, 74.72, 6.59
8.21, 46.89, 5.71			11.12, 56.51, 5.08
8.88, 50.93, 5.74			11.71, 57.96, 4.95
7.87, 49.65, 6.31			11.67, 53.57, 4.59
8.67, 49.16, 5.67			11.36, 50.64, 4.46
8.51, 48.73, 5.73			11.31, 48.99, 4.33
8.16, 48.84, 5.99			11.08, 57.50, 5.19
7.53, 45.21, 6.00			11.84, 56.11, 4.74
8.28, 49.11, 5.93			11.86, 56.62, 4.77
7.85, 43.87, 5.59			11.85, 58.98, 4.98
8.03, 51.62, 6.43			11.60, 50.99, 4.40
7.94, 51.34, 6.47			11.92, 66.45, 5.58
7.77, 49.60, 6.39			11.08, 54.63, 4.93
7.97, 61.07, 7.66			10.68, 54.78, 5.13
7.34, 51.27, 6.98			11.33, 60.79, 5.37
7.61, 49.24, 6.47			11.36, 58.41, 5.14
6.78, 39.53, 5.83			11.64, 55.13, 4.74
6.68, 43.69, 6.54
7.44, 45.20, 6.08
6.86, 46.63, 6.80
7.76, 49.51, 6.38
7.61, 48.98, 6.44
7.17, 54.98, 7.67
7.08, 50.77, 7.17
8.19, 43.91, 5.36
7.42, 49.69, 6.69
6.55, 61.98, 9.46
7.15, 52.46, 7.34
7.17, 47.34, 6.60
7.12, 48.59, 6.83
6.47, 47.38, 7.32
7.81, 49.89, 6.39
7.32, 45.96, 6.28
8.25, 56.43, 6.84
7.24, 46.27, 6.39
7.75, 50.47, 6.51
8.14, 49.24, 6.05
7.84, 48.27, 6.16
7.44, 47.08, 6.33
7.74, 50.24, 6.49
7.54, 44.37, 5.88
6.61, 51.94, 7.86
8.18, 51.88, 6.34
7.59, 48.98, 6.45
6.85, 45.05, 6.58
7.50, 49.49, 6.60
5.85, 47.39, 8.10
8.08, 47.02, 5.82
7.48, 41.71, 5.58
7.74, 49.88, 6.44
7.99, 53.89, 6.74
8.45, 58.59, 6.93
7.80, 55.45, 7.11
7.98, 44.17, 5.54
7.24, 46.72, 6.45
7.00, 47.57, 6.80
7.30, 51.42, 7.04
7.35, 45.51, 6.19
7.74, 55.11, 7.12
7.11, 44.70, 6.29
7.74, 47.75, 6.17
7.55, 48.11, 6.37
7.57, 47.24, 6.24
7.66, 48.03, 6.27
6.87, 47.74, 6.95
8.45, 51.38, 6.08
7.79, 37.81, 4.86
7.27, 42.92, 5.90
8.48, 48.71, 5.75
7.53, 49.08, 6.52
9.18, 63.06, 6.87
9.58, 127.80, 13.34
7.50, 47.72, 6.37
8.51, 49.09, 5.77
7.36, 45.82, 6.22
6.87, 50.30, 7.32
8.33, 49.47, 5.94

SET 5 - Just before the set 3 of charger
9.67, 47.27, 4.89
9.53, 51.30, 5.38
9.45, 65.86, 6.97
9.56, 54.42, 5.69
10.31, 60.16, 5.84
9.67, 55.60, 5.75
9.35, 56.28, 6.02
10.24, 54.57, 5.33
10.54, 56.08, 5.32
9.10, 42.74, 4.70
9.24, 55.32, 5.99
9.80, 57.61, 5.88
9.37, 53.06, 5.66
9.98, 54.36, 5.44
10.07, 54.60, 5.42
9.62, 48.72, 5.06
9.10, 52.33, 5.75
9.94, 55.51, 5.58
9.04, 54.15, 5.99
10.21, 55.33, 5.42
8.99, 51.21, 5.70
10.33, 57.22, 5.54
9.84, 56.40, 5.73
9.32, 54.89, 5.89
9.50, 45.01, 4.74
9.23, 58.69, 6.36
10.05, 53.32, 5.31
9.32, 50.73, 5.44
9.83, 53.23, 5.42
8.85, 52.19, 5.90
9.07, 58.39, 6.44
9.46, 73.58, 7.77
8.86, 48.12, 5.43
9.85, 54.17, 5.50
9.54, 55.81, 5.85
8.64, 51.59, 5.97
10.55, 56.07, 5.32
10.23, 57.94, 5.66
9.97, 52.56, 5.27
10.36, 57.93, 5.59
9.32, 55.71, 5.97
9.13, 55.59, 6.09
9.86, 62.90, 6.38
9.49, 56.14, 5.92
9.24, 57.63, 6.24
9.62, 54.87, 5.70
9.72, 52.12, 5.36
9.45, 53.41, 5.65
9.67, 56.05, 5.80
10.01, 57.01, 5.70
9.44, 51.23, 5.43
9.50, 50.97, 5.36
9.03, 54.57, 6.04
9.70, 56.23, 5.80
9.33, 59.37, 6.37
10.51, 55.05, 5.24
9.64, 52.22, 5.42
9.31, 47.04, 5.05
8.55, 42.41, 4.96
9.37, 52.39, 5.59
9.94, 57.68, 5.80
9.31, 55.13, 5.92
9.22, 54.61, 5.93
9.72, 54.87, 5.65
9.65, 55.54, 5.75
9.84, 53.38, 5.43
9.59, 61.57, 6.42
9.41, 54.72, 5.82
10.09, 55.25, 5.47
10.26, 53.69, 5.23
9.44, 53.61, 5.68
9.13, 54.04, 5.92
8.93, 52.91, 5.92
9.10, 62.73, 6.89
9.49, 57.32, 6.04
9.15, 59.10, 6.46
10.29, 57.53, 5.59
9.36, 55.16, 5.90
10.76, 55.42, 5.15
9.59, 55.97, 5.83
9.22, 55.11, 5.98
10.01, 55.32, 5.53
9.65, 55.42, 5.74
10.34, 53.72, 5.20
9.95, 56.44, 5.67
10.16, 61.46, 6.05
10.78, 58.78, 5.45
9.76, 51.63, 5.29
9.83, 55.88, 5.68
9.44, 54.42, 5.76
9.55, 57.83, 6.06
9.38, 57.68, 6.15
10.04, 52.17, 5.20
9.85, 55.67, 5.65
9.43, 53.83, 5.71
9.91, 52.29, 5.28
9.19, 54.65, 5.95
9.99, 57.27, 5.73
9.26, 55.28, 5.97
9.86, 53.51, 5.43
10.08, 56.69, 5.63
10.21, 55.43, 5.43
9.81, 54.62, 5.57
10.31, 54.10, 5.25
9.49, 70.95, 7.48
8.81, 53.07, 6.02
8.74, 51.25, 5.87
8.74, 51.57, 5.90
9.28, 50.87, 5.48
8.37, 48.23, 5.76
9.86, 53.86, 5.46
9.34, 55.34, 5.92
8.78, 54.64, 6.23
9.06, 52.59, 5.81
9.58, 68.10, 7.11
7.98, 43.08, 5.40
8.47, 51.69, 6.11
8.19, 51.45, 6.29
8.86, 51.32, 5.79
8.32, 47.45, 5.70
8.37, 47.97, 5.73
9.46, 55.14, 5.83
8.19, 44.61, 5.45
8.72, 50.58, 5.80
8.50, 50.43, 5.93
9.40, 49.27, 5.24
8.95, 53.61, 5.99
9.31, 52.01, 5.59
8.82, 54.51, 6.18
9.21, 53.99, 5.86
8.90, 51.46, 5.78
9.25, 51.05, 5.52
9.22, 47.96, 5.20
9.56, 54.51, 5.70
8.91, 53.82, 6.04
7.94, 51.48, 6.48
8.57, 47.52, 5.55
8.61, 49.74, 5.77
8.43, 55.76, 6.62
8.12, 70.09, 8.63
9.31, 55.28, 5.94
7.75, 47.92, 6.18
8.62, 52.91, 6.14
9.25, 48.87, 5.29
9.12, 51.16, 5.61
8.71, 45.05, 5.17
8.58, 49.45, 5.76
9.33, 47.68, 5.11
9.71, 54.66, 5.63
8.37, 40.48, 4.84
8.33, 43.41, 5.21
7.89, 48.95, 6.21
7.88, 56.94, 7.23
7.97, 47.14, 5.91
7.26, 45.07, 6.21
8.08, 50.10, 6.20
8.09, 51.14, 6.32
8.83, 45.30, 5.13
8.13, 52.33, 6.43
9.28, 52.48, 5.65
8.15, 54.69, 6.71
8.71, 55.12, 6.33
8.53, 53.97, 6.33
8.17, 43.98, 5.39
8.67, 47.82, 5.52
8.09, 51.45, 6.36
8.53, 46.95, 5.50
8.62, 48.32, 5.60
8.33, 48.32, 5.80

SET 6 - after the set 3 of charger
8.85, 46.18, 5.22
8.90, 45.65, 5.13
8.69, 52.55, 6.05
9.01, 48.81, 5.42
9.22, 63.55, 6.89
8.69, 47.12, 5.42
8.84, 54.57, 6.17
8.41, 51.92, 6.17
9.42, 59.16, 6.28
9.99, 53.21, 5.33
9.42, 54.29, 5.76
9.52, 52.39, 5.51
8.83, 50.78, 5.75
8.55, 48.63, 5.69
9.17, 54.59, 5.95
9.92, 53.74, 5.42
9.22, 65.48, 7.10
9.40, 51.23, 5.45
8.87, 69.33, 7.81
9.89, 50.38, 5.09
8.94, 57.28, 6.41
9.31, 57.02, 6.12
9.41, 75.82, 8.06
9.45, 53.85, 5.70
9.63, 57.07, 5.92
8.64, 57.90, 6.70
10.55, 62.58, 5.93
9.74, 56.87, 5.84
10.02, 54.18, 5.41
9.74, 52.83, 5.42
9.46, 49.74, 5.26
9.16, 53.52, 5.84
9.21, 53.08, 5.76
8.72, 53.51, 6.14
8.86, 50.45, 5.69
10.00, 53.56, 5.35
9.62, 51.77, 5.38
9.15, 52.24, 5.71
10.19, 54.58, 5.35
9.36, 57.94, 6.19
9.15, 56.56, 6.18
9.76, 59.48, 6.10
9.14, 58.70, 6.42
9.09, 60.69, 6.68
9.16, 52.32, 5.71
10.07, 53.01, 5.26
9.08, 59.38, 6.54
9.75, 53.96, 5.54
9.27, 49.17, 5.31
9.97, 56.73, 5.69
9.95, 51.86, 5.21
9.61, 56.39, 5.87
9.15, 70.23, 7.67
9.31, 57.09, 6.13
10.09, 55.71, 5.52
9.07, 52.32, 5.77
9.99, 64.16, 6.42
9.01, 50.62, 5.62
9.05, 46.85, 5.18
9.36, 55.30, 5.91
9.47, 49.97, 5.28
8.42, 43.51, 5.17
9.39, 57.39, 6.11
9.42, 52.28, 5.55
9.33, 53.60, 5.74
8.91, 51.80, 5.81
9.99, 58.08, 5.82
10.20, 53.86, 5.28
9.50, 64.86, 6.83
9.64, 51.17, 5.31
8.77, 42.13, 4.80
9.81, 57.67, 5.88
9.50, 47.54, 5.01
10.63, 60.63, 5.70
8.90, 50.45, 5.67
9.43, 48.85, 5.18
9.58, 56.83, 5.93
9.25, 52.83, 5.71
9.74, 56.90, 5.84
10.17, 57.50, 5.65
9.11, 50.06, 5.50
8.76, 51.14, 5.84
8.92, 47.68, 5.35
8.77, 46.93, 5.35
8.22, 44.62, 5.43

SET 7 - after set 2 of light
14.14, 69.29, 4.90
10.29, 52.80, 5.13
11.35, 63.10, 5.56
12.13, 56.60, 4.67
11.36, 56.02, 4.93
10.81, 56.61, 5.24
11.04, 77.32, 7.00
11.76, 57.66, 4.90
10.84, 58.64, 5.41
11.57, 58.50, 5.06
11.52, 58.93, 5.11
10.68, 61.93, 5.80
12.55, 60.63, 4.83
11.47, 66.38, 5.79
12.24, 65.13, 5.32
12.47, 66.85, 5.36
11.35, 64.10, 5.65
12.08, 57.93, 4.79
12.05, 62.13, 5.16
11.87, 58.76, 4.95
11.51, 65.89, 5.72
11.01, 59.55, 5.41
11.84, 56.19, 4.75
11.02, 57.77, 5.24
12.71, 62.96, 4.95
11.48, 58.99, 5.14
12.04, 69.21, 5.75
11.89, 60.84, 5.12
11.31, 68.14, 6.02
10.77, 52.70, 4.89
12.66, 63.46, 5.01
10.35, 59.12, 5.71
12.14, 57.56, 4.74
11.67, 57.01, 4.89
11.60, 62.83, 5.41
11.39, 60.04, 5.27
12.78, 62.02, 4.85
11.97, 62.31, 5.20
12.57, 69.72, 5.55
12.90, 61.14, 4.74
12.39, 64.90, 5.24
11.69, 62.63, 5.36
11.59, 57.90, 4.99
10.89, 55.56, 5.10
11.99, 59.58, 4.97
11.27, 58.04, 5.15
10.97, 56.32, 5.13
11.97, 63.39, 5.30
12.14, 63.32, 5.21
12.43, 56.93, 4.58
12.72, 61.33, 4.82
12.71, 61.84, 4.87
11.50, 65.67, 5.71
12.13, 73.46, 6.06
12.24, 64.61, 5.28
11.45, 62.32, 5.44
11.71, 60.50, 5.17
11.94, 60.29, 5.05
11.66, 57.49, 4.93
11.90, 64.51, 5.42
12.35, 58.94, 4.77
11.86, 57.89, 4.88
12.63, 63.10, 5.00
12.45, 60.12, 4.83
12.09, 66.88, 5.53
11.99, 62.89, 5.24
11.36, 58.52, 5.15
12.05, 68.43, 5.68
11.92, 60.16, 5.05
11.62, 81.87, 7.04
12.45, 62.43, 5.02
12.95, 62.80, 4.85
12.95, 59.53, 4.60
12.22, 64.62, 5.29
12.19, 59.29, 4.86
11.95, 66.62, 5.58
11.36, 52.41, 4.61
12.10, 59.98, 4.96
10.59, 58.83, 5.55
11.88, 56.35, 4.75
10.97, 63.47, 5.79
11.46, 59.12, 5.16
10.91, 62.22, 5.70
11.47, 60.59, 5.28
10.74, 55.92, 5.21
11.71, 61.19, 5.23
11.70, 59.07, 5.05
10.30, 49.84, 4.84
11.25, 55.81, 4.96
11.16, 57.38, 5.14
11.08, 58.68, 5.30
11.55, 62.40, 5.40
11.10, 57.00, 5.14
10.06, 54.83, 5.45
10.66, 54.99, 5.16
11.35, 58.23, 5.13
11.36, 57.79, 5.09
11.01, 52.57, 4.78
11.09, 62.75, 5.66
10.45, 57.39, 5.49
10.73, 59.45, 5.54
11.32, 58.06, 5.13
10.21, 60.36, 5.91
10.64, 53.95, 5.07
9.69, 59.56, 6.15
10.91, 60.79, 5.57
11.01, 58.32, 5.30
9.85, 55.87, 5.67
10.93, 57.17, 5.23
10.56, 55.65, 5.27
10.88, 59.55, 5.47
10.92, 57.84, 5.29
12.24, 65.35, 5.34
10.55, 63.17, 5.99
10.95, 59.39, 5.42
10.28, 58.16, 5.65
9.78, 57.17, 5.85
10.05, 53.93, 5.37
9.67, 55.56, 5.74
10.03, 54.67, 5.45
10.46, 58.49, 5.59
10.53, 53.09, 5.04
9.76, 51.21, 5.25
11.14, 58.79, 5.28
11.00, 56.14, 5.10
9.61, 57.39, 5.97
9.40, 57.30, 6.09
9.03, 57.95, 6.42
10.40, 57.88, 5.57
10.54, 46.45, 4.41
11.28, 61.10, 5.42
11.36, 61.91, 5.45
10.89, 60.27, 5.53
10.05, 54.43, 5.42
11.24, 60.38, 5.37
10.77, 57.91, 5.38
9.70, 48.60, 5.01
10.56, 69.36, 6.57
10.92, 58.76, 5.38
10.14, 60.79, 6.00
11.39, 62.24, 5.47
10.06, 56.26, 5.59
10.44, 70.49, 6.75
11.45, 66.95, 5.85
10.85, 56.49, 5.21
11.32, 58.37, 5.16
11.32, 56.28, 4.97
10.12, 52.55, 5.19
9.56, 66.92, 7.00

SET 8- After SET 7 of no load,
This happens after I remove the bulb and charger connected
NOTE: ITS still off
9.83, 56.99, 5.80
9.87, 57.50, 5.83
10.40, 61.45, 5.91
10.72, 58.78, 5.48
11.36, 59.84, 5.27
10.33, 56.61, 5.48
11.03, 60.90, 5.52
10.88, 57.33, 5.27
10.10, 61.86, 6.12
11.13, 58.55, 5.26
10.71, 53.30, 4.98
10.54, 59.11, 5.61
9.66, 54.62, 5.65
9.85, 56.54, 5.74
9.03, 50.23, 5.56
9.76, 50.82, 5.21
9.33, 51.31, 5.50
9.13, 52.44, 5.74
9.39, 47.16, 5.02
9.58, 53.05, 5.54
8.99, 48.22, 5.36
9.30, 52.79, 5.67
8.62, 75.20, 8.72
9.32, 76.47, 8.21
9.07, 55.94, 6.17
9.89, 56.56, 5.72
8.64, 43.00, 4.98
9.70, 64.07, 6.61
8.99, 54.09, 6.02
10.13, 49.54, 4.89
8.68, 49.51, 5.70
8.22, 48.54, 5.91
9.28, 49.03, 5.28
8.52, 48.69, 5.72
9.03, 52.45, 5.81
9.06, 56.31, 6.21
7.89, 49.60, 6.29
8.71, 44.40, 5.10
8.82, 54.67, 6.20
8.43, 48.84, 5.79
9.56, 48.62, 5.08
8.43, 46.19, 5.48
8.42, 46.79, 5.56
9.63, 51.09, 5.30
8.44, 43.85, 5.19
8.03, 53.54, 6.67
10.32, 48.69, 4.72
8.63, 47.36, 5.49
8.32, 47.20, 5.68
8.85, 50.06, 5.66
9.13, 52.24, 5.72
9.08, 55.48, 6.11
8.69, 47.42, 5.45
8.43, 47.56, 5.64
9.12, 58.81, 6.45
8.96, 67.75, 7.56
8.02, 55.47, 6.92
9.18, 54.45, 5.93
8.13, 48.82, 6.01
8.06, 49.59, 6.15
9.11, 50.76, 5.57
8.81, 51.96, 5.90
9.36, 57.74, 6.17
8.70, 44.14, 5.08
7.88, 38.59, 4.90
8.64, 50.64, 5.86
8.61, 48.48, 5.63
7.87, 51.99, 6.60
8.89, 52.65, 5.92
8.62, 47.09, 5.46
7.95, 51.32, 6.46
8.88, 47.92, 5.39
8.46, 45.96, 5.44
9.23, 67.47, 7.31
9.55, 52.46, 5.49
8.07, 53.34, 6.61
8.79, 46.91, 5.34
7.83, 52.38, 6.69
8.99, 49.68, 5.53
8.55, 48.18, 5.64
7.93, 47.26, 5.96
8.98, 57.77, 6.43
8.56, 51.40, 6.01
8.23, 41.54, 5.05
9.22, 50.08, 5.43
9.35, 55.40, 5.93
8.48, 50.46, 5.95
8.52, 53.54, 6.28
7.41, 45.72, 6.17
9.03, 48.17, 5.34
8.84, 49.93, 5.65
8.50, 46.62, 5.48
7.81, 45.08, 5.77
7.95, 54.09, 6.81
8.17, 51.90, 6.35
8.32, 51.98, 6.25
8.06, 62.38, 7.74
8.70, 45.20, 5.19
8.64, 66.16, 7.66
8.86, 51.02, 5.76
8.81, 52.76, 5.99
8.11, 50.36, 6.21
8.20, 47.93, 5.85
8.47, 52.27, 6.17
9.03, 58.21, 6.45
8.42, 47.63, 5.66
7.67, 44.84, 5.84
8.51, 54.14, 6.36
8.00, 53.98, 6.75
8.22, 47.07, 5.73
8.09, 49.72, 6.14
8.44, 46.59, 5.52
8.04, 60.84, 7.57
8.48, 51.22, 6.04
9.34, 50.87, 5.45
8.02, 45.54, 5.68
7.93, 46.54, 5.87
7.54, 46.77, 6.20
7.79, 48.15, 6.18
7.49, 42.69, 5.70
7.80, 43.23, 5.55
9.23, 53.53, 5.80
9.05, 63.10, 6.97
9.21, 57.07, 6.19
8.00, 46.76, 5.85
8.06, 52.58, 6.52
8.01, 58.87, 7.35
8.58, 53.10, 6.19
7.88, 47.85, 6.07
7.81, 46.14, 5.91
7.96, 46.79, 5.88
7.90, 47.40, 6.00
7.89, 46.34, 5.87
8.25, 45.75, 5.55
7.98, 52.64, 6.60
8.69, 49.08, 5.64
8.19, 44.12, 5.39
8.87, 50.12, 5.65
8.26, 43.08, 5.22
8.11, 49.74, 6.14
9.03, 52.93, 5.86
8.66, 53.62, 6.19
7.91, 55.80, 7.05
8.79, 46.52, 5.29
8.66, 51.73, 5.97
8.15, 44.64, 5.48
8.93, 54.64, 6.12
8.20, 48.36, 5.90
8.84, 47.87, 5.41
8.92, 56.93, 6.38
7.66, 37.44, 4.89
8.67, 49.07, 5.66
7.99, 47.90, 6.00
8.88, 50.10, 5.64
10.23, 51.51, 5.04
7.43, 44.49, 5.99
8.91, 48.34, 5.42
8.02, 40.95, 5.10
7.91, 43.67, 5.52
8.58, 49.28, 5.75
8.32, 47.14, 5.67
8.40, 52.53, 6.25
8.67, 51.89, 5.99
8.27, 51.33, 6.21
9.01, 44.15, 4.90
7.97, 42.07, 5.28
8.57, 48.73, 5.69
8.88, 49.44, 5.57

SET 9- after set 4 of charger
11.30, 51.02, 4.52
12.03, 62.23, 5.17
10.96, 59.23, 5.41
9.11, 56.80, 6.23
9.25, 49.38, 5.34
9.21, 53.40, 5.80
9.01, 52.17, 5.79
8.73, 45.99, 5.27
8.90, 51.17, 5.75
8.97, 48.32, 5.39
9.19, 56.82, 6.18
10.75, 54.69, 5.09
9.48, 52.39, 5.52
9.17, 52.32, 5.71
9.13, 55.94, 6.13
9.11, 50.99, 5.60
10.46, 52.55, 5.02
9.02, 49.71, 5.51
9.05, 46.84, 5.18
9.68, 56.89, 5.87
10.15, 68.39, 6.74
9.30, 51.38, 5.53
9.10, 51.25, 5.63
9.93, 55.70, 5.61
9.21, 58.99, 6.41
9.57, 56.97, 5.96
9.24, 55.65, 6.02
9.03, 51.62, 5.72
9.91, 67.29, 6.79
8.90, 54.74, 6.15
9.20, 56.98, 6.19
8.94, 53.01, 5.93
8.88, 50.95, 5.74
9.78, 51.65, 5.28
9.49, 50.79, 5.35
8.65, 39.65, 4.58
8.87, 55.05, 6.20
9.22, 55.40, 6.01
9.56, 55.78, 5.84
9.21, 53.21, 5.78
9.14, 56.72, 6.21
9.37, 52.03, 5.55
9.76, 49.80, 5.10
9.43, 55.38, 5.87
10.65, 65.77, 6.18
9.31, 51.13, 5.49
9.00, 54.25, 6.03
10.09, 56.15, 5.57
8.26, 47.30, 5.73
9.74, 56.78, 5.83
10.56, 57.77, 5.47
9.35, 51.16, 5.47
10.01, 50.39, 5.03
9.76, 55.36, 5.67
8.68, 55.08, 6.34
9.70, 52.05, 5.37
9.00, 57.43, 6.38
9.02, 67.84, 7.52
8.98, 50.07, 5.57
9.69, 54.66, 5.64
9.43, 53.04, 5.63
8.66, 55.20, 6.38
9.43, 56.71, 6.01
9.45, 57.82, 6.12
9.21, 52.05, 5.65
9.05, 59.15, 6.54
9.55, 51.79, 5.42
8.41, 46.21, 5.50
9.31, 52.49, 5.64
8.81, 54.26, 6.16
9.46, 57.96, 6.12
9.09, 49.67, 5.46
9.27, 55.06, 5.94
9.02, 51.38, 5.70
9.52, 48.16, 5.06
9.22, 54.52, 5.91
8.68, 47.85, 5.51
9.99, 50.15, 5.02
8.77, 55.12, 6.28
9.68, 53.33, 5.51
8.92, 51.09, 5.73
8.46, 41.58, 4.91
9.58, 53.08, 5.54
9.24, 56.19, 6.08
9.60, 56.52, 5.89
9.99, 74.04, 7.41
9.09, 53.12, 5.85
9.15, 52.66, 5.75
9.91, 57.51, 5.80
8.75, 48.53, 5.54
10.13, 52.50, 5.18
9.09, 52.09, 5.73
10.04, 53.36, 5.31
9.46, 51.95, 5.49
9.67, 54.99, 5.68
8.42, 48.88, 5.81
9.67, 55.83, 5.77
8.34, 54.06, 6.48
9.90, 46.96, 4.74
9.22, 55.18, 5.99
9.24, 53.62, 5.80
9.70, 54.15, 5.58
9.06, 50.42, 5.57
9.75, 58.46, 5.99
9.92, 54.30, 5.47
8.84, 52.56, 5.94
9.67, 52.90, 5.47
9.45, 59.16, 6.26
8.37, 57.82, 6.91
8.53, 45.20, 5.30
9.00, 54.55, 6.06
9.89, 56.83, 5.75
9.62, 54.49, 5.67
8.82, 52.89, 6.00
9.77, 49.90, 5.11
9.15, 48.78, 5.33
8.66, 59.81, 6.90
8.14, 44.69, 5.49
7.94, 45.60, 5.74
8.20, 49.64, 6.06
8.44, 50.94, 6.04

SET 10- After set 9 of no load
This happens when I remove the charger and add the bulb
But still no power given
8.55, 55.02, 6.44
9.19, 52.38, 5.70
9.90, 65.46, 6.61
8.57, 41.38, 4.83
10.97, 55.06, 5.02
11.22, 61.85, 5.51
10.60, 57.94, 5.47
12.74, 59.58, 4.68
10.37, 54.29, 5.23
10.95, 57.23, 5.23
11.41, 61.04, 5.35
10.66, 55.55, 5.21
10.65, 56.70, 5.32
11.00, 55.12, 5.01
10.39, 58.74, 5.65
11.49, 57.26, 4.98
10.67, 56.24, 5.27
10.68, 55.33, 5.18
11.49, 60.58, 5.27
10.98, 57.12, 5.20
10.94, 55.70, 5.09
10.99, 60.73, 5.53
10.30, 56.69, 5.50
9.73, 53.49, 5.50
10.51, 60.57, 5.76
8.94, 45.19, 5.05
10.58, 57.88, 5.47
10.27, 60.76, 5.92
9.82, 53.29, 5.43
10.72, 54.94, 5.13
9.58, 50.35, 5.25
10.14, 53.46, 5.27
10.07, 57.88, 5.74
9.29, 55.18, 5.94
10.17, 55.72, 5.48
10.34, 54.06, 5.23
9.72, 55.60, 5.72
11.07, 54.22, 4.90
10.32, 55.27, 5.35
10.11, 53.58, 5.30
10.56, 60.05, 5.69
9.56, 56.55, 5.92
10.34, 58.31, 5.64
10.05, 50.65, 5.04
10.41, 58.55, 5.62
10.17, 51.37, 5.05
10.48, 52.26, 4.98
10.52, 63.01, 5.99
11.60, 57.33, 4.94
10.23, 53.72, 5.25
10.19, 56.43, 5.54
9.87, 49.63, 5.03
10.57, 59.64, 5.64
10.66, 53.56, 5.03
10.43, 51.49, 4.94
9.55, 55.33, 5.80
9.10, 51.05, 5.61
10.02, 58.84, 5.87
10.19, 58.60, 5.75
10.73, 59.03, 5.50
9.88, 58.15, 5.89
8.86, 39.35, 4.44
10.97, 52.33, 4.77
10.04, 52.29, 5.21
10.28, 53.88, 5.24
10.68, 67.76, 6.35
10.38, 56.76, 5.47
11.11, 74.10, 6.67
11.00, 60.66, 5.52
10.35, 51.09, 4.93
10.66, 62.76, 5.89
10.36, 60.90, 5.88
11.03, 59.25, 5.37
10.12, 50.81, 5.02
9.91, 50.19, 5.07
10.45, 79.76, 7.63
10.49, 52.01, 4.96
9.81, 53.53, 5.46
10.13, 55.19, 5.45
10.27, 54.85, 5.34
10.00, 45.78, 4.58
10.15, 57.62, 5.68
9.61, 48.23, 5.02
9.66, 49.75, 5.15
9.97, 54.09, 5.42
10.04, 55.04, 5.48
10.16, 56.08, 5.52
9.91, 57.11, 5.76
9.96, 52.57, 5.28
9.08, 57.32, 6.31
9.53, 48.33, 5.07
9.85, 59.42, 6.03
11.21, 59.93, 5.35
10.02, 62.16, 6.20
10.40, 63.24, 6.08
10.07, 55.52, 5.51
10.31, 59.09, 5.73
9.84, 54.98, 5.59
9.63, 76.24, 7.92
10.36, 54.23, 5.23
10.09, 65.22, 6.46
10.43, 49.61, 4.76
10.76, 48.10, 4.47
10.35, 62.10, 6.00
10.95, 68.28, 6.23
9.98, 48.84, 4.89
10.69, 57.48, 5.38
11.10, 62.48, 5.63
9.17, 50.21, 5.47
10.94, 60.94, 5.57
10.98, 56.51, 5.15
9.62, 50.53, 5.25
10.55, 56.46, 5.35
8.91, 53.61, 6.02
10.40, 59.23, 5.70
10.03, 56.11, 5.60
10.36, 48.73, 4.70
10.40, 55.48, 5.34
10.04, 52.26, 5.21
9.66, 58.67, 6.07
9.51, 51.01, 5.37
11.29, 72.76, 6.44
9.61, 55.03, 5.73
9.73, 49.08, 5.05
10.67, 59.28, 5.56
10.67, 61.21, 5.73
9.32, 54.88, 5.89
9.56, 55.21, 5.78
9.11, 48.69, 5.35
9.62, 58.54, 6.08
10.35, 54.83, 5.30
9.91, 59.21, 5.97
11.65, 58.51, 5.02
10.07, 58.05, 5.76
9.99, 52.48, 5.25
10.50, 58.25, 5.55
9.96, 52.33, 5.25
10.10, 58.10, 5.75
11.04, 55.67, 5.04
10.37, 55.26, 5.33
10.76, 56.48, 5.25
9.53, 57.15, 6.00
10.02, 57.64, 5.75
10.49, 53.44, 5.09
9.84, 62.26, 6.32
10.36, 62.70, 6.05
10.71, 51.35, 4.80
11.07, 65.13, 5.88
9.99, 52.05, 5.21
10.04, 55.65, 5.54
10.00, 55.31, 5.53
10.69, 61.77, 5.78
10.26, 56.43, 5.50
11.00, 59.58, 5.42
10.57, 58.65, 5.55
10.40, 58.84, 5.66
11.42, 77.76, 6.81
10.27, 56.04, 5.46
11.33, 59.85, 5.28
10.79, 55.33, 5.13
